timestamp,x,y,z
0.00720,0.041316,0.019748,-0.033546
0.02210,0.046439,0.020343,-0.034916
0.03620,0.044374,0.014214,-0.038782
0.04330,0.042697,0.006915,-0.045062
0.05760,0.053073,0.012518,-0.050761
0.06240,0.052505,0.001914,-0.038422
0.07630,0.050823,0.002675,-0.040577
0.08490,0.048593,0.001607,-0.041478
0.09310,0.047823,-0.002642,-0.051010
0.10410,0.051698,-0.002596,-0.051497
0.11780,0.048327,-0.002778,-0.045919
0.12610,0.043542,-0.005597,-0.052954
0.13450,0.047396,-0.013163,-0.042578
0.14250,0.048573,-0.008899,-0.049160
0.15470,0.044080,-0.010243,0.107663
0.16670,0.043059,-0.014223,0.083670
0.17490,0.039722,-0.017130,-0.032219
0.18310,0.038976,-0.019181,-0.106949
0.19940,0.033920,-0.021145,-0.080515
0.20680,0.030296,-0.026552,-0.038956
0.21500,0.026368,-0.026360,-0.020908
0.22210,0.026994,-0.023654,-0.040981
0.23900,0.018587,-0.025267,-0.062431
0.24890,0.015934,-0.031366,-0.067167
0.25510,0.014573,-0.023992,-0.056810
0.26480,0.007361,-0.032739,-0.051921
0.27300,0.011523,-0.030989,-0.064575
0.28860,0.004581,-0.030726,-0.051413
0.29750,0.000155,-0.026628,-0.056727
0.30470,-0.002147,-0.034687,-0.064297
0.31360,-0.009788,-0.031038,-0.055415
0.32970,-0.018678,-0.025729,-0.060441
0.33780,-0.015326,-0.027935,-0.057490
0.34520,-0.024617,-0.027433,-0.053199
0.35480,-0.023636,-0.027516,-0.061226
0.37150,-0.030980,-0.022255,-0.060591
0.37780,-0.029557,-0.020833,-0.062329
0.38520,-0.030304,-0.026212,-0.056424
0.39480,-0.035567,-0.024556,-0.068208
0.40500,-0.039412,-0.016117,-0.058883
0.42160,-0.039499,-0.010854,-0.064860
0.43540,-0.043593,-0.016175,-0.076812
0.44280,-0.048989,-0.010453,-0.064217
0.45680,-0.044210,-0.008434,-0.069624
0.46710,-0.049434,-0.005862,-0.073805
0.47460,-0.047601,-0.008946,-0.064267
0.48290,-0.052513,-0.000572,-0.065351
0.49280,-0.048500,-0.003236,-0.073062
0.50490,-0.053471,0.004902,-0.077701
0.51490,-0.054019,0.007723,-0.061472
0.53100,-0.045670,0.011725,-0.063887
0.53730,-0.043548,0.013299,-0.076687
0.54350,-0.043409,0.012994,-0.065079
0.55410,-0.042520,0.017464,-0.066740
0.56500,-0.042198,0.013934,-0.081629
0.57470,-0.041574,0.016069,-0.066781
0.58820,-0.032105,0.024185,-0.074497
0.59870,-0.029177,0.019714,-0.073476
0.60400,-0.032103,0.019748,-0.066436
0.61490,-0.032796,0.021379,-0.068889
0.62320,-0.023068,0.022288,-0.072674
0.63520,-0.020908,0.030334,-0.069728
0.64740,-0.014926,0.030200,-0.080015
0.65370,-0.014775,0.026804,-0.069248
0.66320,-0.008238,0.030788,-0.085277
0.67220,-0.003865,0.031501,-0.073683
0.68820,0.000941,0.031630,-0.075477
0.69520,-0.000536,0.031939,0.087074
0.70430,0.002370,0.025792,0.245365
0.72140,0.015106,0.031321,-0.201242
0.72220,0.007651,0.026038,-0.212945
0.73800,0.019805,0.030674,-0.111024
0.74470,0.015432,0.024347,-0.016141
0.75420,0.025774,0.029649,-0.008988
0.76260,0.028709,0.021617,-0.062822
0.77750,0.027985,0.027060,-0.118257
0.78610,0.033636,0.025201,-0.078690
0.79380,0.036135,0.018186,-0.085021
0.80370,0.040941,0.022829,-0.073645
0.81800,0.037592,0.013810,-0.081016
0.82640,0.040905,0.014413,-0.081429
0.83500,0.041519,0.012061,-0.081528
0.85130,0.051765,0.013577,-0.081747
0.85380,0.048710,0.005682,-0.075366
0.86700,0.052862,0.008674,-0.076175
0.87490,0.047779,0.005566,-0.074299
0.88450,0.052996,0.005528,-0.088615
0.89930,0.051939,-0.000949,-0.075837
0.90470,0.048822,0.001054,-0.085479
0.91530,0.048507,-0.009091,-0.075694
0.92230,0.051065,-0.010608,-0.088402
0.93700,0.050715,-0.012925,-0.080955
0.94660,0.044954,-0.015863,-0.077091
0.95520,0.040280,-0.017950,0.090600
0.96360,0.039839,-0.017476,0.090925
0.99010,0.032206,-0.023485,-0.153187
0.99870,0.031078,-0.026260,-0.103390
1.00660,0.028760,-0.020945,-0.070161
1.01360,0.026735,-0.027257,-0.041289
1.02360,0.026843,-0.026447,-0.065314
1.03480,0.026553,-0.031551,-0.082008
1.04870,0.019333,-0.029474,-0.087479
1.05530,0.009214,-0.031988,-0.086512
1.06480,0.015112,-0.028683,-0.072315
1.07220,0.005498,-0.032132,-0.082606
1.08750,-0.000977,-0.030384,-0.078383
1.09710,-0.005125,-0.027360,-0.075345
1.10590,-0.009723,-0.029763,-0.076224
1.11400,-0.004253,-0.027952,-0.069083
1.12240,-0.014737,-0.024877,-0.074448
1.13910,-0.013301,-0.024543,-0.075300
1.14750,-0.024945,-0.028722,-0.069023
1.15590,-0.021175,-0.027950,-0.081288
1.16420,-0.024312,-0.025996,-0.084828
1.18010,-0.032254,-0.021569,-0.082585
1.18750,-0.032452,-0.025596,-0.082136
1.19650,-0.034684,-0.024049,-0.079470
1.20420,-0.042946,-0.015504,-0.066350
1.21410,-0.042477,-0.014696,-0.069612
1.22210,-0.044037,-0.018212,-0.071488
1.23470,-0.040558,-0.012358,-0.077925
1.24590,-0.046500,-0.007681,-0.064643
1.25360,-0.051525,-0.009863,-0.071176
1.26350,-0.044492,-0.002415,-0.063262
1.27240,-0.050182,-0.007758,-0.067972
1.28670,-0.045737,0.001890,-0.078804
1.29520,-0.047538,0.003418,-0.080859
1.30330,-0.050441,-0.001244,-0.064900
1.31310,-0.045880,0.007955,-0.065862
1.32250,-0.049740,0.007350,-0.073368
1.33460,-0.049271,0.009376,-0.077545
1.34280,-0.049178,0.011151,-0.062586
1.35840,-0.042452,0.010239,-0.067968
1.36250,-0.047134,0.020492,-0.076655
1.37660,-0.038565,0.014046,-0.059838
1.38470,-0.040911,0.022945,-0.063501
1.39280,-0.030967,0.021005,-0.074132
1.40670,-0.029352,0.023436,-0.065381
1.41800,-0.030859,0.022365,-0.058869
1.42630,-0.023164,0.026524,-0.069803
1.43500,-0.017449,0.029460,-0.059111
1.44340,-0.023400,0.031695,-0.072434
1.45300,-0.010629,0.026454,-0.073130
1.46260,-0.010913,0.031776,-0.058002
1.47340,-0.010306,0.032890,-0.055189
1.48300,-0.003676,0.026215,-0.068280
1.49930,0.006463,0.030177,0.249757
1.50680,0.004440,0.025124,0.209175
1.51490,0.007884,0.034426,-0.036577
1.52340,0.009425,0.030242,-0.213039
1.53380,0.011437,0.033261,-0.160835
1.54480,0.015453,0.031614,-0.002246
1.55450,0.021886,0.030820,0.014874
1.56490,0.026446,0.026057,-0.072197
1.57300,0.032553,0.027714,-0.108900
1.58380,0.036569,0.022728,-0.068244
1.59510,0.035246,0.017169,-0.046358
1.60650,0.042352,0.017615,-0.062503
1.61510,0.040951,0.018979,-0.052801
1.62360,0.044168,0.018060,-0.054848
1.64010,0.042829,0.012454,-0.044526
1.64850,0.050740,0.006524,-0.049546
1.65680,0.050378,0.008790,-0.045342
1.66500,0.048671,0.001836,-0.042194
1.68140,0.053248,0.001055,-0.051588
1.68330,0.046689,0.005563,-0.048936
1.69790,0.048133,-0.001819,-0.042118
1.70650,0.049155,-0.006026,-0.052652
1.71300,0.053968,-0.006717,-0.050730
1.72360,0.052006,-0.006265,-0.036057
1.73460,0.046953,-0.014551,-0.035928
1.74570,0.046295,-0.016660,-0.039745
1.75680,0.044572,-0.017409,0.134615
1.76450,0.039214,-0.014596,0.104763
1.77290,0.040776,-0.021287,-0.002159
1.78340,0.041129,-0.014837,-0.104981
1.79670,0.032749,-0.020275,-0.079498
1.80480,0.035428,-0.021775,-0.024902
1.81330,0.029276,-0.029024,-0.016865
1.82380,0.021578,-0.026437,-0.011391
1.83210,0.024449,-0.024552,-0.027159
1.84660,0.013909,-0.032004,-0.056492
1.85470,0.019268,-0.028370,-0.040390
1.86280,0.012918,-0.029968,-0.026171
1.87500,0.010898,-0.029735,-0.042275
1.88660,-0.000756,-0.029857,-0.040979
1.89480,0.002374,-0.025480,-0.029396
1.90300,-0.008975,-0.030483,-0.037757
1.91340,-0.008528,-0.031312,-0.038824
1.92500,-0.011009,-0.027255,-0.026882
1.93730,-0.013517,-0.031875,-0.022042
1.94450,-0.016585,-0.026614,-0.024925
1.96010,-0.021178,-0.021984,-0.025653
1.97030,-0.030583,-0.025629,-0.024960
1.97750,-0.026829,-0.019273,-0.016547
1.98750,-0.033586,-0.026148,-0.014306
1.99570,-0.040140,-0.020699,-0.027203
2.00390,-0.037008,-0.014420,-0.023724
2.01230,-0.040811,-0.021107,-0.021364
2.02830,-0.039833,-0.013674,-0.009309
2.03660,-0.041819,-0.013267,-0.025281
2.04450,-0.044486,-0.009954,-0.013978
2.05290,-0.047839,-0.005012,-0.016364
2.06320,-0.050077,-0.006501,-0.016473
2.07810,-0.053075,-0.001357,-0.017000
2.08640,-0.045722,0.000839,-0.020479
2.09490,-0.051541,0.004250,-0.008631
2.10350,-0.049941,-0.000643,-0.009625
2.11340,-0.046262,0.001566,-0.012021
2.12460,-0.046820,0.007676,-0.000661
2.13680,-0.051021,0.008850,-0.003801
2.14460,-0.044681,0.008180,-0.002933
2.15380,-0.041720,0.018144,-0.002779
2.16300,-0.045980,0.012335,-0.007910
2.17710,-0.039423,0.015707,-0.013644
2.18500,-0.041346,0.022395,-0.013476
2.19290,-0.033307,0.017898,-0.012740
2.20980,-0.031231,0.025141,-0.000171
2.21670,-0.027199,0.020294,0.006184
2.22670,-0.029182,0.023450,0.008960
2.23440,-0.018378,0.027463,-0.005924
2.24260,-0.015808,0.025338,0.010605
2.25970,-0.010407,0.027196,-0.002890
2.26730,-0.008533,0.024933,0.006889
2.27480,-0.002456,0.029012,-0.004140
2.28490,-0.003538,0.028695,0.002574
2.29300,0.001645,0.025048,0.067199
2.30910,0.006296,0.026465,0.219181
2.31680,0.007078,0.026594,-0.025868
2.32480,0.017762,0.030064,-0.151605
2.33340,0.020321,0.028694,-0.089860
2.34580,0.016515,0.030651,0.080869
2.35840,0.022325,0.025903,0.067932
2.36640,0.025472,0.025776,-0.004422
2.37370,0.034205,0.028937,-0.034793
2.38810,0.037145,0.025370,0.016636
2.39860,0.034840,0.023090,0.008152
2.40330,0.041459,0.024174,0.022835
2.41520,0.044296,0.015189,0.025713
2.42210,0.041098,0.017133,0.024749
2.43730,0.043883,0.010940,0.019584
2.44800,0.049757,0.005586,0.015472
2.45290,0.044681,0.005206,0.014182
2.46500,0.046072,0.010725,0.031503
2.48080,0.050529,-0.001935,0.019407
2.48710,0.051791,-0.001353,0.033028
2.49840,0.049241,0.002131,0.025848
2.50660,0.046968,-0.003674,0.026957
2.51490,0.052016,-0.006524,0.036516
2.52290,0.043729,-0.010591,0.027796
2.53940,0.050189,-0.007635,0.028893
2.54810,0.040562,-0.009549,0.041550
2.55510,0.039933,-0.018114,0.185492
2.56410,0.045155,-0.012655,0.194868
2.57210,0.043349,-0.014676,0.088100
2.58910,0.033183,-0.016603,-0.031655
2.59760,0.034993,-0.020013,0.001807
2.60580,0.032858,-0.021804,0.035292
2.61520,0.026738,-0.027766,0.069185
2.62310,0.028979,-0.028664,0.053044
2.63850,0.024106,-0.024380,0.019124
2.64740,0.018905,-0.024516,0.018539
2.65510,0.014955,-0.028302,0.034180
2.66290,0.013021,-0.028282,0.039487
2.67930,0.007587,-0.028258,0.048150
2.68830,-0.000913,-0.033498,0.038874
2.69680,-0.006793,-0.032281,0.040778
2.70620,-0.001002,-0.034008,0.038624
2.71260,-0.011604,-0.025359,0.044096
2.72320,-0.014925,-0.028098,0.049299
2.73890,-0.021795,-0.026620,0.044940
2.74410,-0.016690,-0.026229,0.055943
2.75540,-0.024460,-0.028318,0.056384
2.76490,-0.022523,-0.022996,0.054763
2.77310,-0.026813,-0.028951,0.038945
2.78500,-0.031517,-0.019277,0.042893
2.79770,-0.034966,-0.016542,0.053707
2.80780,-0.040368,-0.017867,0.047935
2.81490,-0.043928,-0.016906,0.059391
2.82470,-0.045981,-0.014241,0.058450
2.83360,-0.040175,-0.009987,0.059495
2.85030,-0.051840,-0.006985,0.063704
2.85760,-0.052077,-0.005205,0.057164
2.86660,-0.045605,-0.008585,0.051401
2.87320,-0.048384,-0.007649,0.047373
2.88330,-0.045190,-0.004530,0.050814
2.89250,-0.048883,0.005068,0.051008
2.90580,-0.049059,-0.001602,0.053409
2.91470,-0.054026,0.009699,0.060552
2.92330,-0.047858,0.010947,0.063048
2.93840,-0.042962,0.007827,0.062384
2.94810,-0.047618,0.009241,0.068980
2.95530,-0.045310,0.011004,0.067115
2.96500,-0.043667,0.020174,0.059662
2.97230,-0.037264,0.017104,0.070494
2.98910,-0.038856,0.020059,0.059597
2.99700,-0.033069,0.023121,0.064859
3.00680,-0.035533,0.022533,0.066909
3.01390,-0.030774,0.021534,0.063168
3.02310,-0.024774,0.026092,0.061145
3.03510,-0.023839,0.027048,0.061769
3.04490,-0.014095,0.026632,0.061930
3.05680,-0.009190,0.026678,0.066755
3.06510,-0.008121,0.027375,0.073496
3.07280,-0.011504,0.031772,0.069476
3.08910,0.003140,0.027457,0.071950
3.09760,0.007071,0.026533,0.325113
3.10670,0.010321,0.032526,0.350703
3.11500,0.006130,0.025245,0.104273
3.12230,0.012283,0.031792,-0.077312
3.13900,0.020459,0.031791,0.053427
3.14230,0.019478,0.030008,0.102525
3.15640,0.021313,0.024635,0.143027
3.16510,0.027220,0.027612,0.060737
3.17280,0.031896,0.025856,0.019673
3.18800,0.029885,0.020295,0.078215
3.19790,0.041818,0.016405,0.073368
3.20640,0.043292,0.017672,0.076528
3.21490,0.043829,0.021538,0.082795
3.22430,0.039693,0.015738,0.069451
3.23300,0.046094,0.009524,0.075206
3.24890,0.042473,0.006149,0.075854
3.25750,0.045202,0.007262,0.077457
3.26630,0.048699,0.007023,0.067524
3.27290,0.047072,0.003991,0.071792
3.28270,0.051558,0.001408,0.069313
3.29240,0.048273,-0.000969,0.077321
3.30810,0.052137,0.000020,0.086055
3.31670,0.050008,-0.001321,0.078911
3.32310,0.051987,-0.003863,0.078469
3.33280,0.048375,-0.009483,0.074171
3.34480,0.045075,-0.010200,0.082876
3.35680,0.046223,-0.010077,0.253833
3.36480,0.040126,-0.018969,0.232785
3.37360,0.037435,-0.014496,0.109100
3.39050,0.036722,-0.023210,0.009238
3.39280,0.033463,-0.024695,0.015019
3.40720,0.034293,-0.018643,0.086375
3.41590,0.030916,-0.020979,0.110048
3.42450,0.023236,-0.027549,0.105399
3.43320,0.018410,-0.027967,0.073442
3.44220,0.021954,-0.031544,0.060380
3.45760,0.014442,-0.026117,0.072050
3.46570,0.008698,-0.028547,0.086093
3.47220,0.011160,-0.032733,0.076334
3.48900,0.005191,-0.034189,0.075115
3.49850,0.002318,-0.034305,0.085142
3.50580,-0.009960,-0.032859,0.083871
3.51420,-0.004066,-0.026158,0.085744
3.52220,-0.010276,-0.029856,0.084218
3.53520,-0.016543,-0.024146,0.087910
3.54790,-0.018467,-0.028324,0.071175
3.55480,-0.021945,-0.023263,0.088082
3.56310,-0.021686,-0.024309,0.082407
3.57250,-0.028552,-0.025617,0.084266
3.58450,-0.036403,-0.020259,0.087056
3.59770,-0.034049,-0.018367,0.085927
3.60580,-0.035976,-0.018379,0.077554
3.61450,-0.037813,-0.012666,0.071746
3.63030,-0.049143,-0.018711,0.082505
3.63780,-0.045564,-0.010922,0.077950
3.64610,-0.049848,-0.011289,0.089094
3.65420,-0.047455,-0.012375,0.087035
3.66260,-0.052611,-0.010317,0.076779
3.67790,-0.052434,-0.002385,0.069349
3.68740,-0.047954,-0.001136,0.073451
3.69480,-0.053538,0.002652,0.069537
3.70460,-0.048954,0.005240,0.086366
3.71250,-0.051617,0.004535,0.084266
3.72740,-0.050081,0.009339,0.083003
3.73510,-0.048615,0.012798,0.073454
3.74290,-0.045805,0.007395,0.083207
3.75400,-0.039905,0.012492,0.086874
3.76710,-0.038264,0.012927,0.080234
3.77480,-0.037774,0.018629,0.068941
3.78310,-0.037753,0.021918,0.081084
3.79930,-0.038210,0.021438,0.080034
3.80530,-0.031893,0.024994,0.082732
3.81520,-0.023644,0.028768,0.070409
3.82350,-0.021648,0.022734,0.075491
3.83800,-0.016274,0.025744,0.070475
3.84690,-0.014510,0.032037,0.075220
3.85490,-0.017556,0.024163,0.080922
3.86320,-0.006648,0.031118,0.083807
3.87390,-0.006869,0.033146,0.074338
3.88820,-0.003614,0.026623,0.076658
3.89950,0.005798,0.030814,0.386245
3.90500,0.000515,0.032750,0.383862
3.91590,0.008744,0.027170,0.077877
3.92330,0.008957,0.024819,-0.090859
3.93390,0.019120,0.029192,-0.024699
3.94510,0.016268,0.023573,0.130733
3.95580,0.022985,0.022183,0.129191
3.96540,0.028911,0.027084,0.057976
3.97240,0.028085,0.024892,0.018677
3.98490,0.036127,0.024882,0.057534
3.99840,0.033576,0.018870,0.070015
4.00480,0.034192,0.019958,0.077587
4.01510,0.043543,0.017397,0.059180
4.02340,0.040580,0.011973,0.066265
4.03990,0.043815,0.007805,0.071168
4.04890,0.044416,0.005420,0.072573
4.05530,0.048410,0.008120,0.064355
4.06480,0.047524,0.008237,0.062263
4.07300,0.050077,-0.000093,0.055532
4.09000,0.045845,0.001413,0.053803
4.09880,0.047542,-0.004091,0.054072
4.10450,0.053732,-0.006162,0.061089
4.11510,0.053426,-0.009830,0.068864
4.12220,0.053537,-0.006872,0.052386
4.13890,0.051256,-0.007921,0.057490
4.14850,0.041960,-0.014283,0.067145
4.15510,0.040004,-0.011950,0.209150
4.16520,0.037512,-0.020295,0.198603
4.17230,0.036863,-0.022642,0.107527
4.18820,0.036784,-0.018059,-0.013562
4.19830,0.036402,-0.023262,0.027330
4.20470,0.036430,-0.018375,0.055065
4.21480,0.031180,-0.021466,0.083400
4.22340,0.025309,-0.025962,0.083170
4.23890,0.016983,-0.025272,0.047433
4.24700,0.015457,-0.029995,0.038366
4.25510,0.018808,-0.030026,0.041837
4.26380,0.015888,-0.030129,0.057785
4.27230,0.007764,-0.033059,0.048732
4.28870,0.006012,-0.034482,0.050985
4.29710,-0.001287,-0.030539,0.051178
4.30570,-0.005490,-0.026763,0.043387
4.31470,-0.012669,-0.028663,0.052968
4.32250,-0.010568,-0.033969,0.037754
4.33280,-0.012450,-0.032482,0.044529
4.34680,-0.021696,-0.026154,0.054587
4.35480,-0.022687,-0.022294,0.053525
4.37070,-0.025135,-0.026010,0.038127
4.37940,-0.035705,-0.023955,0.044165
4.38910,-0.029972,-0.025117,0.049596
4.39320,-0.032368,-0.017304,0.032174
4.40490,-0.036892,-0.016353,0.042818
4.41320,-0.041037,-0.014155,0.041645
4.42230,-0.039934,-0.013475,0.047323
4.43850,-0.043553,-0.010084,0.042307
4.44750,-0.046221,-0.011248,0.040027
4.45500,-0.043656,-0.004665,0.040640
4.46380,-0.049160,-0.008034,0.028655
4.47290,-0.045020,-0.003400,0.034405
4.48960,-0.048538,0.000302,0.036962
4.49850,-0.054922,0.002913,0.028813
4.50490,-0.044900,0.007566,0.036949
4.51500,-0.050842,0.009709,0.031679
4.52260,-0.048559,0.006397,0.023512
4.53970,-0.049893,0.009465,0.029018
4.54790,-0.045504,0.010712,0.023777
4.55430,-0.040814,0.015977,0.029248
4.56330,-0.043158,0.017565,0.017771
4.57250,-0.036718,0.019421,0.027173
4.58540,-0.034628,0.023595,0.023724
4.59810,-0.031738,0.024794,0.025651
4.60480,-0.034586,0.019587,0.028544
4.61530,-0.031395,0.024698,0.025915
4.62270,-0.024828,0.023961,0.020968
4.63880,-0.024344,0.032317,0.014336
4.64770,-0.019991,0.031091,0.017876
4.65540,-0.016236,0.026383,0.027930
4.66390,-0.010266,0.029973,0.026101
4.67350,-0.011028,0.030013,0.009796
4.68820,0.003531,0.028176,0.007354
4.69870,0.004186,0.034316,0.301279
4.70460,0.007342,0.029328,0.336338
4.71540,0.006524,0.030937,0.038462
4.72380,0.016422,0.027930,-0.142816
4.73520,0.018542,0.024533,-0.064082
4.74290,0.016701,0.023836,0.043149
4.75420,0.023484,0.024325,0.082348
4.76500,0.030306,0.026607,-0.000125
4.77260,0.027638,0.021609,-0.033779
4.78990,0.032232,0.017692,0.005843
4.79860,0.040056,0.015364,0.003002
4.80690,0.043427,0.023036,0.010671
4.81530,0.046087,0.019596,-0.004306
4.82210,0.039502,0.014094,0.007773
4.83500,0.046585,0.016431,0.008937
4.84830,0.043220,0.009055,0.008723
4.85550,0.043161,0.010847,0.003475
4.86350,0.047266,0.006463,-0.001413
4.87210,0.047090,0.002468,0.005137
4.88820,0.047293,-0.001661,0.003417
4.89680,0.047238,-0.001001,-0.008838
4.90500,0.046739,0.001134,-0.008027
4.91340,0.048150,-0.006031,0.002439
4.92210,0.048420,-0.005740,-0.011986
4.94000,0.041868,-0.009401,-0.011935
4.94790,0.042202,-0.013636,-0.012877
4.95670,0.047234,-0.015504,0.163460
4.96510,0.037911,-0.017214,0.140909
4.98030,0.040246,-0.020268,-0.051443
4.98850,0.035119,-0.023531,-0.079757
4.99400,0.037194,-0.024200,-0.063172
5.00550,0.030896,-0.025878,-0.005653
5.01370,0.028120,-0.020602,0.010123
5.02230,0.022744,-0.026308,0.001761
5.03850,0.024681,-0.032306,-0.021668
5.04650,0.012837,-0.026388,-0.026911
5.05650,0.018064,-0.023953,-0.026905
5.06340,0.015920,-0.033053,-0.010977
5.07280,0.005795,-0.031479,-0.017584
5.08900,-0.003204,-0.025778,-0.014339
5.09760,-0.001209,-0.029800,-0.021577
5.10540,-0.000691,-0.027085,-0.021401
5.11390,-0.009515,-0.029613,-0.017111
5.13030,-0.019099,-0.033537,-0.022403
5.13790,-0.014134,-0.025618,-0.028132
5.14670,-0.016118,-0.028554,-0.035997
5.15490,-0.028077,-0.028429,-0.038021
5.16330,-0.024929,-0.022269,-0.026968
5.17260,-0.026598,-0.026577,-0.024298
5.19020,-0.035493,-0.019522,-0.030638
5.19890,-0.041443,-0.020690,-0.027678
5.20810,-0.037022,-0.017273,-0.027181
5.21660,-0.046442,-0.016496,-0.028770
5.22370,-0.046591,-0.018053,-0.041132
5.23330,-0.048998,-0.017575,-0.038609
5.24990,-0.044581,-0.010137,-0.042692
5.25580,-0.049705,-0.012120,-0.028277
5.26640,-0.050906,-0.009008,-0.028891
5.27340,-0.053727,-0.005306,-0.032021
5.28310,-0.048902,-0.002997,-0.044310
5.29950,-0.047562,-0.002888,-0.038739
5.30840,-0.048731,0.006446,-0.049579
5.31270,-0.047118,0.005192,-0.049761
5.32470,-0.046668,0.004250,-0.038075
5.33290,-0.049283,0.011117,-0.043736
5.34920,-0.044845,0.009824,-0.044525
5.35810,-0.048194,0.019238,-0.054113
5.36250,-0.040459,0.020445,-0.047510
5.37360,-0.042961,0.018618,-0.044567
5.38310,-0.041104,0.018343,-0.053443
5.39990,-0.031816,0.019239,-0.047598
5.40830,-0.031183,0.024161,-0.056148
5.41850,-0.023022,0.025482,-0.050064
5.42320,-0.024859,0.027081,-0.055615
5.43420,-0.019759,0.025390,-0.048648
5.44260,-0.022144,0.030369,-0.053347
5.45690,-0.009539,0.027897,-0.059819
5.46490,-0.006911,0.029660,-0.062239
5.47330,-0.009452,0.033142,-0.062017
5.48360,-0.004495,0.027300,-0.060858
5.50000,0.006578,0.030319,0.265280
5.50670,0.006017,0.031333,0.231868
5.51620,0.010683,0.031140,-0.063188
5.52320,0.015149,0.032399,-0.206165
5.53920,0.013523,0.028353,-0.060990
5.54770,0.022163,0.026459,0.018259
5.55730,0.027285,0.027180,-0.000166
5.56310,0.025539,0.026264,-0.050404
5.57250,0.030562,0.028006,-0.114415
5.58520,0.037022,0.019477,-0.075169
5.59380,0.034677,0.020200,-0.061044
5.60530,0.039872,0.016531,-0.063825
5.61480,0.043052,0.018123,-0.070817
5.62200,0.042947,0.020524,-0.068935
5.63300,0.042817,0.011863,-0.058932
5.64520,0.042860,0.014680,-0.072619
5.65770,0.049498,0.005053,-0.060579
5.66680,0.045395,0.004968,-0.073045
5.67340,0.048628,0.008468,-0.062004
5.68950,0.054152,-0.002791,-0.067975
5.69780,0.051340,0.001330,-0.078006
5.70680,0.045953,0.000011,-0.070401
5.71500,0.049962,-0.002557,-0.059876
5.72350,0.051371,-0.009138,-0.077038
5.73440,0.045107,-0.008582,-0.077447
5.74480,0.043916,-0.008245,-0.067909
5.75670,0.043894,-0.017644,0.103880
5.76480,0.039319,-0.018077,0.073806
5.77250,0.037067,-0.022358,-0.017892
5.79030,0.039512,-0.017308,-0.148741
5.79840,0.030492,-0.026111,-0.106355
5.80650,0.031385,-0.026297,-0.054836
5.81470,0.030812,-0.027459,-0.038401
5.82250,0.028203,-0.021110,-0.044784
5.83980,0.017499,-0.029447,-0.094943
5.84870,0.019961,-0.024583,-0.076804
5.85680,0.012596,-0.031029,-0.069316
5.86500,0.013092,-0.024907,-0.067030
5.87320,0.010574,-0.030955,-0.078964
5.88980,-0.001231,-0.033116,-0.076700
5.89900,-0.006282,-0.031602,-0.066998
5.90630,-0.010403,-0.028263,-0.068281
5.91460,-0.004157,-0.027620,-0.072032
5.92360,-0.010314,-0.032841,-0.082283
5.93990,-0.022790,-0.026191,-0.071547
5.94750,-0.025741,-0.028216,-0.070409
5.95650,-0.028281,-0.028721,-0.075865
5.96460,-0.023527,-0.027309,-0.082904
5.97260,-0.028282,-0.023558,-0.082547
5.98930,-0.032924,-0.024900,-0.082226
5.99470,-0.033230,-0.024356,-0.074770
6.00610,-0.036158,-0.014749,-0.072484
6.01500,-0.040760,-0.017144,-0.077064
6.02300,-0.039210,-0.018527,-0.086426
6.03950,-0.042022,-0.010364,-0.070757
6.04810,-0.048991,-0.011623,-0.074862
6.05590,-0.046970,-0.011940,-0.076587
6.06390,-0.048175,-0.004055,-0.079689
6.07280,-0.046895,-0.008618,-0.082490
6.08900,-0.052167,-0.004579,-0.082737
6.09760,-0.054055,0.003633,-0.080339
6.10610,-0.048023,0.008284,-0.070820
6.11250,-0.050989,0.005379,-0.083156
6.12330,-0.045605,0.007304,-0.070142
6.14120,-0.043160,0.008740,-0.071556
6.14270,-0.048392,0.014077,-0.079332
6.15660,-0.042396,0.014465,-0.077206
6.16700,-0.036569,0.020103,-0.089985
6.17350,-0.039102,0.019072,-0.087197
6.19000,-0.037507,0.024820,-0.075861
6.19870,-0.034503,0.021460,-0.087043
6.20780,-0.029808,0.027492,-0.084780
6.21460,-0.028055,0.028024,-0.085867
6.22420,-0.022657,0.021636,-0.074873
6.23510,-0.023998,0.031067,-0.071653
6.24970,-0.019753,0.023799,-0.087015
6.25700,-0.013646,0.028468,-0.081332
6.26470,-0.008008,0.027428,-0.075486
6.27280,-0.009837,0.032923,-0.080385
6.29120,0.001391,0.031655,-0.076484
6.29980,0.005090,0.027471,0.221827
6.30660,0.003473,0.029235,0.205263
6.31630,0.013896,0.031563,-0.091292
6.32290,0.016598,0.030771,-0.231264
6.33990,0.015522,0.029858,-0.072347
6.34950,0.018130,0.025510,0.005543
6.35690,0.021308,0.028984,-0.013913
6.36510,0.029345,0.029572,-0.085606
6.37520,0.026587,0.024817,-0.128708
6.39160,0.036014,0.022199,-0.075620
6.39710,0.034683,0.021719,-0.085103
6.40730,0.040180,0.020529,-0.069334
6.41510,0.043478,0.019622,-0.069780
6.42400,0.047676,0.012303,-0.083936
6.43980,0.046575,0.010275,-0.073145
6.44380,0.046710,0.012231,-0.068623
6.45780,0.047147,0.005691,-0.082506
6.46490,0.047518,0.006353,-0.076928
6.47390,0.050580,0.006769,-0.077704
6.48480,0.047160,-0.002941,-0.082319
6.49330,0.049820,0.001671,-0.073084
6.50610,0.045241,-0.001894,-0.066300
6.51780,0.045493,-0.002535,-0.078836
6.52330,0.049841,-0.003650,-0.075137
6.53330,0.044003,-0.005582,-0.081786
6.54230,0.041835,-0.015766,-0.078828
6.55210,0.040102,-0.013119,0.031365
6.56730,0.044659,-0.020946,0.054499
6.57330,0.036503,-0.013416,-0.026952
6.58320,0.039863,-0.020295,-0.129052
6.59960,0.034934,-0.021536,-0.096780
6.60600,0.033825,-0.021825,-0.055025
6.61230,0.030539,-0.028885,-0.037292
6.62250,0.029942,-0.027183,-0.054906
6.63310,0.024422,-0.029376,-0.078990
6.64970,0.017032,-0.027497,-0.069124
6.65510,0.012021,-0.031097,-0.077452
6.66620,0.011350,-0.028612,-0.061198
6.67280,0.011348,-0.030342,-0.072694
6.68890,-0.003144,-0.031068,-0.056233
6.69780,-0.004899,-0.034453,-0.057946
6.70510,-0.005407,-0.034054,-0.069208
6.71420,-0.005951,-0.030712,-0.070424
6.73020,-0.019289,-0.030349,-0.057072
6.73790,-0.020980,-0.026085,-0.069702
6.74650,-0.020835,-0.032282,-0.059751
6.75490,-0.023566,-0.030799,-0.066122
6.76260,-0.026062,-0.026031,-0.063059
6.77910,-0.029145,-0.024667,-0.050118
6.78750,-0.036809,-0.023012,-0.060979
6.79670,-0.034145,-0.015434,-0.050559
6.80420,-0.038921,-0.016688,-0.046937
6.82020,-0.042138,-0.015318,-0.049309
6.82920,-0.047770,-0.010886,-0.054952
6.83770,-0.045973,-0.010525,-0.063907
6.84630,-0.042532,-0.014153,-0.054179
6.85420,-0.050788,-0.013329,-0.044882
6.87080,-0.044842,-0.006804,-0.044094
6.87910,-0.051089,-0.005298,-0.052221
6.88720,-0.048619,-0.002416,-0.058390
6.89570,-0.053271,0.002984,-0.043701
6.90370,-0.054737,-0.002180,-0.042364
6.92100,-0.050300,0.011022,-0.055677
6.92260,-0.052038,0.003637,-0.050318
6.93820,-0.049490,0.014436,-0.054045
6.94680,-0.042146,0.017288,-0.036734
6.95540,-0.048784,0.018107,-0.051046
6.96410,-0.042486,0.019987,-0.054888
6.97320,-0.036638,0.019502,-0.038151
6.98870,-0.035722,0.023454,-0.052201
6.99720,-0.032799,0.025274,-0.051097
7.00560,-0.035648,0.023768,-0.043079
7.01740,-0.025747,0.021983,-0.040065
7.02250,-0.026187,0.028820,-0.034257
7.03470,-0.023710,0.025575,-0.034975
7.04680,-0.013563,0.028638,-0.039303
7.05500,-0.012283,0.033745,-0.036085
7.06350,-0.008267,0.024544,-0.040235
7.07240,-0.009957,0.032350,-0.040727
7.08980,0.001261,0.028545,-0.027186
7.09930,0.005350,0.025295,0.259553
7.10560,0.007226,0.032963,0.268990
7.11470,0.011987,0.027787,-0.000140
7.12210,0.015925,0.031808,-0.173347
7.13910,0.013169,0.030660,-0.034491
7.14730,0.022486,0.024488,0.047778
7.15670,0.020121,0.021745,0.026752
7.16500,0.029813,0.022560,-0.033951
7.17240,0.031154,0.019612,-0.062494
7.18900,0.036438,0.021925,-0.020088
7.19800,0.041328,0.017455,-0.021930
7.20570,0.043547,0.023579,-0.016516
7.21410,0.038603,0.020468,-0.026047
7.22260,0.044779,0.011971,-0.013698
7.23910,0.042498,0.007837,-0.016872
7.24730,0.043214,0.012430,-0.018254
7.25470,0.049227,0.008018,-0.028990
7.26340,0.048327,0.009814,-0.011745
7.27240,0.047196,0.003248,-0.010242
7.28930,0.048916,0.003530,-0.024486
7.29780,0.053549,-0.003386,-0.019593
7.30640,0.047501,-0.001281,-0.011707
7.31500,0.049258,-0.009531,-0.020907
7.32230,0.053220,-0.006239,-0.016536
7.33500,0.048088,-0.007112,-0.011588
7.34710,0.047510,-0.012520,-0.019113
7.35610,0.048517,-0.010647,0.157300
7.36510,0.042226,-0.013918,0.132877
7.37210,0.044469,-0.015245,0.048732
7.38230,0.042746,-0.020109,-0.059720
7.39830,0.031301,-0.026959,-0.033197
7.40440,0.028244,-0.023951,-0.003201
7.41250,0.027003,-0.019508,0.029185
7.42300,0.021133,-0.025832,0.023817
7.43300,0.019355,-0.024902,-0.001256
7.44480,0.016523,-0.030483,-0.018387
7.45510,0.015567,-0.030766,0.001781
7.46340,0.009108,-0.033375,-0.004973
7.47490,0.005788,-0.030444,0.010077
7.48880,0.001053,-0.030433,0.005839
7.49680,0.000608,-0.031156,0.002202
7.50480,-0.009728,-0.033870,0.010384
7.51310,-0.004459,-0.025102,-0.003619
7.52210,-0.015076,-0.027662,0.011247
7.53910,-0.021589,-0.027708,0.016487
7.54340,-0.016924,-0.025964,0.002157
7.55490,-0.026045,-0.027718,0.000837
7.56310,-0.025442,-0.029879,0.009290
7.57910,-0.036221,-0.024537,0.014992
7.58870,-0.034462,-0.021794,0.004330
7.59720,-0.033717,-0.021808,0.020936
7.60510,-0.041662,-0.023433,0.010084
7.61360,-0.044565,-0.013030,0.010765
7.62970,-0.045660,-0.013654,0.006027
7.63970,-0.045537,-0.013087,0.024507
7.64860,-0.048308,-0.010143,0.020088
7.65620,-0.043626,-0.012137,0.009270
7.66490,-0.047650,-0.010017,0.017244
7.67340,-0.050372,-0.000030,0.029692
7.68870,-0.046531,-0.000902,0.022588
7.69710,-0.050795,0.000330,0.028291
7.70520,-0.044791,0.005223,0.030682
7.71330,-0.051820,0.001254,0.023576
7.73040,-0.042848,0.009881,0.024099
7.73850,-0.050458,0.007064,0.026051
7.74680,-0.043271,0.017349,0.028816
7.75510,-0.043336,0.016751,0.032883
7.76350,-0.039783,0.012738,0.029999
7.78000,-0.036270,0.021830,0.030369
7.78820,-0.032629,0.016594,0.029446
7.79650,-0.034756,0.024288,0.033344
7.80440,-0.028152,0.020247,0.022176
7.81280,-0.026875,0.026873,0.033533
7.83010,-0.018902,0.021539,0.031818
7.83900,-0.019879,0.026285,0.041818
7.84500,-0.017040,0.024105,0.033807
7.85610,-0.014143,0.032415,0.032925
7.86500,-0.008809,0.033176,0.035944
7.87280,-0.003887,0.028417,0.032000
7.88350,0.000769,0.029068,0.036195
7.89680,0.005103,0.032324,0.279565
7.90630,0.003955,0.025694,0.333943
7.91330,0.005443,0.027590,0.124858
7.92260,0.007492,0.027659,-0.101421
7.93470,0.016176,0.025051,-0.040510
7.94770,0.020041,0.025461,0.127999
7.95630,0.021520,0.025693,0.108401
7.96470,0.026943,0.024519,0.035692
7.97210,0.028992,0.026393,0.007636
7.98480,0.037954,0.025749,0.035170
7.99790,0.032918,0.025141,0.041583
8.00520,0.040269,0.018456,0.057702
8.01330,0.042795,0.022235,0.044056
8.03030,0.048488,0.014465,0.054580
8.03940,0.048269,0.008391,0.042574
8.04790,0.049942,0.011367,0.051769
8.05650,0.043165,0.004454,0.042428
8.06490,0.052632,0.007652,0.060179
8.07260,0.053153,0.003919,0.060117
8.08910,0.049538,0.004664,0.045277
8.09810,0.051731,-0.002976,0.058918
8.10660,0.051730,-0.003240,0.048637
8.11500,0.054105,-0.002539,0.056350
8.12280,0.047447,-0.012039,0.062883
8.13830,0.049377,-0.009857,0.055995
8.14670,0.044997,-0.013042,0.056155
8.15620,0.044116,-0.011402,0.226498
8.16490,0.038637,-0.014629,0.207511
8.17310,0.044293,-0.021120,0.098377
8.18510,0.041252,-0.020694,-0.004335
8.19780,0.033975,-0.020930,0.031012
8.20580,0.028933,-0.021612,0.062621
8.21510,0.032078,-0.027775,0.098658
8.22220,0.026432,-0.028316,0.094415
8.23310,0.023297,-0.024515,0.070830
8.24680,0.020971,-0.029824,0.054605
8.25570,0.014281,-0.026515,0.052553
8.26520,0.010054,-0.029152,0.060793
8.27230,0.007121,-0.033034,0.074474
8.28290,-0.000020,-0.030883,0.070148
8.29720,-0.005530,-0.028145,0.073708
8.30550,-0.004449,-0.030801,0.071749
8.31420,-0.009647,-0.032708,0.062859
8.32210,-0.014817,-0.029209,0.072976
8.33920,-0.019560,-0.028872,0.064438
8.34380,-0.023486,-0.030474,0.073750
8.35520,-0.026727,-0.024805,0.074160
8.36380,-0.029684,-0.026601,0.072064
8.37230,-0.025368,-0.020025,0.064935
8.38450,-0.031901,-0.020099,0.066767
8.39830,-0.039671,-0.021387,0.071582
8.40630,-0.034537,-0.014957,0.068834
8.41500,-0.043309,-0.017649,0.069802
8.42320,-0.043892,-0.016991,0.065018
8.43400,-0.047807,-0.013204,0.074442
8.44840,-0.048267,-0.005422,0.082788
8.45580,-0.045459,-0.006312,0.066674
8.46420,-0.052861,-0.008858,0.076453
8.47240,-0.044970,-0.006959,0.077891
8.48890,-0.053073,0.001996,0.065918
8.49750,-0.045706,-0.000233,0.075108
8.50610,-0.052105,0.003101,0.075209
8.51510,-0.048145,0.007185,0.071627
8.52210,-0.048558,0.008033,0.076033
8.53890,-0.048253,0.009426,0.070411
8.54850,-0.041009,0.017818,0.068665
8.55580,-0.043189,0.010061,0.082998
8.56520,-0.038116,0.017465,0.075668
8.57300,-0.043441,0.014422,0.073171
8.58810,-0.037352,0.021096,0.073129
8.59830,-0.035134,0.026914,0.076687
8.60520,-0.028357,0.019313,0.070163
8.61510,-0.031869,0.022577,0.086467
8.62250,-0.025748,0.028530,0.083957
8.63880,-0.017350,0.030521,0.080232
8.64680,-0.021238,0.024935,0.074133
8.65650,-0.010632,0.025554,0.084502
8.66490,-0.010149,0.033564,0.072530
8.67280,-0.007605,0.027656,0.070442
8.69000,-0.000665,0.029232,0.071317
8.69840,0.001192,0.030873,0.357309
8.70730,0.009054,0.024813,0.340768
8.71510,0.011674,0.027263,0.114055
8.72230,0.012199,0.025659,-0.067818
8.73900,0.021093,0.027440,0.074537
8.74780,0.018530,0.029799,0.156788
8.75510,0.026927,0.024027,0.158320
8.76480,0.029101,0.028396,0.067299
8.77220,0.028622,0.024066,0.029593
8.78280,0.030631,0.019992,0.064438
8.79680,0.034209,0.025052,0.075479
8.80470,0.034319,0.016411,0.071627
8.81340,0.041174,0.016998,0.086533
8.82210,0.041126,0.014705,0.087784
8.83810,0.043173,0.011949,0.078631
8.84390,0.045370,0.012700,0.079178
8.85490,0.044021,0.004447,0.071855
8.86310,0.050387,0.006753,0.080978
8.87230,0.045067,0.001423,0.081846
8.88470,0.049322,0.003630,0.084510
8.89770,0.047549,0.000330,0.080126
8.90490,0.050943,-0.004742,0.085541
8.91400,0.044694,-0.005870,0.087408
8.92310,0.051485,-0.005795,0.087156
8.93800,0.048356,-0.007805,0.085057
8.94290,0.050023,-0.012516,0.082535
8.95480,0.047703,-0.018538,0.224903
8.96330,0.047005,-0.013431,0.240343
8.98010,0.039451,-0.014835,0.024813
8.98830,0.037268,-0.019089,0.008160
8.99660,0.036273,-0.019846,0.035991
9.00460,0.030379,-0.024423,0.086805
9.01520,0.029774,-0.028224,0.114815
9.02310,0.023550,-0.025809,0.102379
9.03910,0.022743,-0.027161,0.057092
9.04810,0.020339,-0.029388,0.074953
9.05510,0.011396,-0.030609,0.070040
9.06390,0.012206,-0.030508,0.069605
9.07990,0.001052,-0.031730,0.078122
9.08790,0.005333,-0.029070,0.078448
9.09620,0.000160,-0.034061,0.068279
9.10540,-0.002865,-0.025430,0.064064
9.11450,-0.011049,-0.032600,0.076928
9.12300,-0.009837,-0.028402,0.071829
9.13800,-0.016562,-0.028897,0.079667
9.14710,-0.018608,-0.026692,0.080757
9.15470,-0.021737,-0.030033,0.068103
9.16320,-0.029411,-0.020624,0.063893
9.17900,-0.031019,-0.022380,0.072949
9.18810,-0.034193,-0.023740,0.076984
9.19580,-0.032780,-0.020243,0.070922
9.20660,-0.035511,-0.021345,0.069101
9.21480,-0.037452,-0.012615,0.068441
9.22210,-0.045137,-0.017018,0.062587
9.24000,-0.041968,-0.012584,0.059258
9.24470,-0.046120,-0.015479,0.070316
9.25470,-0.049289,-0.011887,0.071226
9.26480,-0.045756,-0.004846,0.073982
9.28040,-0.053804,-0.006983,0.063907
9.28870,-0.051506,0.000063,0.065210
9.29720,-0.047072,-0.001018,0.068340
9.30490,-0.049084,-0.001667,0.070639
9.31310,-0.045577,0.004517,0.070880
9.32260,-0.052239,0.005399,0.057765
9.33800,-0.051164,0.015477,0.058980
9.34840,-0.043936,0.014072,0.060212
9.35480,-0.042862,0.017167,0.069147
9.36420,-0.041762,0.020089,0.063623
9.37250,-0.044362,0.015248,0.058175
9.38910,-0.035423,0.017292,0.057545
9.39700,-0.038815,0.021387,0.057402
9.40490,-0.031864,0.020151,0.052809
9.41340,-0.026783,0.028588,0.054471
9.42230,-0.026045,0.028043,0.048288
9.43260,-0.026034,0.029358,0.060245
9.44870,-0.019100,0.030145,0.046756
9.45450,-0.016092,0.028661,0.049710
9.46510,-0.010948,0.025518,0.046820
9.48110,-0.001210,0.030166,0.050936
9.48950,0.003508,0.032253,0.042624
9.49320,0.002444,0.025439,0.130086
9.50500,0.000388,0.031900,0.370583
9.51470,0.005394,0.029242,0.090565
9.52310,0.009381,0.029550,-0.097148
9.53330,0.014903,0.024982,-0.052236
9.54700,0.017056,0.031369,0.122353
9.55450,0.020314,0.031041,0.120015
9.56300,0.026189,0.025189,0.049885
9.57950,0.035096,0.023597,0.014821
9.59020,0.038401,0.024565,0.050499
9.59320,0.036603,0.018336,0.047469
9.60530,0.038789,0.023469,0.044465
9.61510,0.042451,0.017952,0.041138
9.62220,0.038255,0.015266,0.043595
9.63970,0.048360,0.016706,0.050449
9.64870,0.043888,0.011558,0.044010
9.65450,0.050913,0.004862,0.041323
9.66480,0.049035,0.002496,0.035463
9.67310,0.046204,0.008403,0.035203
9.68890,0.054040,0.000162,0.026821
9.69710,0.051148,-0.000800,0.028994
9.70490,0.048359,-0.003047,0.030334
9.71330,0.050328,-0.008287,0.040618
9.72330,0.051334,-0.008686,0.038291
9.74010,0.043732,-0.014502,0.024577
9.74880,0.049426,-0.010569,0.050838
9.75450,0.044302,-0.013833,0.177901
9.76500,0.037096,-0.013736,0.182258
9.77320,0.044713,-0.013765,0.063224
9.78850,0.040198,-0.018153,-0.046585
9.79690,0.031705,-0.023417,-0.010919
9.80460,0.031567,-0.019016,0.022130
9.82190,0.028538,-0.028509,0.051542
9.83810,0.020323,-0.029434,0.023183
9.84620,0.015125,-0.025281,0.017520
9.85470,0.018634,-0.023733,0.018759
9.86310,0.009547,-0.025048,0.016080
9.87900,0.006223,-0.031788,0.011780
9.88770,0.000424,-0.025193,0.014957
9.89640,-0.003333,-0.026242,0.024506
9.90420,-0.007956,-0.032086,0.019735
9.91410,-0.005963,-0.026083,0.023016
9.92870,-0.012128,-0.033479,0.023648
9.93790,-0.021190,-0.026169,0.019499
9.94670,-0.022009,-0.027508,0.005836
9.95450,-0.026140,-0.021868,0.015675
9.97050,-0.026670,-0.028594,0.009951
9.97840,-0.026815,-0.018625,0.018487
9.98730,-0.030636,-0.026005,0.003149
9.99600,-0.037481,-0.021091,0.012844
10.00400,-0.037402,-0.022613,0.014576
10.01450,-0.036285,-0.018933,0.012048
10.02910,-0.042254,-0.014716,0.006257
10.03710,-0.044827,-0.012400,0.011101
10.04580,-0.045897,-0.015040,0.003438
10.05380,-0.044110,-0.009534,-0.005070
10.06440,-0.050072,-0.001638,-0.002478
10.08000,-0.051248,-0.000177,0.007938
10.08830,-0.052588,0.002974,-0.000315
10.09690,-0.050828,-0.003525,-0.007767
10.10500,-0.046729,0.002937,-0.010249
10.11350,-0.052401,0.006078,0.003821
10.12220,-0.043852,0.009430,0.005357
10.13780,-0.047910,0.014747,-0.004624
10.14650,-0.046519,0.010595,-0.002947
10.15400,-0.044635,0.009761,-0.011043
10.16500,-0.042158,0.014765,-0.015643
10.18010,-0.039724,0.015789,-0.008152
10.18820,-0.036848,0.022542,-0.017361
10.19650,-0.030915,0.023587,-0.008295
10.20510,-0.034434,0.018852,-0.013897
10.21320,-0.025232,0.020312,-0.004986
10.22900,-0.024727,0.022052,-0.013647
10.23770,-0.016618,0.028514,-0.014064
10.24660,-0.013654,0.024568,-0.007661
10.25400,-0.013635,0.027715,-0.007992
10.26390,-0.006935,0.025565,-0.023019
10.27920,-0.007907,0.027676,-0.022698
10.28730,0.003118,0.027490,-0.020323
10.29570,0.003676,0.028514,0.178805
10.30430,0.002013,0.031533,0.302627
10.31320,0.003464,0.032571,0.073918
10.32230,0.009804,0.029207,-0.173691
10.33910,0.022859,0.023167,-0.043039
10.34790,0.023989,0.027381,0.064986
10.35680,0.021590,0.021422,0.026986
10.36490,0.026361,0.027931,-0.032831
10.37230,0.031809,0.028226,-0.074816
10.38900,0.030217,0.024692,-0.031174
10.39780,0.039972,0.019873,-0.037525
10.40460,0.043392,0.017598,-0.029320
10.41420,0.045261,0.021768,-0.023009
10.42250,0.042807,0.018616,-0.030640
10.43790,0.046169,0.012845,-0.032508
10.44660,0.051130,0.006027,-0.027297
10.45480,0.049385,0.012847,-0.032486
10.47110,0.050427,0.005758,-0.037791
10.47250,0.051045,0.008983,-0.028295
10.48800,0.046952,-0.000963,-0.034937
10.49650,0.048482,-0.001160,-0.041287
10.50420,0.048512,-0.007330,-0.048167
10.51260,0.052352,-0.003473,-0.032115
10.52920,0.045695,-0.005871,-0.039761
10.53780,0.045116,-0.006634,-0.044893
10.54660,0.048877,-0.012354,-0.041306
10.55420,0.046827,-0.011223,0.099354
10.56370,0.044205,-0.014788,0.112052
10.57970,0.042967,-0.022408,-0.081122
10.58800,0.041314,-0.021388,-0.111895
10.59650,0.036972,-0.017096,-0.097638
10.60460,0.036674,-0.026495,-0.041285
10.61300,0.032681,-0.028023,-0.022574
10.63010,0.018908,-0.026958,-0.036469
10.63790,0.017263,-0.022573,-0.051684
10.64660,0.018009,-0.027274,-0.060694
10.65460,0.015152,-0.033473,-0.063797
10.67190,0.007072,-0.028973,-0.052150
10.68840,-0.001221,-0.034871,-0.043879
10.69710,-0.001967,-0.031393,-0.051528
10.70810,-0.006119,-0.024973,-0.064295
10.71310,-0.010885,-0.025149,-0.055077
10.72360,-0.008638,-0.029039,-0.049966
10.74030,-0.022763,-0.026451,-0.059384
10.74880,-0.023640,-0.026478,-0.063265
10.75790,-0.020267,-0.024127,-0.060193
10.76230,-0.023007,-0.020576,-0.048327
10.77580,-0.026372,-0.020904,-0.052934
10.78500,-0.030837,-0.023203,-0.061221
10.79280,-0.032141,-0.017693,-0.057713
10.80640,-0.035566,-0.020140,-0.063996
10.81350,-0.036116,-0.020358,-0.059987
10.82230,-0.044698,-0.014699,-0.060126
10.83300,-0.040329,-0.015108,-0.071166
10.84490,-0.041939,-0.008200,-0.059289
10.85520,-0.050093,-0.008969,-0.064233
10.86320,-0.053512,-0.006759,-0.066049
10.87990,-0.053669,-0.000151,-0.068562
10.88850,-0.051434,0.000053,-0.075269
10.89710,-0.047465,0.003107,-0.067023
10.90660,-0.049982,-0.000155,-0.065392
10.91500,-0.049603,0.007614,-0.064005
10.92370,-0.045352,0.009829,-0.063731
10.93480,-0.046366,0.010431,-0.073095
10.94390,-0.049116,0.013113,-0.068232
10.95670,-0.044036,0.013938,-0.070536
10.96500,-0.041947,0.012566,-0.076206
10.97340,-0.044400,0.022478,-0.077879
10.98980,-0.033343,0.018442,-0.074781
10.99870,-0.030856,0.018276,-0.068639
11.00570,-0.027462,0.024989,-0.069361
11.01490,-0.026070,0.023760,-0.075292
11.02270,-0.021254,0.025684,-0.069069
11.03350,-0.019952,0.025587,-0.076632
11.04720,-0.017604,0.026478,-0.082060
11.05670,-0.011221,0.031832,-0.075393
11.06480,-0.006474,0.032078,-0.074969
11.07350,-0.004280,0.034412,-0.067220
11.08840,-0.004073,0.026560,-0.084246
11.09250,-0.003725,0.032698,-0.037646
11.10550,0.007565,0.029404,0.230237
11.11430,0.006240,0.029545,-0.020654
11.12260,0.014153,0.027700,-0.230514
11.13300,0.011902,0.030182,-0.193184
11.14700,0.025470,0.026021,0.011963
11.15600,0.025646,0.022842,-0.012069
11.16500,0.031904,0.026178,-0.090033
11.17280,0.027851,0.025029,-0.130286
11.18380,0.036633,0.026480,-0.086866
11.19810,0.033880,0.024805,-0.079727
11.20640,0.038815,0.017574,-0.071709
11.21480,0.041372,0.014209,-0.082647
11.22300,0.045004,0.018324,-0.085051
11.23990,0.049578,0.013947,-0.074847
11.24880,0.042690,0.005892,-0.075962
11.25490,0.046191,0.004595,-0.081573
11.26510,0.047732,0.001444,-0.083787
11.27220,0.050892,0.007434,-0.081960
11.28930,0.047236,0.004065,-0.087763
11.29870,0.046500,-0.006289,-0.081713
11.30480,0.045115,-0.005414,-0.080690
11.31480,0.051931,-0.006172,-0.078346
11.32320,0.050417,-0.011537,-0.073188
11.33860,0.047534,-0.010762,-0.086522
11.34830,0.049187,-0.017209,-0.058161
11.35430,0.048443,-0.015569,0.076991
11.36440,0.040454,-0.019000,0.073033
11.37290,0.042056,-0.018026,-0.032776
11.38460,0.037067,-0.020611,-0.154129
11.39640,0.032618,-0.025284,-0.113671
11.40460,0.034985,-0.018578,-0.084326
11.41290,0.024212,-0.021819,-0.055344
11.43010,0.023846,-0.024531,-0.080291
11.43800,0.023891,-0.031144,-0.084679
11.44690,0.018212,-0.028724,-0.089734
11.45450,0.015901,-0.029427,-0.075211
11.46310,0.011685,-0.034011,-0.082581
11.47330,0.007182,-0.030876,-0.077522
11.48720,0.001124,-0.034835,-0.084705
11.49280,-0.003785,-0.031662,-0.084966
11.50430,-0.000836,-0.030641,-0.072399
11.51260,-0.007026,-0.025273,-0.079717
11.52940,-0.012667,-0.029035,-0.088386
11.53840,-0.019352,-0.025339,-0.073253
11.54610,-0.023558,-0.028309,-0.070866
11.55540,-0.026175,-0.027007,-0.085296
11.56410,-0.028412,-0.020727,-0.075661
11.57300,-0.030460,-0.023129,-0.081969
11.58930,-0.034887,-0.024448,-0.071332
11.59720,-0.034017,-0.024956,-0.072030
11.60660,-0.035755,-0.017810,-0.076986
11.61300,-0.036235,-0.015961,-0.071382
11.63000,-0.046131,-0.012475,-0.072637
11.63820,-0.049127,-0.008579,-0.072466
11.64680,-0.044917,-0.011607,-0.069323
11.65440,-0.051441,-0.012344,-0.078284
11.66330,-0.051753,-0.009341,-0.069571
11.67930,-0.052083,-0.003208,-0.083422
11.68850,-0.045987,-0.002801,-0.083675
11.69690,-0.049903,0.003645,-0.068065
11.70510,-0.048558,0.006050,-0.081659
11.71290,-0.045275,0.005572,-0.073346
11.72270,-0.053229,0.002542,-0.071332
11.73960,-0.045565,0.008552,-0.081155
11.74850,-0.043535,0.014550,-0.064634
11.75610,-0.045313,0.013644,-0.080415
11.76500,-0.046964,0.013378,-0.065212
11.77320,-0.042263,0.022048,-0.069625
11.78920,-0.031726,0.022425,-0.068945
11.79730,-0.031404,0.019585,-0.068656
11.80590,-0.034348,0.020358,-0.060568
11.81390,-0.023907,0.025656,-0.072171
11.82260,-0.027456,0.029477,-0.073425
11.83330,-0.023522,0.022902,-0.068387
11.84470,-0.019775,0.028248,-0.067540
11.85660,-0.013006,0.029372,-0.060103
11.86310,-0.015935,0.026026,-0.067821
11.87210,-0.009213,0.033220,-0.075526
11.88860,-0.004995,0.028415,-0.063664
11.89480,0.004282,0.025072,0.088824
11.90540,0.009138,0.031814,0.243215
11.91380,0.004061,0.031506,0.000989
11.92380,0.014864,0.025633,-0.227286
11.93880,0.021822,0.028412,-0.081381
11.94460,0.017735,0.025645,-0.007701
11.95530,0.024348,0.023609,-0.001280
11.96500,0.022738,0.020477,-0.068952
11.97300,0.029779,0.020150,-0.110212
11.98350,0.028831,0.024760,-0.084964
11.99820,0.041107,0.023484,-0.055433
12.00490,0.036384,0.023090,-0.049395
12.01460,0.036491,0.018698,-0.056360
12.02280,0.040613,0.010693,-0.054636
12.03300,0.040120,0.013302,-0.066668
12.04800,0.044919,0.005323,-0.055110
12.05540,0.051291,0.010271,-0.052853
12.06390,0.048361,0.004043,-0.062103
12.07260,0.053524,0.009424,-0.048318
12.08850,0.047653,0.001349,-0.047539
12.09690,0.053658,-0.003190,-0.052745
12.10540,0.051987,-0.003348,-0.048100
12.11390,0.049741,-0.007839,-0.053014
12.12240,0.044085,-0.006519,-0.055670
12.13910,0.048298,-0.010968,-0.048415
12.14770,0.041755,-0.017727,-0.050840
12.15520,0.041584,-0.013006,0.105760
12.16400,0.044694,-0.017800,0.120869
12.17220,0.036363,-0.014385,-0.004826
12.18800,0.035067,-0.023660,-0.129983
12.19790,0.033936,-0.017982,-0.070163
12.20530,0.035898,-0.027271,-0.039602
12.21400,0.026398,-0.029541,-0.006833
12.22220,0.023393,-0.023069,-0.025386
12.23800,0.020240,-0.029634,-0.052511
12.24220,0.016915,-0.023524,-0.055737
12.25450,0.017861,-0.025546,-0.037055
12.26330,0.014402,-0.029963,-0.036651
12.27230,0.002797,-0.027367,-0.044470
12.28920,-0.001543,-0.027643,-0.032800
12.29800,0.001068,-0.032062,-0.042698
12.30600,-0.008085,-0.031305,-0.037436
12.31480,-0.011264,-0.027936,-0.042689
12.32290,-0.014477,-0.033045,-0.040334
12.33940,-0.013908,-0.024774,-0.024762
12.34820,-0.026251,-0.031554,-0.024997
12.35500,-0.022399,-0.030400,-0.037203
12.36420,-0.027973,-0.020833,-0.029389
12.38000,-0.036785,-0.019115,-0.037142
12.38850,-0.036372,-0.019999,-0.039018
12.39710,-0.036174,-0.020164,-0.034559
12.40520,-0.041623,-0.015516,-0.030757
12.41420,-0.043403,-0.021644,-0.023098
12.42320,-0.043872,-0.012127,-0.018910
12.43840,-0.045496,-0.009109,-0.032069
12.44750,-0.046916,-0.012430,-0.019285
12.45510,-0.051108,-0.012153,-0.031701
12.46340,-0.051132,-0.003317,-0.023149
12.48020,-0.049023,0.000669,-0.020248
12.48850,-0.051672,-0.003233,-0.017726
12.49700,-0.049683,0.005339,-0.027837
12.50450,-0.047739,0.002341,-0.019905
12.51300,-0.053537,0.001887,-0.020207
12.52620,-0.052292,0.011007,-0.012240
12.53630,-0.048270,0.007629,-0.012615
12.54650,-0.049962,0.015480,-0.021571
12.55550,-0.042127,0.010460,-0.007272
12.56480,-0.045798,0.015121,-0.004519
12.57320,-0.044711,0.017617,-0.004545
12.58410,-0.035519,0.023639,-0.002277
12.59490,-0.034783,0.018636,-0.006860
12.60570,-0.033936,0.020916,-0.014184
12.61450,-0.032482,0.023315,-0.004605
12.62230,-0.029869,0.028494,-0.005957
12.63800,-0.019189,0.028704,0.002138
12.64700,-0.015470,0.027714,-0.012821
12.65540,-0.012156,0.024025,0.005210
12.66410,-0.014064,0.031531,-0.011489
12.67260,-0.008330,0.032250,-0.008636
12.68890,0.000836,0.029866,0.007347
12.69700,0.004909,0.025302,0.232519
12.70440,0.001693,0.032173,0.323225
12.71310,0.011975,0.032276,0.092662
12.72260,0.014601,0.024823,-0.143160
12.73330,0.012379,0.030214,-0.116877
12.74660,0.023370,0.027333,0.084777
12.75500,0.022239,0.026810,0.072690
12.76330,0.027774,0.026754,0.005760
12.77230,0.028365,0.027333,-0.028429
12.78860,0.032013,0.022073,0.008610
12.79740,0.039694,0.021505,0.004435
12.80540,0.035438,0.015721,0.010269
12.81370,0.041399,0.021441,0.017637
12.82920,0.042265,0.011443,0.004142
12.83840,0.049420,0.010230,0.017435
12.84690,0.049031,0.012152,0.017088
12.85480,0.051039,0.005314,0.013766
12.86500,0.050630,0.010763,0.023252
12.87920,0.046526,-0.000928,0.015885
12.88840,0.053940,0.000784,0.025742
12.89670,0.054823,-0.004224,0.012365
12.90500,0.054701,-0.005809,0.020241
12.91330,0.047113,-0.009749,0.021725
12.92950,0.048070,-0.007450,0.013832
12.93820,0.043631,-0.008160,0.015209
12.94650,0.049687,-0.014812,0.026805
12.95520,0.039539,-0.015207,0.180222
12.96440,0.037730,-0.017169,0.192314
12.97230,0.043268,-0.019819,0.067694
12.98700,0.040037,-0.022160,-0.051233
12.99680,0.036561,-0.022661,-0.010797
13.00380,0.029181,-0.018214,0.033428
13.01480,0.023706,-0.021820,0.068122
13.02880,0.023340,-0.030200,0.037288
13.03750,0.016349,-0.028930,0.030055
13.04620,0.012593,-0.024167,0.024709
13.05400,0.018562,-0.030781,0.031595
13.06270,0.014223,-0.027497,0.036039
13.07310,0.009312,-0.025109,0.040359
13.08740,0.002422,-0.034825,0.032789
13.09590,0.003345,-0.033705,0.041883
13.10310,-0.003225,-0.027358,0.038923
13.11480,-0.004458,-0.027623,0.043367
13.12820,-0.010533,-0.032235,0.029850
13.13800,-0.016042,-0.031916,0.033435
13.14720,-0.023748,-0.027527,0.031881
13.15650,-0.026679,-0.025863,0.043108
13.16450,-0.027716,-0.023395,0.037185
13.17360,-0.031561,-0.020654,0.046193
13.19160,-0.036379,-0.019149,0.041995
13.20510,-0.038395,-0.019323,0.055215
13.21660,-0.040389,-0.013783,0.037565
13.22380,-0.046004,-0.011246,0.046285
13.23310,-0.048596,-0.011082,0.047232
13.24510,-0.045463,-0.010961,0.040612
13.25550,-0.044820,-0.009790,0.059373
13.26280,-0.049170,-0.003668,0.048328
13.27220,-0.053297,-0.004418,0.052577
13.28960,-0.054906,0.003289,0.046143
13.29810,-0.053344,-0.002515,0.056823
13.30640,-0.050412,0.006941,0.043800
13.31430,-0.052508,0.007791,0.048165
13.32280,-0.052928,0.010064,0.047148
13.33610,-0.045352,0.013743,0.054729
13.34770,-0.043438,0.017235,0.057088
13.35640,-0.047415,0.017528,0.052841
13.36510,-0.039914,0.017213,0.063894
13.37350,-0.036854,0.013634,0.050822
13.38780,-0.035481,0.021799,0.054345
13.39860,-0.037214,0.027083,0.067268
13.40470,-0.035786,0.026998,0.067312
13.41370,-0.032286,0.021186,0.063808
13.42340,-0.029471,0.030338,0.057835
13.43470,-0.026255,0.027337,0.067001
13.44510,-0.013463,0.026611,0.059156
13.45460,-0.009803,0.028441,0.053880
13.46440,-0.008225,0.030578,0.073313
13.47250,-0.009757,0.029937,0.062839
13.48820,-0.001843,0.034483,0.062065
13.49680,-0.000671,0.033811,0.295778
13.50490,0.004702,0.025991,0.377739
13.51340,0.010370,0.026559,0.155487
13.52240,0.011372,0.026815,-0.073224
13.53910,0.022656,0.028260,0.055153
13.54690,0.016321,0.024436,0.145216
13.55560,0.025057,0.023108,0.141925
13.56400,0.023415,0.029627,0.059339
13.58060,0.031771,0.022388,0.034690
13.58800,0.032321,0.017485,0.060893
13.59640,0.036876,0.019972,0.072410
13.60540,0.042973,0.017079,0.080134
13.61380,0.045495,0.019278,0.073987
13.63000,0.048461,0.011588,0.073985
13.63890,0.043203,0.011273,0.068325
13.64760,0.042398,0.012502,0.073188
13.65470,0.045848,0.009410,0.075411
13.66350,0.051171,0.011608,0.078877
13.67280,0.051837,0.009083,0.082717
13.68820,0.050982,-0.002215,0.067663
13.69690,0.045462,0.001420,0.066917
13.70470,0.045142,-0.006275,0.068936
13.71310,0.050994,-0.000646,0.083129
13.72220,0.049246,-0.005375,0.068459
13.73830,0.046370,-0.014001,0.070956
13.74690,0.044029,-0.008686,0.081893
13.75540,0.043506,-0.013229,0.231392
13.76350,0.042270,-0.017787,0.250293
13.77210,0.038020,-0.018017,0.133180
13.78830,0.041322,-0.024159,0.001011
13.79680,0.038899,-0.023778,0.044919
13.80480,0.031586,-0.023634,0.085984
13.81310,0.028332,-0.026156,0.103560
13.82240,0.027861,-0.027569,0.102163
13.83840,0.024432,-0.024596,0.061683
13.84680,0.020381,-0.028864,0.066681
13.85480,0.013017,-0.031594,0.082176
13.86320,0.006606,-0.030429,0.086282
13.87240,0.009321,-0.033904,0.084930
13.88460,0.000376,-0.031275,0.072089
13.89470,-0.005276,-0.025916,0.073484
13.90460,-0.000779,-0.025169,0.076494
13.91680,-0.008088,-0.028636,0.070726
13.92640,-0.015773,-0.031321,0.082393
13.93460,-0.019233,-0.028725,0.075103
13.94260,-0.022044,-0.028869,0.073261
13.95460,-0.022054,-0.022923,0.086914
13.96500,-0.027022,-0.026574,0.089154
13.97590,-0.026613,-0.024251,0.081906
13.98460,-0.037683,-0.019527,0.085198
13.99270,-0.035401,-0.025799,0.081756
14.00420,-0.037257,-0.022126,0.089745
14.01510,-0.040086,-0.017417,0.087007
14.02460,-0.045838,-0.019222,0.079079
14.03440,-0.046604,-0.014146,0.083465
14.04740,-0.051877,-0.015088,0.083228
14.05400,-0.050411,-0.013231,0.081344
14.06470,-0.047788,-0.001889,0.078409
14.08040,-0.050351,-0.004458,0.079959
14.08820,-0.051923,-0.004452,0.082579
14.09690,-0.045207,0.003379,0.081758
14.10450,-0.050721,0.003111,0.085959
14.12210,-0.047570,0.006125,0.087929
14.13990,-0.042859,0.014260,0.069745
14.14480,-0.050057,0.015641,0.087593
14.15740,-0.042891,0.013133,0.076172
14.17310,-0.036677,0.020323,0.074684
14.18870,-0.040521,0.019542,0.081971
14.19350,-0.030235,0.017039,0.084246
14.20620,-0.032050,0.025758,0.083951
14.21670,-0.029611,0.023610,0.073037
14.22260,-0.023185,0.023121,0.080668
14.23360,-0.026644,0.024430,0.075553
14.24920,-0.013182,0.025840,0.067637
14.25470,-0.009537,0.032855,0.071277
14.26490,-0.006181,0.025955,0.069886
14.27320,-0.002462,0.028402,0.085345
14.28370,-0.006989,0.024989,0.067439
14.29420,0.001780,0.027116,0.194538
14.30490,0.009723,0.028861,0.394018
14.31470,0.011224,0.033715,0.106844
14.32250,0.015666,0.033101,-0.066780
14.33800,0.016514,0.031053,0.034135
14.34640,0.024693,0.031887,0.149908
14.35400,0.026658,0.026955,0.151640
14.37140,0.028002,0.021029,0.022283
14.37260,0.032483,0.028362,0.018528
14.38750,0.032949,0.018520,0.079836
14.39640,0.033113,0.018695,0.067085
14.40440,0.042228,0.022891,0.080188
14.41290,0.042980,0.016536,0.077048
14.42360,0.046024,0.016894,0.070507
14.43880,0.050661,0.010567,0.064585
14.44710,0.045280,0.010399,0.078840
14.45490,0.046210,0.006197,0.069785
14.46340,0.048461,0.004597,0.065172
14.48010,0.052135,-0.001333,0.069610
14.48820,0.053627,0.004619,0.058519
14.49660,0.046754,-0.000321,0.075730
14.50560,0.054198,-0.007334,0.057942
14.51440,0.045568,-0.002919,0.055881
14.52230,0.050545,-0.005503,0.073977
14.53760,0.050058,-0.006996,0.071707
14.54640,0.041053,-0.010869,0.058144
14.55460,0.039571,-0.018010,0.223480
14.56320,0.042773,-0.011491,0.238097
14.57960,0.043543,-0.021389,0.027174
14.58790,0.031725,-0.017911,-0.003874
14.59680,0.030979,-0.020426,0.023493
14.60410,0.029757,-0.021116,0.052682
14.61270,0.025579,-0.028717,0.097683
14.62890,0.028611,-0.030029,0.061213
14.63730,0.016994,-0.027257,0.055475
14.64600,0.022081,-0.023433,0.040213
14.65370,0.014323,-0.025677,0.048670
14.67210,0.006778,-0.032713,0.064205
14.68760,0.004370,-0.031279,0.050375
14.69700,0.001849,-0.030788,0.056339
14.70390,-0.004497,-0.028237,0.048455
14.71260,-0.004506,-0.031058,0.060321
14.72230,-0.012535,-0.031531,0.055936
14.73880,-0.013169,-0.030283,0.060763
14.74690,-0.016588,-0.031677,0.059226
14.75410,-0.021950,-0.025086,0.055858
14.76270,-0.026699,-0.021937,0.045521
14.77950,-0.030169,-0.025704,0.051578
14.78820,-0.033507,-0.022700,0.037510
14.79700,-0.032198,-0.019559,0.052399
14.80540,-0.035204,-0.020562,0.038701
14.81330,-0.036549,-0.021537,0.040078
14.82320,-0.040647,-0.017407,0.039139
14.83770,-0.041660,-0.016703,0.039776
14.84680,-0.044844,-0.009791,0.050692
14.85440,-0.046623,-0.009158,0.048841
14.86290,-0.052219,-0.002662,0.050618
14.87830,-0.050239,-0.002476,0.035878
14.88740,-0.053168,-0.001819,0.038835
14.89350,-0.046864,-0.003961,0.033878
14.90500,-0.046623,0.002498,0.044909
14.91220,-0.054362,0.003184,0.030482
14.92620,-0.044745,0.003362,0.039745
14.93630,-0.050457,0.006766,0.043467
14.94280,-0.042794,0.016293,0.043295
14.95500,-0.039783,0.013513,0.040159
14.96820,-0.038391,0.013147,0.039562
14.97640,-0.042171,0.022647,0.034651
14.98470,-0.034764,0.018245,0.036032
14.99300,-0.032587,0.021886,0.035862
15.00430,-0.035372,0.026407,0.029074
15.01800,-0.027307,0.020569,0.034173
15.02240,-0.028897,0.026256,0.026789
15.03890,-0.021274,0.027512,0.021301
15.04310,-0.015706,0.024072,0.021009
15.05490,-0.014601,0.029576,0.022167
15.06690,-0.011802,0.032797,0.030461
15.07230,-0.008652,0.025351,0.023436
15.08340,-0.000364,0.033828,0.031421
15.09990,0.001269,0.032618,0.337054
15.10640,0.010670,0.033996,0.314040
15.11590,0.014060,0.034007,0.021581
15.12400,0.014810,0.032631,-0.149576
15.13240,0.010938,0.028552,-0.100140
15.14750,0.020999,0.027324,0.098766
15.15420,0.028479,0.027529,0.098713
15.16430,0.030123,0.024746,0.020798
15.17260,0.028407,0.027558,-0.023093
15.18780,0.039125,0.017214,0.010871
15.19730,0.036839,0.024579,0.002615
15.20480,0.039984,0.022045,0.003055
15.21340,0.037788,0.021020,0.015948
15.22960,0.046251,0.016278,0.004811
15.23970,0.048154,0.007426,0.015634
15.24500,0.043829,0.006161,0.016533
15.25450,0.042878,0.006653,0.005387
15.26420,0.050760,0.006401,0.009422
15.27210,0.051030,0.005060,0.005836
15.28480,0.047093,0.003125,0.000714
15.29690,0.052855,-0.001553,-0.007341
15.30570,0.045910,-0.001564,0.001744
15.31230,0.046813,-0.006540,-0.004039
15.32350,0.049767,-0.005662,-0.004892
15.33740,0.047722,-0.006407,0.004243
15.34780,0.042550,-0.010645,-0.007680
15.35550,0.045868,-0.010487,0.160743
15.36390,0.038691,-0.014444,0.158550
15.37320,0.040081,-0.017535,0.036141
15.38850,0.039467,-0.021551,-0.089172
15.39710,0.032870,-0.018548,-0.054721
15.40470,0.033173,-0.019162,-0.013996
15.41290,0.027762,-0.024641,0.022911
15.42240,0.024755,-0.022854,0.012087
15.43780,0.018728,-0.022798,-0.011284
15.44670,0.016493,-0.032458,-0.027587
15.45480,0.014609,-0.028555,-0.019055
15.46280,0.016262,-0.025720,-0.012197
15.47890,0.008767,-0.030497,-0.008768
15.49000,0.002368,-0.031653,-0.020352
15.49500,0.000552,-0.031207,-0.013533
15.50470,-0.009863,-0.032049,-0.008567
15.51330,-0.006472,-0.031217,-0.020984
15.52970,-0.015229,-0.029325,-0.014456
15.53760,-0.013754,-0.029810,-0.023240
15.54580,-0.021716,-0.028048,-0.012089
15.55420,-0.020755,-0.030336,-0.025252
15.56280,-0.029871,-0.024055,-0.030310
15.57930,-0.027062,-0.026259,-0.027164
15.58880,-0.036707,-0.021181,-0.033412
15.59460,-0.032434,-0.022390,-0.034184
15.60460,-0.036964,-0.015956,-0.032962
15.61950,-0.042804,-0.018696,-0.022947
15.62210,-0.045141,-0.012925,-0.031093
15.63890,-0.048131,-0.011080,-0.039514
15.65040,-0.045149,-0.010660,-0.030367
15.65380,-0.047461,-0.005864,-0.025080
15.66710,-0.049322,-0.001747,-0.030157
15.67400,-0.045700,-0.005423,-0.032329
15.68350,-0.044914,-0.000757,-0.025091
15.69370,-0.045028,0.001496,-0.036935
15.70430,-0.053733,0.005154,-0.030311
15.71510,-0.049133,0.009141,-0.031835
15.72460,-0.047698,0.005477,-0.041741
15.73960,-0.045694,0.008236,-0.043142
15.74870,-0.049440,0.017821,-0.034887
15.75570,-0.042896,0.015074,-0.036312
15.76500,-0.045919,0.015490,-0.044544
15.78010,-0.036800,0.017168,-0.048344
15.78760,-0.032714,0.018260,-0.048442
15.79680,-0.038555,0.019057,-0.038594
15.80420,-0.031876,0.023461,-0.034802
15.82170,-0.027552,0.027879,-0.041189
15.83750,-0.024531,0.026313,-0.038136
15.84470,-0.019829,0.030996,-0.052311
15.85450,-0.011187,0.024775,-0.042844
15.86290,-0.012342,0.028072,-0.040697
15.87700,-0.009853,0.032440,-0.045298
15.88510,-0.005922,0.028606,-0.043427
15.89500,0.001322,0.031130,0.105774
15.90410,0.000084,0.033602,0.276235
15.91480,0.012777,0.028052,-0.026792
15.92610,0.017546,0.033467,-0.227469
15.93440,0.021332,0.031315,-0.144928
15.94250,0.018977,0.025068,-0.009787
15.95430,0.019739,0.023716,0.016783
15.96660,0.025474,0.022216,-0.081478
15.97460,0.033702,0.026728,-0.093840
15.98300,0.033057,0.019727,-0.078037
15.99350,0.037493,0.021496,-0.058175
16.00730,0.041927,0.014502,-0.060045
16.01530,0.040597,0.020769,-0.059913
16.02310,0.040135,0.012876,-0.064592
16.03920,0.042271,0.011953,-0.069195
16.04690,0.048512,0.005952,-0.060913
16.05580,0.043583,0.007746,-0.058591
16.06520,0.050762,0.009170,-0.071163
16.07320,0.044906,0.000041,-0.070412
16.08760,0.054081,-0.002535,-0.064449
16.09850,0.053022,0.002525,-0.072155
16.10360,0.047751,-0.005983,-0.072769
16.11440,0.053950,-0.008345,-0.069192
16.12990,0.049497,-0.003997,-0.074306
16.13780,0.046286,-0.009095,-0.065119
16.14660,0.048085,-0.011902,-0.069892
16.15410,0.045583,-0.018827,0.080224
16.16490,0.037352,-0.018805,0.085719
16.17310,0.042617,-0.016587,-0.021043
16.18490,0.040466,-0.021489,-0.130460
16.19830,0.028756,-0.018160,-0.102329
16.20610,0.034681,-0.028131,-0.063274
16.21510,0.031637,-0.029108,-0.046554
16.22310,0.026888,-0.030329,-0.048938
16.23230,0.019242,-0.023046,-0.071840
16.24900,0.017273,-0.028511,-0.072632
16.25670,0.010324,-0.025866,-0.073737
16.26490,0.012471,-0.028123,-0.067843
16.27260,0.007046,-0.025824,-0.081185
16.28300,0.008485,-0.026038,-0.067094
16.29830,-0.000345,-0.025009,-0.081749
16.30810,-0.005960,-0.028478,-0.082631
16.31500,-0.004668,-0.026865,-0.073947
16.32390,-0.016004,-0.030862,-0.072787
16.33320,-0.010990,-0.028499,-0.070998
16.34900,-0.024400,-0.026592,-0.082535
16.35630,-0.019079,-0.022993,-0.081857
16.36510,-0.028585,-0.026392,-0.076754
16.37240,-0.025957,-0.025676,-0.070478
16.38480,-0.029131,-0.023224,-0.079895
16.39790,-0.032722,-0.024179,-0.077655
16.40770,-0.043039,-0.017124,-0.072930
16.41650,-0.039967,-0.017440,-0.080247
16.42440,-0.038767,-0.017567,-0.073638
16.43270,-0.049649,-0.016046,-0.076667
16.44690,-0.049434,-0.011972,-0.077951
16.45560,-0.051542,-0.005462,-0.075788
16.46240,-0.046234,-0.003775,-0.077494
16.47320,-0.052140,-0.002815,-0.088444
16.48760,-0.050462,0.001570,-0.086849
16.49590,-0.054435,0.002637,-0.070730
16.50430,-0.047740,0.007330,-0.085623
16.51460,-0.046285,0.003723,-0.078216
16.53110,-0.051481,0.011459,-0.075947
16.53760,-0.043907,0.013669,-0.082869
16.54300,-0.045123,0.010614,-0.079371
16.55590,-0.048787,0.016469,-0.084492
16.56490,-0.041413,0.020369,-0.080503
16.57310,-0.035913,0.020519,-0.088484
16.58970,-0.034294,0.023044,-0.083846
16.59850,-0.034418,0.025830,-0.074989
16.60640,-0.026734,0.023070,-0.085406
16.61490,-0.030938,0.020713,-0.084587
16.62250,-0.024240,0.028127,-0.074926
16.63320,-0.025993,0.031728,-0.082951
16.64950,-0.016819,0.030291,-0.089052
16.65590,-0.018116,0.026877,-0.079509
16.66470,-0.011530,0.032632,-0.077072
16.67210,-0.005773,0.027615,-0.088549
16.68790,0.000209,0.026630,-0.079984
16.69860,0.005324,0.031144,0.210692
16.70600,0.000916,0.033051,0.219585
16.71490,0.006613,0.030593,-0.054907
16.72330,0.014765,0.032455,-0.240705
16.73950,0.017214,0.027103,-0.092449
16.74800,0.018093,0.028036,-0.000976
16.75680,0.019835,0.025938,-0.013754
16.76470,0.028849,0.025805,-0.084606
16.77320,0.030468,0.020029,-0.115227
16.78880,0.038461,0.022925,-0.075603
16.79750,0.032352,0.018542,-0.071330
16.80510,0.041550,0.015853,-0.070263
16.81330,0.042379,0.019372,-0.079044
16.82320,0.043822,0.014839,-0.071925
16.83470,0.042369,0.009291,-0.086524
16.84770,0.043087,0.012307,-0.084329
16.85450,0.044548,0.007519,-0.070092
16.86490,0.051861,0.008480,-0.076864
16.87370,0.050936,0.000744,-0.083782
16.88400,0.054450,0.005272,-0.076915
16.89540,0.050350,-0.001725,-0.075889
16.90620,0.052782,-0.004345,-0.077580
16.91480,0.050397,-0.002098,-0.081523
16.92510,0.048743,-0.003344,-0.077462
16.93360,0.046924,-0.011037,-0.067524
16.94470,0.048677,-0.013268,-0.077756
16.95490,0.039770,-0.012377,0.091493
16.96590,0.046657,-0.014196,0.075637
16.97320,0.040068,-0.021262,-0.026291
16.99870,0.035971,-0.026012,-0.099755
17.00710,0.034307,-0.020569,-0.054596
17.01680,0.028665,-0.025915,-0.039622
17.02340,0.027192,-0.025043,-0.060072
17.03270,0.022172,-0.027528,-0.082116
17.04310,0.017885,-0.024088,-0.085562
17.05580,0.014559,-0.033249,-0.066038
17.06480,0.006443,-0.029293,-0.063184
17.07210,0.010594,-0.030632,-0.068801
17.08800,0.001838,-0.027019,-0.073223
17.09770,-0.003364,-0.031611,-0.074963
17.10470,-0.002432,-0.026464,-0.058041
17.11410,-0.008488,-0.034345,-0.063994
17.12340,-0.015085,-0.029785,-0.063036
17.13890,-0.020320,-0.030828,-0.063074
17.14840,-0.019135,-0.024277,-0.057631
17.15430,-0.027472,-0.028805,-0.066970
17.16410,-0.030941,-0.026215,-0.058310
17.17580,-0.035032,-0.020138,-0.057009
17.18930,-0.034256,-0.019336,-0.063871
17.19290,-0.033231,-0.016284,-0.071215
17.20590,-0.039615,-0.018905,-0.056641
17.21730,-0.036849,-0.015792,-0.065160
17.22310,-0.041928,-0.010915,-0.069067
17.23310,-0.047930,-0.014827,-0.052910
17.24910,-0.042648,-0.007254,-0.052374
17.25460,-0.050877,-0.004858,-0.061569
17.26480,-0.050831,-0.008143,-0.063382
17.28100,-0.044932,0.000650,-0.063045
17.28830,-0.047506,-0.000796,-0.046114
17.29750,-0.046320,-0.001347,-0.064237
17.30420,-0.045667,0.006423,-0.064530
17.31360,-0.049491,0.002313,-0.050816
17.32980,-0.047189,0.006325,-0.044935
17.33900,-0.051118,0.009382,-0.043187
17.34720,-0.048571,0.014871,-0.055725
17.35500,-0.047030,0.013027,-0.043402
17.36290,-0.041286,0.011405,-0.057935
17.37310,-0.037101,0.020150,-0.045529
17.38880,-0.034066,0.018655,-0.046148
17.39730,-0.033648,0.022968,-0.042271
17.40510,-0.028101,0.020838,-0.044683
17.41430,-0.025455,0.026285,-0.055983
17.42220,-0.023774,0.029479,-0.043206
17.43600,-0.020894,0.029705,-0.037907
17.44330,-0.023122,0.031927,-0.034770
17.45620,-0.018162,0.033437,-0.053242
17.46490,-0.011396,0.031538,-0.034381
17.47240,-0.003841,0.025960,-0.036737
17.48470,-0.007215,0.029893,-0.049609
17.49310,0.004227,0.032535,0.031125
17.50500,0.003269,0.027453,0.268708
17.51480,0.012746,0.033722,0.002368
17.52560,0.012888,0.024768,-0.205215
17.53460,0.018285,0.026743,-0.125884
17.54290,0.016479,0.028267,0.000864
17.55470,0.027205,0.027861,0.039123
17.56750,0.031507,0.022049,-0.052686
17.57250,0.024649,0.028094,-0.080824
17.58440,0.033392,0.025864,-0.043578
17.59290,0.035823,0.024293,-0.036218
17.60720,0.035635,0.015662,-0.040657
17.61470,0.036948,0.013123,-0.021678
17.62230,0.047262,0.011923,-0.023211
17.63420,0.043578,0.016223,-0.021021
17.65040,0.046251,0.008964,-0.027613
17.65430,0.049311,0.005970,-0.021513
17.66500,0.047678,0.003374,-0.034598
17.67290,0.050744,0.002330,-0.016954
17.68860,0.048331,0.000257,-0.016433
17.69880,0.045872,-0.001341,-0.018593
17.70450,0.046016,0.001064,-0.019324
17.71490,0.048204,-0.003313,-0.027253
17.72270,0.050052,-0.012096,-0.015811
17.73640,0.042662,-0.006754,-0.020097
17.74320,0.043081,-0.010320,-0.015494
17.75540,0.041123,-0.012431,0.136626
17.76470,0.040886,-0.012395,0.135711
17.77230,0.038198,-0.013634,0.043227
17.78420,0.037110,-0.018742,-0.075013
17.79970,0.034890,-0.025730,-0.045474
17.80550,0.034807,-0.021583,-0.001099
17.81560,0.024854,-0.027625,0.020988
17.82230,0.028969,-0.022911,0.005365
17.83920,0.018251,-0.027653,-0.027576
17.84390,0.023345,-0.031803,-0.030858
17.85620,0.013922,-0.023918,-0.007057
17.86490,0.008776,-0.033553,-0.003565
17.87220,0.006635,-0.027348,-0.005758
17.88920,0.000438,-0.028001,0.004872
17.89760,-0.006455,-0.026906,-0.002969
17.90470,-0.009124,-0.025379,-0.007058
17.91340,-0.007782,-0.029005,0.003574
17.92470,-0.011097,-0.027295,0.006050
17.93480,-0.017108,-0.030001,-0.000221
17.94690,-0.023849,-0.024155,-0.000216
17.95560,-0.028480,-0.027728,0.011115
17.96410,-0.029377,-0.024128,-0.004252
17.97490,-0.030625,-0.025966,0.002026
17.98480,-0.028447,-0.018766,-0.001895
17.99820,-0.038210,-0.018823,0.013464
18.00490,-0.042729,-0.022156,0.003871
18.01510,-0.036738,-0.013451,0.012359
18.02280,-0.043219,-0.012786,0.011073
18.03930,-0.044027,-0.007788,0.013715
18.04800,-0.048107,-0.014172,0.006357
18.05470,-0.045535,-0.006525,0.011224
18.06430,-0.043920,-0.002675,0.010804
18.07490,-0.046907,-0.006067,0.007171
18.08480,-0.053669,0.003157,0.019724
18.09660,-0.045721,0.005566,0.020099
18.10380,-0.050353,0.006984,0.007734
18.12190,-0.044644,0.005367,0.014698
18.13930,-0.042712,0.006802,0.009689
18.14820,-0.045702,0.014370,0.022514
18.15610,-0.045775,0.013425,0.030179
18.16490,-0.042932,0.014225,0.019922
18.17260,-0.040963,0.013475,0.025228
18.19010,-0.040126,0.020175,0.028624
18.19890,-0.037901,0.018075,0.028586
18.20600,-0.032696,0.026661,0.025306
18.21480,-0.030614,0.028550,0.021218
18.22250,-0.029131,0.028614,0.033762
18.23480,-0.020692,0.031715,0.019860
18.24510,-0.016994,0.027786,0.023312
18.25450,-0.017639,0.032868,0.020157
18.26480,-0.009315,0.028069,0.031893
18.27280,-0.004753,0.028984,0.032920
18.28470,-0.007673,0.027187,0.042313
18.29810,0.004728,0.028683,0.299515
18.30620,0.003411,0.025635,0.325815
18.31430,0.011245,0.026999,0.086139
18.32290,0.007236,0.028546,-0.121527
18.33920,0.014196,0.031943,0.030449
18.34810,0.021906,0.029835,0.122491
18.35540,0.024392,0.024231,0.112286
18.36400,0.025568,0.027152,0.045022
18.37250,0.028053,0.020003,-0.008496
18.38930,0.034547,0.026223,0.048485
18.39810,0.037336,0.020107,0.032174
18.40640,0.043126,0.020131,0.042512
18.41490,0.041770,0.017895,0.050513
18.42220,0.040952,0.011076,0.051825
18.43650,0.047175,0.013587,0.037520
18.44390,0.049858,0.013888,0.054998
18.45630,0.044026,0.013260,0.040790
18.46210,0.044071,0.010447,0.043390
18.47500,0.052766,0.000730,0.050611
18.48870,0.049457,-0.001342,0.048954
18.49680,0.051305,0.002416,0.046374
18.50530,0.052525,-0.001667,0.041494
18.51330,0.045537,-0.002742,0.057519
18.52210,0.045715,-0.003464,0.060677
18.53950,0.051147,-0.009681,0.055634
18.54230,0.049068,-0.014304,0.055722
18.55610,0.044167,-0.018313,0.233867
18.56330,0.037894,-0.018888,0.222006
18.57220,0.039492,-0.020283,0.111003
18.58350,0.033987,-0.021987,-0.009852
18.59630,0.036345,-0.022216,0.019577
18.60660,0.026457,-0.026047,0.063170
18.61250,0.024663,-0.024859,0.094572
18.62950,0.025413,-0.029635,0.069145
18.63780,0.024030,-0.023989,0.043332
18.64500,0.015087,-0.023915,0.051225
18.65460,0.014183,-0.026141,0.059118
18.66290,0.015047,-0.032587,0.070454
18.67990,0.002691,-0.030613,0.070568
18.68750,-0.002729,-0.034797,0.055756
18.69620,0.002810,-0.029009,0.063149
18.70400,-0.005669,-0.033428,0.060794
18.71220,-0.006500,-0.028315,0.062002
18.72960,-0.013712,-0.027693,0.060772
18.73790,-0.014564,-0.026249,0.067360
18.74660,-0.023360,-0.028304,0.071531
18.75450,-0.024144,-0.022531,0.069190
18.76430,-0.029382,-0.024617,0.074410
18.78040,-0.033208,-0.024814,0.069406
18.78870,-0.036885,-0.026683,0.059446
18.79750,-0.038282,-0.022525,0.073372
18.80500,-0.034736,-0.020674,0.060758
18.81330,-0.042502,-0.018402,0.071368
18.83000,-0.041922,-0.010066,0.078457
18.83880,-0.048979,-0.016683,0.078737
18.84700,-0.051069,-0.009066,0.068174
18.85620,-0.049322,-0.010939,0.075370
18.86480,-0.049013,-0.008013,0.072433
18.87310,-0.046341,-0.008836,0.076533
18.88960,-0.052183,0.002513,0.069369
18.89830,-0.053989,0.001208,0.077199
18.90460,-0.054072,-0.001396,0.072465
18.91510,-0.049021,0.003207,0.081614
18.92270,-0.050634,0.011199,0.065282
18.93470,-0.051608,0.005565,0.073556
18.94320,-0.043335,0.015822,0.065297
18.95610,-0.047954,0.016047,0.074526
18.97210,-0.036797,0.018381,0.065884
18.98470,-0.035597,0.021272,0.067515
18.99320,-0.037088,0.023686,0.068590
19.00600,-0.035559,0.022863,0.074080
19.01500,-0.032137,0.024103,0.071193
19.02660,-0.023201,0.030867,0.082764
19.03840,-0.020438,0.026198,0.079520
19.04330,-0.015476,0.026503,0.079487
19.05520,-0.012137,0.028712,0.087869
19.07210,-0.009406,0.025434,0.074726
19.08460,-0.006410,0.030911,0.079218
19.09300,0.000779,0.031568,0.142833
19.10520,0.009073,0.028310,0.382319
19.11480,0.008717,0.032222,0.113976
19.12270,0.010796,0.025373,-0.077303
19.13360,0.018332,0.029917,-0.030865
19.14890,0.021544,0.024301,0.176000
19.15630,0.028722,0.022828,0.153681
19.16510,0.028742,0.020396,0.061976
19.17370,0.025957,0.027256,0.026458
19.18340,0.032083,0.018110,0.053995
19.19740,0.040426,0.020080,0.083012
19.20590,0.039995,0.015046,0.080688
19.21510,0.045718,0.013512,0.085668
19.22320,0.043678,0.014558,0.078232
19.23810,0.042899,0.012791,0.083569
19.24310,0.048654,0.008437,0.071283
19.25360,0.042854,0.011890,0.077666
19.26520,0.047418,0.003984,0.083040
19.27260,0.053266,0.006906,0.088727
19.28660,0.050493,-0.000352,0.075638
19.29760,0.051294,0.000070,0.080968
19.30430,0.047021,-0.000305,0.076214
19.31340,0.045929,-0.009549,0.082664
19.32920,0.048338,-0.011700,0.075044
19.33800,0.046822,-0.013906,0.075663
19.34680,0.046490,-0.010392,0.076988
19.35350,0.041840,-0.009816,0.219528
19.36250,0.038121,-0.019541,0.261842
19.37890,0.034934,-0.023145,0.046447
19.38880,0.033698,-0.024535,0.012291
19.39760,0.030976,-0.021467,0.035140
19.40360,0.031106,-0.026550,0.070429
19.41520,0.029839,-0.019981,0.104068
19.42350,0.029038,-0.028197,0.093972
19.43760,0.024207,-0.027199,0.068558
19.44770,0.019010,-0.033016,0.059596
19.45400,0.016038,-0.028248,0.067532
19.46420,0.010628,-0.032760,0.084010
19.47210,0.004752,-0.031761,0.071356
19.48980,0.005129,-0.028463,0.081317
19.49820,-0.003580,-0.027190,0.071310
19.50610,-0.007141,-0.033045,0.080196
19.51520,-0.005026,-0.031632,0.076866
19.52290,-0.014618,-0.030441,0.068788
19.53830,-0.016868,-0.027011,0.075031
19.54770,-0.024986,-0.024133,0.067157
19.55540,-0.026631,-0.022765,0.079842
19.56380,-0.030600,-0.027638,0.069432
19.57950,-0.035361,-0.018526,0.077049
19.58820,-0.037814,-0.017830,0.081928
19.59670,-0.031695,-0.022935,0.072730
19.60420,-0.037102,-0.021781,0.063237
19.61500,-0.039594,-0.015169,0.081955
19.62220,-0.038344,-0.016589,0.075620
19.63950,-0.047879,-0.014537,0.074271
19.64790,-0.042593,-0.007956,0.065268
19.65500,-0.047499,-0.007250,0.071651
19.66500,-0.048729,-0.002518,0.070466
19.67310,-0.044803,-0.001061,0.069940
19.68300,-0.049540,-0.001687,0.077756
19.69670,-0.050188,0.002805,0.069485
19.70420,-0.047870,0.001548,0.061187
19.71270,-0.051987,0.007298,0.062302
19.72880,-0.047173,0.010985,0.072186
19.73890,-0.044948,0.006835,0.069909
19.74780,-0.044627,0.010397,0.070767
19.75630,-0.040855,0.018100,0.055421
19.76500,-0.046945,0.013143,0.059431
19.77350,-0.042163,0.017873,0.065658
19.79080,-0.031706,0.017161,0.058965
19.79970,-0.034044,0.020736,0.069760
19.80730,-0.034754,0.019459,0.061923
19.81500,-0.024013,0.028069,0.066904
19.82250,-0.024584,0.024896,0.069802
19.83800,-0.016274,0.026897,0.053245
19.84720,-0.020447,0.023335,0.051699
19.85510,-0.016127,0.029429,0.068178
19.86350,-0.006995,0.032794,0.051624
19.87310,-0.008110,0.030354,0.058770
19.88780,0.002757,0.027064,0.059784
19.89700,0.003700,0.027880,0.290858
19.90450,0.007339,0.029194,0.381497
19.91510,0.011640,0.026050,0.082123
19.92210,0.013995,0.025106,-0.096933
19.93370,0.017605,0.026116,-0.049494
19.94760,0.020424,0.032062,0.128235
19.95530,0.020877,0.030859,0.122516
19.96400,0.024943,0.024918,0.056488
19.98400,0.033323,0.018512,0.031540
19.99630,0.033232,0.024372,0.050717
20.00510,0.035122,0.014181,0.039630
20.01400,0.037450,0.012309,0.041943
20.03010,0.042776,0.009905,0.043097
20.03840,0.040862,0.014656,0.043288
20.04660,0.050934,0.006459,0.041089
20.05430,0.049072,0.010635,0.035409
20.06300,0.048215,0.006957,0.038592
20.07490,0.047144,0.006474,0.033921
20.08450,0.051473,0.002576,0.044581
20.09670,0.045734,-0.001845,0.046021
20.10470,0.054653,-0.000758,0.037137
20.11330,0.046956,-0.008321,0.040278
20.12290,0.049429,-0.012036,0.039000
20.13370,0.048657,-0.008247,0.038267
20.14820,0.041620,-0.009744,0.038232
20.15490,0.045433,-0.009348,0.203973
20.16470,0.041268,-0.011967,0.199636
20.17280,0.043016,-0.016690,0.071916
20.18910,0.034355,-0.016676,-0.039088
20.19810,0.032885,-0.020049,-0.001111
20.20770,0.031405,-0.023911,0.050295
20.21610,0.028188,-0.026328,0.071126
20.22280,0.025883,-0.022350,0.042907
20.23310,0.023443,-0.030112,0.030062
20.24910,0.017148,-0.027949,0.017771
20.25440,0.011094,-0.031392,0.032160
20.26610,0.010912,-0.028449,0.022248
20.27470,0.002911,-0.028755,0.027457
20.28480,0.000831,-0.026829,0.023114
20.29930,-0.000341,-0.026278,0.023314
20.30510,-0.004450,-0.034505,0.017355
20.31520,-0.013944,-0.025893,0.026953
20.32270,-0.012916,-0.026383,0.017270
20.33830,-0.016314,-0.028356,0.021367
20.34490,-0.017427,-0.025841,0.022696
20.35520,-0.024187,-0.024258,0.021826
20.36370,-0.031435,-0.029287,0.022383
20.38010,-0.035541,-0.024332,0.015376
20.38830,-0.033902,-0.018242,0.014980
20.39640,-0.033846,-0.021657,0.023319
20.40600,-0.043395,-0.019979,0.010299
20.41400,-0.042528,-0.013747,0.017176
20.42280,-0.045290,-0.016638,0.014788
20.43820,-0.050168,-0.012129,0.013771
20.44650,-0.047201,-0.011490,0.014584
20.45440,-0.044148,-0.005539,0.004439
20.46310,-0.045942,-0.008545,-0.000687
20.47220,-0.054254,-0.006350,0.004904
20.48200,-0.050935,-0.001157,0.015867
20.49660,-0.047103,-0.001514,0.007173
20.50480,-0.051838,0.006867,0.013189
20.51340,-0.048272,0.008127,0.004764
20.52940,-0.051937,0.003901,-0.002459
20.53830,-0.046320,0.011070,-0.001042
20.54670,-0.043664,0.014462,-0.003025
20.55610,-0.039195,0.012874,0.000735
20.56470,-0.040299,0.016205,-0.005250
20.57210,-0.036432,0.019938,0.000055
20.58900,-0.038988,0.024881,0.003578
20.59760,-0.031461,0.026770,0.002597
20.60540,-0.035371,0.026027,0.003556
20.61500,-0.032320,0.026042,-0.009633
20.62240,-0.021179,0.026203,-0.015247
20.63470,-0.020967,0.031390,-0.013521
20.64670,-0.017373,0.031151,-0.013849
20.65470,-0.012055,0.031149,-0.000154
20.66310,-0.014939,0.026916,-0.017686
20.67290,-0.009172,0.026703,-0.016350
20.69030,-0.003491,0.025875,-0.016162
20.69870,0.004764,0.030530,0.286176
20.70610,0.009196,0.025992,0.287426
20.71480,0.005684,0.030151,0.025902
20.72970,0.012835,0.032918,-0.170413
20.73810,0.020468,0.023791,-0.053950
20.74670,0.021523,0.030955,0.054397
20.75410,0.026483,0.028520,0.052290
20.77070,0.031584,0.021164,-0.069321
20.77820,0.032869,0.023392,-0.056782
20.78840,0.037285,0.026657,-0.021321
20.79470,0.036933,0.019283,-0.025076
20.80570,0.039072,0.022045,-0.020953
20.82300,0.041408,0.018594,-0.018519
20.83840,0.041668,0.014913,-0.025362
20.84810,0.047922,0.005257,-0.021440
20.85540,0.050565,0.007311,-0.033735
20.86470,0.051223,0.007717,-0.035185
20.88090,0.048483,0.001248,-0.033299
20.88750,0.048692,-0.000098,-0.021229
20.89680,0.049182,0.000575,-0.040629
20.90380,0.047209,-0.005612,-0.040805
20.91270,0.045328,-0.006480,-0.039092
20.92960,0.050648,-0.004283,-0.037321
20.93970,0.049886,-0.011690,-0.032356
20.94480,0.043021,-0.011851,-0.045991
20.95640,0.042469,-0.011357,0.132344
20.96480,0.042192,-0.016814,0.121148
20.97310,0.041970,-0.016052,-0.000661
20.99100,0.038887,-0.016576,-0.106564
20.99220,0.033509,-0.021119,-0.098684
21.00510,0.028174,-0.021426,-0.037801
21.01510,0.032485,-0.026054,-0.011087
21.02470,0.028475,-0.024809,-0.034312
21.03310,0.017623,-0.031553,-0.049768
21.04480,0.020992,-0.024945,-0.054212
21.05620,0.016819,-0.028214,-0.056458
21.06370,0.015101,-0.029507,-0.039560
21.07300,0.004440,-0.025371,-0.052548
21.09020,-0.000011,-0.025593,-0.038646
21.09860,-0.002299,-0.027020,-0.050248
21.10600,-0.004112,-0.030625,-0.055011
21.11500,-0.007636,-0.030724,-0.054129
21.12250,-0.015123,-0.028024,-0.042993
21.13310,-0.014109,-0.027268,-0.046001
21.14790,-0.019009,-0.028925,-0.062202
21.15530,-0.027661,-0.026895,-0.055300
21.16420,-0.023986,-0.023452,-0.048772
21.18020,-0.035056,-0.018831,-0.056636
21.18850,-0.038041,-0.021793,-0.050280
21.19670,-0.035638,-0.021122,-0.055315
21.20640,-0.038122,-0.019722,-0.047425
21.21480,-0.038977,-0.014558,-0.066723
21.22430,-0.046450,-0.010293,-0.050298
21.23320,-0.046577,-0.011071,-0.051206
21.24970,-0.050682,-0.006842,-0.065759
21.25630,-0.048957,-0.008965,-0.062307
21.26470,-0.052675,-0.009198,-0.065659
21.27250,-0.048503,-0.006959,-0.065937
21.28300,-0.046355,-0.002097,-0.064284
21.29960,-0.054081,-0.001638,-0.052421
21.30460,-0.049929,0.007878,-0.057989
21.31530,-0.045305,0.006352,-0.069177
21.32290,-0.045305,0.010342,-0.064558
21.33780,-0.050621,0.012344,-0.068281
21.34390,-0.044128,0.013801,-0.061481
21.35450,-0.046746,0.016824,-0.074200
21.37170,-0.037511,0.019313,-0.063147
21.38840,-0.031972,0.016168,-0.064203
21.39680,-0.036501,0.020511,-0.075144
21.40480,-0.035093,0.020267,-0.065447
21.41310,-0.028763,0.023079,-0.075616
21.43010,-0.026396,0.028820,-0.069504
21.43810,-0.022720,0.023000,-0.074854
21.44660,-0.015325,0.023756,-0.067894
21.45630,-0.014583,0.028534,-0.062904
21.46500,-0.014560,0.028808,-0.074026
21.47280,-0.006027,0.032160,-0.063702
21.48320,0.000387,0.033989,-0.076798
21.49860,0.005972,0.034346,0.214216
21.50760,0.007638,0.034506,0.179310
21.51700,0.005226,0.030511,-0.114816
21.52210,0.008765,0.027269,-0.219578
21.53340,0.013468,0.026181,-0.183866
21.54390,0.022163,0.025297,-0.013240
21.55530,0.020291,0.030334,-0.008316
21.56530,0.024134,0.028730,-0.087829
21.57340,0.034665,0.025311,-0.111803
21.58960,0.032025,0.016876,-0.084887
21.59840,0.040897,0.022225,-0.084029
21.60610,0.039748,0.019486,-0.071715
21.61480,0.041736,0.017431,-0.077874
21.62240,0.043546,0.016923,-0.082733
21.63280,0.043668,0.011278,-0.077961
21.64700,0.049510,0.014282,-0.073670
21.65410,0.049594,0.003935,-0.073626
21.66330,0.046150,0.006194,-0.086525
21.67960,0.052744,0.000698,-0.072884
21.68980,0.051892,-0.003565,-0.085374
21.69870,0.053491,-0.002855,-0.076277
21.70470,0.045840,-0.002536,-0.077008
21.71490,0.044282,-0.007174,-0.084343
21.72330,0.052153,-0.005956,-0.073916
21.73400,0.050385,-0.009039,-0.077841
21.74770,0.049419,-0.011738,-0.070135
21.75570,0.044529,-0.017221,0.077401
21.76490,0.044004,-0.021138,0.063244
21.77340,0.039830,-0.021501,-0.043457
21.78410,0.039057,-0.020659,-0.150615
21.79790,0.034694,-0.020790,-0.117746
21.80510,0.030351,-0.027949,-0.076584
21.81360,0.028023,-0.028565,-0.050548
21.82210,0.024314,-0.026704,-0.065156
21.83310,0.025562,-0.026183,-0.078673
21.84880,0.013522,-0.032739,-0.083733
21.85630,0.010599,-0.031387,-0.079683
21.86430,0.011276,-0.026126,-0.078747
21.87250,0.011611,-0.029461,-0.078478
21.88900,-0.002772,-0.033102,-0.084345
21.89690,-0.006164,-0.026633,-0.082519
21.90430,-0.007314,-0.030251,-0.084931
21.92110,-0.010615,-0.032195,-0.071829
21.92450,-0.017491,-0.026972,-0.070317
21.93770,-0.015747,-0.028174,-0.082862
21.94650,-0.020542,-0.030431,-0.078324
21.95510,-0.026814,-0.030243,-0.078891
21.96350,-0.022343,-0.029210,-0.085939
21.97990,-0.036608,-0.019548,-0.087379
21.99010,-0.039752,-0.018609,-0.073850
21.99860,-0.034328,-0.019720,-0.081893
22.00630,-0.039211,-0.014451,-0.068838
22.01460,-0.043399,-0.012266,-0.080593
22.02500,-0.041358,-0.017227,-0.073744
22.03840,-0.041542,-0.011924,-0.080361
22.04690,-0.047660,-0.010476,-0.068411
22.05530,-0.052923,-0.008309,-0.069829
22.06350,-0.046475,-0.001667,-0.080881
22.07330,-0.050524,-0.001367,-0.079521
22.08320,-0.049374,-0.003467,-0.085426
22.09720,-0.048077,-0.000634,-0.073589
22.10540,-0.047346,-0.000302,-0.083298
22.11420,-0.045935,0.008930,-0.082123
22.12250,-0.049935,0.004505,-0.071947
22.13310,-0.049773,0.007195,-0.073115
22.14430,-0.045659,0.015735,-0.075972
22.15520,-0.043135,0.009959,-0.075993
22.16380,-0.037756,0.016024,-0.077984
22.17210,-0.042716,0.022306,-0.077793
22.18270,-0.036909,0.015438,-0.075572
22.19820,-0.038267,0.019493,-0.069411
22.20630,-0.027841,0.023470,-0.063316
22.21300,-0.028566,0.027973,-0.078034
22.22240,-0.029069,0.022388,-0.069432
22.23380,-0.019186,0.029198,-0.072460
22.24800,-0.021121,0.032437,-0.066066
22.25420,-0.017324,0.028808,-0.076844
22.26320,-0.007037,0.028896,-0.073498
22.27900,-0.004140,0.032194,-0.067559
22.28780,0.002694,0.026480,-0.064290
22.29630,-0.003265,0.031699,0.142268
22.30410,0.002451,0.028012,0.260588
22.31500,0.012468,0.026461,-0.048194
22.32890,0.010214,0.029511,-0.233617
22.33780,0.016993,0.030911,-0.111282
22.34600,0.023253,0.024663,0.010581
22.35370,0.025910,0.029489,0.003853
22.36490,0.022353,0.024324,-0.081146
22.37850,0.028692,0.023551,-0.111738
22.38680,0.035856,0.018292,-0.065023
22.39490,0.033051,0.020400,-0.073347
22.40310,0.034440,0.022342,-0.062958
22.41270,0.042413,0.016438,-0.065225
22.42670,0.039642,0.010455,-0.062098
22.43520,0.046596,0.009532,-0.059493
22.44330,0.050541,0.013717,-0.065791
22.45360,0.049246,0.006476,-0.053478
22.46680,0.047345,0.007859,-0.051583
22.47660,0.052082,0.002195,-0.066015
22.48310,0.044977,0.001070,-0.058695
22.49360,0.046688,0.003530,-0.060937
22.50340,0.050070,-0.003882,-0.053964
22.51870,0.048155,-0.002127,-0.062300
22.52670,0.050409,-0.009449,-0.055969
22.53530,0.050117,-0.014877,-0.057811
22.54280,0.050876,-0.011087,-0.045226
22.55450,0.045407,-0.017381,0.089670
22.56480,0.039826,-0.020196,0.092932
22.57630,0.035639,-0.017040,-0.049178
22.58790,0.039344,-0.020457,-0.124731
22.59300,0.036187,-0.023230,-0.117527
22.60460,0.033271,-0.018239,-0.046039
22.61680,0.024525,-0.024937,-0.020899
22.62480,0.022500,-0.025706,-0.026308
22.63310,0.026964,-0.023779,-0.044686
22.64300,0.013750,-0.026056,-0.068156
22.65590,0.014847,-0.030702,-0.056526
22.66490,0.014825,-0.034034,-0.042513
22.67580,0.010652,-0.032857,-0.046098
22.68420,0.001440,-0.032241,-0.043122
22.69250,0.002599,-0.030995,-0.043453
22.70490,-0.009281,-0.025501,-0.051781
22.71630,-0.014084,-0.027076,-0.040323
22.72480,-0.013252,-0.024434,-0.040548
22.73760,-0.020341,-0.028947,-0.037255
22.74850,-0.025728,-0.024779,-0.031850
22.75460,-0.028084,-0.024055,-0.031688
22.76470,-0.025099,-0.027699,-0.047471
22.77230,-0.029341,-0.024248,-0.040677
22.78810,-0.035209,-0.018566,-0.040967
22.79680,-0.031863,-0.023473,-0.027559
22.80410,-0.037518,-0.020217,-0.029989
22.81530,-0.036713,-0.018405,-0.027028
22.82230,-0.040614,-0.015043,-0.023905
22.83390,-0.046881,-0.010593,-0.023104
22.84410,-0.045122,-0.009595,-0.031727
22.85730,-0.048070,-0.005178,-0.021985
22.86620,-0.047165,-0.010909,-0.033081
22.87220,-0.053425,-0.007705,-0.030297
22.88460,-0.050476,0.002699,-0.022834
22.89850,-0.048703,0.003604,-0.035266
22.90380,-0.048638,0.006013,-0.024186
22.91430,-0.050793,0.005609,-0.034116
22.92240,-0.048057,0.004600,-0.022352
22.93330,-0.050649,0.005264,-0.030133
22.94890,-0.040680,0.008152,-0.023632
22.95460,-0.041805,0.018592,-0.022694
22.96470,-0.041518,0.016054,-0.013710
22.97280,-0.045024,0.020651,-0.027764
22.98310,-0.037329,0.017126,-0.026736
22.99790,-0.037766,0.018372,-0.009085
23.00510,-0.030580,0.019417,-0.020720
23.01360,-0.031621,0.024392,-0.021100
23.03030,-0.022968,0.027655,-0.017904
23.03910,-0.017131,0.029549,-0.021879
23.04780,-0.013212,0.027634,-0.002325
23.05550,-0.014940,0.025503,-0.006238
23.06390,-0.006586,0.026785,-0.009905
23.07990,-0.004127,0.031464,-0.008850
23.08910,-0.000057,0.032153,-0.013504
23.09790,0.002441,0.028181,0.252771
23.10440,0.007908,0.034383,0.304785
23.11310,0.012624,0.028853,0.095711
23.12210,0.015036,0.028956,-0.145571
23.13910,0.021618,0.027498,-0.009570
23.14820,0.021323,0.028984,0.082675
23.15570,0.025052,0.023610,0.067931
23.16510,0.030168,0.023095,-0.006107
23.17300,0.028945,0.027543,-0.039409
23.18990,0.030425,0.019556,0.009760
23.19850,0.038914,0.018475,0.001777
23.20550,0.037048,0.022808,0.002997
23.21490,0.045291,0.016843,0.004887
23.22310,0.047433,0.020113,0.013317
23.23380,0.041279,0.009419,0.006787
23.24830,0.043636,0.011311,-0.002624
23.25580,0.046515,0.008444,0.016499
23.26460,0.051308,0.008097,0.012036
23.27270,0.049985,0.002989,0.014837
23.28300,0.049272,0.003991,0.014809
23.29770,0.048827,-0.003631,0.013797
23.30380,0.054665,-0.000059,0.019935
23.31350,0.051043,-0.006243,0.009174
23.32930,0.049935,-0.008429,0.019760
23.33930,0.049443,-0.013821,0.016637
23.34830,0.043111,-0.016575,0.029247
23.35440,0.048410,-0.016943,0.165106
23.36440,0.038582,-0.014215,0.178100
23.37280,0.035364,-0.019136,0.068334
23.38920,0.038835,-0.019388,-0.058031
23.39800,0.033053,-0.021797,-0.011803
23.40730,0.034864,-0.025694,0.037961
23.41600,0.026448,-0.027988,0.045485
23.42230,0.027741,-0.025443,0.050789
23.43890,0.017976,-0.032149,0.010864
23.44940,0.015860,-0.024720,0.013259
23.45510,0.016565,-0.031320,0.016379
23.46640,0.013522,-0.032220,0.030597
23.47490,0.002901,-0.028176,0.030459
23.48350,0.002481,-0.031925,0.019648
23.49890,-0.001006,-0.032072,0.034872
23.50440,-0.006306,-0.029135,0.030162
23.51480,-0.005764,-0.028477,0.023980
23.53060,-0.017599,-0.029700,0.031998
23.53830,-0.020795,-0.023143,0.031693
23.54680,-0.016614,-0.029411,0.043569
23.55470,-0.022810,-0.030874,0.026432
23.56320,-0.031300,-0.027326,0.042972
23.57940,-0.027730,-0.021257,0.029279
23.58900,-0.031376,-0.023316,0.034564
23.59730,-0.036041,-0.023160,0.045712
23.60390,-0.038574,-0.014691,0.042519
23.61390,-0.041391,-0.015270,0.031413
23.62930,-0.044090,-0.018673,0.046013
23.63970,-0.049670,-0.014491,0.046595
23.64470,-0.043669,-0.009829,0.048919
23.65430,-0.050410,-0.007040,0.038292
23.66450,-0.046203,-0.009102,0.045356
23.67240,-0.049329,0.000122,0.048221
23.68290,-0.051345,-0.005393,0.055399
23.69670,-0.050413,0.001413,0.048914
23.70600,-0.049868,-0.000340,0.047042
23.71520,-0.050805,0.003892,0.050145
23.72240,-0.047865,0.003266,0.052483
23.73820,-0.047937,0.014979,0.056523
23.74800,-0.042733,0.014951,0.054853
23.75470,-0.041601,0.015531,0.061177
23.76460,-0.039407,0.018847,0.043270
23.77260,-0.037938,0.014572,0.058450
23.79000,-0.034702,0.019573,0.051830
23.79890,-0.031057,0.018642,0.063371
23.80670,-0.029606,0.019129,0.047603
23.81510,-0.030822,0.022376,0.049545
23.82240,-0.024194,0.027517,0.063400
23.83860,-0.021175,0.026139,0.062040
23.84690,-0.015964,0.029393,0.051219
23.85410,-0.016669,0.032238,0.055529
23.86270,-0.013005,0.030039,0.062934
23.87820,-0.006499,0.026792,0.058171
23.88780,-0.002243,0.028097,0.051546
23.89570,0.006087,0.028009,0.260151
23.90340,-0.000231,0.030960,0.388211
23.92040,0.012231,0.031915,-0.050649
23.92820,0.015428,0.026886,-0.101061
23.93720,0.019508,0.025100,0.026861
23.94570,0.017517,0.029424,0.127893
23.95420,0.025919,0.029820,0.133556
23.97040,0.026472,0.027116,0.031257
23.97860,0.036300,0.025777,0.017867
23.98740,0.031599,0.018304,0.054703
23.99590,0.041377,0.025057,0.073687
24.00330,0.040437,0.014502,0.075778
24.01930,0.042984,0.015481,0.076488
24.02790,0.043721,0.015901,0.071593
24.03570,0.043899,0.011787,0.065889
24.04450,0.046909,0.008645,0.061002
24.05350,0.047450,0.005780,0.076507
24.06480,0.050370,0.005005,0.062299
24.07740,0.051597,-0.000383,0.070467
24.08650,0.053625,0.004980,0.073664
24.09410,0.047338,-0.003309,0.078889
24.10300,0.045064,0.002378,0.075891
24.11850,0.046632,-0.004217,0.068252
24.12660,0.053140,-0.007378,0.078793
24.13450,0.043217,-0.008964,0.078010
24.14210,0.049458,-0.013055,0.064390
24.15390,0.039680,-0.016161,0.222199
24.16410,0.039193,-0.020876,0.239507
24.17210,0.038725,-0.018960,0.124459
24.18260,0.037416,-0.016323,0.018555
24.19920,0.038180,-0.024089,0.056753
24.20360,0.029021,-0.018136,0.069567
24.21480,0.031149,-0.026320,0.109176
24.22310,0.022145,-0.025760,0.094094
24.23510,0.022717,-0.026100,0.071679
24.24720,0.018305,-0.027289,0.068597
24.25330,0.011517,-0.027414,0.067666
24.26310,0.007751,-0.030077,0.071977
24.27380,0.003879,-0.033691,0.085501
24.28740,-0.000064,-0.032398,0.084499
24.29590,-0.002415,-0.029120,0.085616
24.30410,-0.004827,-0.026366,0.083903
24.31250,-0.007714,-0.025446,0.082372
24.32340,-0.007753,-0.024290,0.080314
24.33700,-0.019964,-0.027868,0.084443
24.34590,-0.020531,-0.025564,0.086712
24.35410,-0.026867,-0.031150,0.077925
24.36480,-0.028655,-0.022843,0.084219
24.37230,-0.033550,-0.020572,0.076644
24.38500,-0.033944,-0.019564,0.075766
24.39480,-0.038615,-0.018160,0.089024
24.40440,-0.038103,-0.019782,0.087857
24.42120,-0.042507,-0.017130,0.076521
24.42800,-0.044229,-0.010652,0.084017
24.43720,-0.048754,-0.013348,0.084295
24.44510,-0.051055,-0.013926,0.072137
24.45330,-0.049185,-0.011462,0.082552
24.46960,-0.046231,-0.000236,0.070235
24.47800,-0.046402,0.001228,0.087768
24.48670,-0.053227,-0.004380,0.074973
24.49500,-0.049382,-0.004124,0.073454
24.50340,-0.047567,0.007301,0.086844
24.52030,-0.053329,0.004617,0.071181
24.52940,-0.050318,0.011653,0.080065
24.53730,-0.047807,0.006858,0.070613
24.54580,-0.042012,0.016092,0.088192
24.55360,-0.042990,0.015010,0.089618
24.56970,-0.041290,0.015791,0.076612
24.57840,-0.040228,0.015004,0.078236
24.58730,-0.036625,0.015451,0.085264
24.59390,-0.032106,0.017936,0.080090
24.60440,-0.028783,0.020369,0.086375
24.62060,-0.022799,0.029535,0.079230
24.62640,-0.020489,0.028711,0.078185
24.63510,-0.020382,0.026417,0.087299
24.64290,-0.016895,0.030402,0.072694
24.65310,-0.013971,0.027453,0.071585
24.66760,-0.007724,0.028488,0.073299
24.67590,-0.008405,0.027221,0.074924
24.68370,-0.006981,0.026164,0.074912
24.69950,-0.000571,0.033244,0.386746
24.70430,0.009548,0.027223,0.399156
24.71630,0.010710,0.027512,0.060531
24.72430,0.013444,0.026965,-0.079010
24.73300,0.016412,0.033310,-0.035657
24.74900,0.020669,0.029606,0.171720
24.75350,0.021220,0.027604,0.151748
24.76490,0.031253,0.029086,0.069243
24.77340,0.025900,0.020288,0.033050
24.78840,0.031329,0.019796,0.081651
24.79850,0.039622,0.017327,0.066919
24.80360,0.042796,0.021423,0.076793
24.81470,0.038982,0.019875,0.080694
24.82280,0.039456,0.012144,0.082650
24.83630,0.048125,0.010458,0.075531
24.84690,0.046349,0.012217,0.067123
24.85350,0.052150,0.008700,0.074489
24.86340,0.052321,0.004879,0.063166
24.87910,0.052008,-0.000314,0.073835
24.88820,0.046732,-0.000105,0.070009
24.89580,0.053134,-0.003005,0.075503
24.90400,0.054596,-0.004272,0.070053
24.92000,0.046221,-0.010487,0.069854
24.92870,0.052669,-0.005342,0.066545
24.93710,0.043199,-0.014163,0.074766
24.94520,0.045019,-0.007944,0.064775
24.95350,0.046047,-0.013314,0.195027
24.97020,0.045335,-0.021363,0.143837
24.97830,0.042840,-0.023465,0.048079
24.98740,0.037126,-0.023084,-0.008788
24.99400,0.036527,-0.018332,0.009785
25.00320,0.027125,-0.022862,0.070454
25.01920,0.028854,-0.022025,0.091498
25.02650,0.020596,-0.031098,0.072636
25.03520,0.018775,-0.031482,0.049884
25.04320,0.015053,-0.028582,0.047060
25.05320,0.019921,-0.031410,0.052332
25.06750,0.005906,-0.028999,0.057731
25.07600,0.001925,-0.032398,0.054901
25.08440,0.006965,-0.027809,0.049973
25.10050,0.001012,-0.031889,0.052238
25.10390,-0.007085,-0.024881,0.065423
25.11660,-0.013690,-0.031890,0.065594
25.12500,-0.016006,-0.031872,0.058657
25.13330,-0.020599,-0.027294,0.048526
25.14920,-0.017069,-0.023736,0.052475
25.15370,-0.019937,-0.025039,0.061208
25.16480,-0.027162,-0.022558,0.047399
25.17310,-0.025535,-0.022694,0.060532
25.18750,-0.034376,-0.018363,0.059863
25.19700,-0.041005,-0.021632,0.046711
25.20400,-0.038661,-0.016866,0.054120
25.21310,-0.044872,-0.014220,0.059613
25.22930,-0.042609,-0.014720,0.050034
25.23820,-0.046195,-0.017211,0.051521
25.24660,-0.050275,-0.006912,0.050253
25.25320,-0.047852,-0.010925,0.045477
25.27230,-0.047568,-0.004181,0.053447
25.28830,-0.048763,-0.003662,0.052627
25.29340,-0.053036,-0.001335,0.039497
25.30500,-0.053354,0.005312,0.050911
25.31740,-0.047424,0.005394,0.034863
25.32560,-0.045290,0.009990,0.039339
25.33330,-0.049910,0.005755,0.048445
25.34970,-0.046903,0.010855,0.042824
25.35340,-0.042881,0.017184,0.043515
25.36510,-0.041979,0.013224,0.047321
25.37330,-0.042770,0.021659,0.046451
25.38690,-0.036309,0.016566,0.033991
25.39690,-0.031617,0.026127,0.035332
25.40340,-0.031315,0.023846,0.027944
25.41990,-0.026400,0.024198,0.029011
25.42880,-0.026954,0.025768,0.038247
25.43670,-0.022886,0.031255,0.030930
25.44480,-0.018444,0.029856,0.026067
25.45300,-0.016967,0.025583,0.028182
25.46990,-0.012947,0.033760,0.029121
25.47850,-0.002540,0.026814,0.030431
25.48650,-0.003526,0.032138,0.036126
25.49570,-0.002447,0.030082,0.217332
25.50310,0.002168,0.030240,0.361631
25.52000,0.011670,0.024801,-0.076611
25.52740,0.011076,0.026445,-0.144674
25.53500,0.012585,0.026085,-0.064599
25.54340,0.019176,0.026823,0.080756
25.55350,0.018277,0.026128,0.110378
25.56380,0.027982,0.023819,0.012522
25.57580,0.034047,0.020957,-0.032238
25.58420,0.037477,0.023313,0.008179
25.59500,0.034726,0.016150,0.027484
25.60340,0.033495,0.019255,0.017782
25.61310,0.038112,0.018445,0.025383
25.62500,0.041825,0.019335,0.018524
25.63310,0.045226,0.012193,0.023006
25.64960,0.043731,0.010932,0.014716
25.65500,0.050688,0.008402,0.015984
25.66430,0.045580,0.007876,0.017190
25.67480,0.053102,0.001943,0.019837
25.68310,0.047726,0.002160,0.002424
25.69880,0.051300,0.003263,0.001035
25.70270,0.052159,-0.005253,0.016069
25.71410,0.044616,-0.005002,0.013095
25.72290,0.043976,-0.005952,0.005642
25.73350,0.049464,-0.008261,-0.000812
25.74780,0.049763,-0.009460,0.008203
25.75300,0.046634,-0.012818,0.132058
25.76490,0.042212,-0.011900,0.145829
25.77270,0.042171,-0.013198,0.050738
25.78700,0.039823,-0.023085,-0.083425
25.79780,0.031361,-0.025897,-0.028473
25.80390,0.034906,-0.022721,0.005113
25.81430,0.027167,-0.027006,0.034519
25.83110,0.024602,-0.024109,0.002777
25.83720,0.022735,-0.028889,-0.008598
25.84680,0.018367,-0.029429,-0.012728
25.85430,0.016011,-0.025762,-0.007199
25.86300,0.006585,-0.029875,-0.001783
25.87880,0.003866,-0.030750,-0.002278
25.88720,-0.002267,-0.025823,-0.004053
25.89500,0.001477,-0.034489,-0.018504
25.90310,-0.002015,-0.034731,-0.009584
25.92020,-0.011987,-0.028836,-0.004988
25.92880,-0.009975,-0.028636,-0.004879
25.93740,-0.018908,-0.025679,-0.006096
25.94440,-0.022215,-0.023411,-0.006335
25.95450,-0.018885,-0.024322,-0.014725
25.97060,-0.028263,-0.022927,-0.025658
25.97690,-0.033349,-0.027445,-0.008639
25.98730,-0.037432,-0.017499,-0.012877
25.99290,-0.037890,-0.021277,-0.027528
26.00360,-0.042431,-0.021699,-0.017315
26.01780,-0.036810,-0.016508,-0.030981
26.02600,-0.047532,-0.019678,-0.014213
26.03450,-0.047310,-0.016944,-0.031929
26.04240,-0.047317,-0.010967,-0.026848
26.05370,-0.044972,-0.006091,-0.030103
26.06300,-0.047618,-0.006983,-0.019125
26.07580,-0.045159,-0.000741,-0.028739
26.08380,-0.050967,-0.001129,-0.021538
26.10000,-0.048157,-0.001037,-0.034902
26.10360,-0.048090,0.005538,-0.030134
26.11570,-0.052790,0.004362,-0.027640
26.12270,-0.045257,0.004566,-0.028272
26.13700,-0.044872,0.005928,-0.031836
26.14920,-0.042620,0.013761,-0.035067
26.15330,-0.048528,0.017211,-0.032829
26.16480,-0.040277,0.016773,-0.030023
26.17290,-0.041926,0.019846,-0.025491
26.18310,-0.036107,0.016578,-0.031977
26.19790,-0.029286,0.024981,-0.031742
26.20270,-0.027732,0.018601,-0.035160
26.21480,-0.025063,0.029534,-0.031205
26.23060,-0.022403,0.031263,-0.047430
26.23690,-0.024252,0.031787,-0.045466
26.24590,-0.018491,0.023500,-0.032976
26.25300,-0.018547,0.031793,-0.042249
26.26320,-0.014084,0.026461,-0.043129
26.27470,-0.008323,0.034231,-0.034576
26.28500,-0.000695,0.028916,-0.035050
26.29470,0.000991,0.033263,0.107341
26.30320,0.008426,0.034221,0.273544
26.31390,0.012374,0.025063,0.020433
26.32810,0.015227,0.025175,-0.210149
26.33670,0.018947,0.028856,-0.099103
26.34470,0.019948,0.022590,0.005898
26.35270,0.022557,0.028963,0.037519
26.36300,0.028567,0.021079,-0.042423
26.37720,0.031432,0.028485,-0.095602
26.38500,0.036694,0.019540,-0.073429
26.39360,0.033248,0.021573,-0.060278
26.40490,0.042991,0.023344,-0.051308
26.41370,0.038387,0.020705,-0.052469
26.42720,0.039839,0.017256,-0.051673
26.43510,0.042775,0.017218,-0.062161
26.44290,0.044071,0.010861,-0.056601
26.45390,0.043438,0.012938,-0.047408
26.46840,0.051451,0.002618,-0.066730
26.47630,0.054321,0.002305,-0.062883
26.48430,0.051775,0.003066,-0.068726
26.49250,0.047638,-0.000343,-0.056399
26.50640,0.049604,-0.001812,-0.056022
26.51670,0.046481,-0.009020,-0.062175
26.52250,0.043808,-0.007778,-0.058313
26.53310,0.051575,-0.007993,-0.064187
26.54980,0.041066,-0.010428,-0.013721
26.55490,0.042372,-0.011727,0.100288
26.56480,0.041103,-0.015704,0.085984
26.57400,0.039730,-0.013186,-0.040563
26.58800,0.038212,-0.021032,-0.133970
26.59390,0.033357,-0.025000,-0.131010
26.60640,0.028779,-0.023638,-0.055604
26.61280,0.032869,-0.024531,-0.038356
26.62270,0.029095,-0.025639,-0.041966
26.63960,0.021940,-0.025123,-0.085041
26.64810,0.016091,-0.028872,-0.072967
26.65510,0.015572,-0.032300,-0.074849
26.66420,0.010441,-0.033145,-0.065132
26.68050,0.006413,-0.028392,-0.060425
26.68800,0.002075,-0.025567,-0.068736
26.69660,-0.005173,-0.025330,-0.076441
26.70420,-0.008712,-0.028530,-0.066288
26.71500,-0.006176,-0.033426,-0.066953
26.72320,-0.011875,-0.032119,-0.076881
26.73810,-0.013410,-0.024995,-0.080461
26.74740,-0.021412,-0.022396,-0.082327
26.75330,-0.024981,-0.025530,-0.079432
26.76350,-0.025476,-0.020649,-0.068337
26.77970,-0.027072,-0.022007,-0.077694
26.78640,-0.034212,-0.021642,-0.077771
26.79620,-0.036755,-0.020448,-0.081201
26.80400,-0.041429,-0.017425,-0.083606
26.81340,-0.041595,-0.018273,-0.084041
26.82970,-0.039791,-0.017300,-0.076641
26.83730,-0.045266,-0.009272,-0.077897
26.84570,-0.047564,-0.006070,-0.067459
26.85420,-0.043574,-0.005481,-0.073944
26.86290,-0.051500,-0.003380,-0.083206
26.87880,-0.050674,-0.006042,-0.076026
26.88700,-0.046293,0.001205,-0.077153
26.89520,-0.049658,-0.000017,-0.070784
26.90320,-0.046125,-0.000784,-0.080992
26.91490,-0.047877,0.005158,-0.087610
26.93050,-0.050955,0.006884,-0.075255
26.93670,-0.043684,0.009457,-0.085986
26.94330,-0.042837,0.007723,-0.070305
26.95350,-0.047044,0.013283,-0.071092
26.96980,-0.043444,0.015236,-0.088367
26.97630,-0.036597,0.019866,-0.087776
26.98630,-0.033400,0.018595,-0.083822
26.99270,-0.035180,0.026143,-0.087504
27.00350,-0.032309,0.026469,-0.075754
27.01510,-0.030874,0.020331,-0.086068
27.02590,-0.026805,0.022086,-0.086128
27.03410,-0.018449,0.022106,-0.073229
27.05040,-0.014925,0.026810,-0.073577
27.05450,-0.018984,0.028391,-0.088532
27.06680,-0.013014,0.031581,-0.088756
27.07500,-0.010540,0.032097,-0.077845
27.08340,-0.008149,0.033974,-0.072479
27.09910,0.007554,0.028138,0.211446
27.10380,0.004752,0.031460,0.247522
27.11580,0.005971,0.032361,-0.083146
27.12340,0.008472,0.026333,-0.246358
27.13800,0.016866,0.030622,-0.116905
27.14830,0.019535,0.025605,0.001586
27.15410,0.019620,0.022467,0.005977
27.16280,0.026341,0.029906,-0.078531
27.17400,0.029389,0.027875,-0.133750
27.18790,0.038505,0.026694,-0.085359
27.19810,0.033804,0.019921,-0.077577
27.20430,0.034334,0.020278,-0.089213
27.21410,0.039640,0.016777,-0.070487
27.22240,0.039935,0.020215,-0.086218
27.24030,0.042014,0.013030,-0.071534
27.24890,0.043111,0.007920,-0.085769
27.25450,0.045596,0.006704,-0.070590
27.26500,0.049484,0.004611,-0.076725
27.27340,0.048702,0.000458,-0.068713
27.29090,0.045186,-0.000077,-0.078557
27.29930,0.049061,0.001248,-0.074953
27.30630,0.047018,0.001560,-0.073676
27.31580,0.048682,-0.006993,-0.072045
27.32360,0.052038,-0.003641,-0.083576
27.33910,0.042780,-0.008431,-0.067688
27.34850,0.041463,-0.013542,-0.065920
27.35390,0.039430,-0.016212,0.058597
27.36460,0.043833,-0.020160,0.075311
27.37220,0.040370,-0.014059,-0.030008
27.39030,0.033940,-0.023457,-0.147438
27.39890,0.032844,-0.023405,-0.111546
27.40610,0.034680,-0.027908,-0.072884
27.41500,0.025835,-0.025137,-0.049151
27.42300,0.021423,-0.026664,-0.056826
27.43980,0.023048,-0.025633,-0.085740
27.44810,0.020988,-0.023337,-0.091500
27.45650,0.010870,-0.028361,-0.080698
27.46510,0.005650,-0.029783,-0.063539
27.47340,0.011540,-0.027236,-0.079107
27.48790,-0.001783,-0.026048,-0.072795
27.49370,-0.002997,-0.033384,-0.066110
27.50340,-0.003024,-0.028790,-0.076375
27.51370,-0.008568,-0.025731,-0.060589
27.52980,-0.016090,-0.029037,-0.060955
27.53750,-0.016182,-0.026043,-0.061886
27.54600,-0.017553,-0.029805,-0.069612
27.55350,-0.021358,-0.031240,-0.063301
27.56490,-0.030336,-0.028726,-0.063145
27.57830,-0.033017,-0.025791,-0.061264
27.58710,-0.030679,-0.021173,-0.071004
27.59390,-0.035782,-0.021048,-0.060967
27.60320,-0.040678,-0.015993,-0.065479
27.61840,-0.046515,-0.015369,-0.059666
27.62670,-0.046709,-0.018913,-0.063360
27.63490,-0.046969,-0.014029,-0.056593
27.64290,-0.042586,-0.008898,-0.053569
27.65330,-0.048424,-0.008172,-0.060138
27.66700,-0.053386,-0.004268,-0.068904
27.67500,-0.047179,-0.005764,-0.054557
27.68320,-0.052116,-0.006056,-0.063589
27.70020,-0.049559,0.000325,-0.052894
27.70330,-0.054673,-0.001243,-0.053815
27.71660,-0.049493,0.002062,-0.051435
27.72490,-0.052940,0.012310,-0.052111
27.73320,-0.049670,0.008684,-0.057512
27.74930,-0.045561,0.014081,-0.058254
27.75320,-0.045369,0.016526,-0.059073
27.76420,-0.041275,0.018934,-0.061956
27.77290,-0.041224,0.022536,-0.056307
27.78670,-0.041478,0.023419,-0.055980
27.79800,-0.036291,0.019831,-0.057207
27.80290,-0.030011,0.019089,-0.049444
27.81460,-0.027730,0.026438,-0.043153
27.82300,-0.028244,0.027327,-0.049089
27.83630,-0.019550,0.028649,-0.052063
27.84690,-0.020744,0.028251,-0.059586
27.85360,-0.016029,0.024021,-0.047533
27.86480,-0.007679,0.031415,-0.044196
27.87250,-0.002651,0.026369,-0.056319
27.88980,-0.001570,0.033458,-0.051017
27.89850,0.004187,0.032581,0.247381
27.90560,0.003305,0.026960,0.253417
27.91450,0.009438,0.031556,0.006203
27.93040,0.016419,0.029212,-0.195593
27.93790,0.014353,0.024820,-0.077615
27.94630,0.022727,0.028293,0.023534
27.95440,0.027776,0.027062,0.036091
27.96270,0.024409,0.024303,-0.040392
27.97260,0.028332,0.021127,-0.084553
27.98830,0.037909,0.024377,-0.035429
27.99490,0.039562,0.022212,-0.041683
28.00680,0.035490,0.020396,-0.035210
28.01340,0.037377,0.015294,-0.041701
28.02240,0.041122,0.019198,-0.033066
28.03780,0.041408,0.010540,-0.031600
28.04270,0.046712,0.007533,-0.040021
28.05520,0.045001,0.007249,-0.038793
28.06700,0.049086,0.005238,-0.027798
28.07220,0.048624,0.007958,-0.035836
28.08350,0.047073,-0.000126,-0.029771
28.09450,0.051311,0.002068,-0.026384
28.10460,0.049257,-0.002541,-0.028620
28.11420,0.045296,-0.003905,-0.031718
28.12230,0.045605,-0.008522,-0.018436
28.13330,0.051915,-0.007268,-0.019840
28.14470,0.045253,-0.010627,-0.016684
28.15390,0.040493,-0.014517,0.122161
28.16360,0.042508,-0.011797,0.138753
28.17210,0.039306,-0.015879,0.032439
28.18210,0.039626,-0.017672,-0.081063
28.19720,0.035971,-0.020310,-0.064787
28.20530,0.030612,-0.026474,-0.019803
28.21420,0.031007,-0.022343,0.020576
28.22330,0.021759,-0.023880,-0.003923
28.23860,0.019117,-0.026670,-0.016380
28.24670,0.021988,-0.029990,-0.025178
28.25490,0.010388,-0.026788,-0.019718
28.26320,0.012199,-0.029753,-0.010988
28.28000,0.001976,-0.027923,-0.005132
28.28820,0.000437,-0.031345,-0.014312
28.29410,-0.004090,-0.028605,-0.002331
28.30740,-0.003976,-0.029341,-0.009670
28.31650,-0.013556,-0.031853,-0.013994
28.32220,-0.007090,-0.025787,-0.012688
28.33320,-0.020817,-0.024739,-0.000797
28.34950,-0.018736,-0.023659,0.003687
28.35420,-0.023172,-0.026954,-0.002640
28.36580,-0.027665,-0.025278,0.003439
28.37270,-0.025149,-0.026947,-0.012061
28.38520,-0.031742,-0.020335,-0.003390
28.39510,-0.038605,-0.022549,0.003134
28.40380,-0.038396,-0.015918,0.008399
28.41490,-0.044997,-0.012189,0.001812
28.42380,-0.044498,-0.020159,-0.007001
28.43800,-0.043634,-0.008309,-0.000484
28.44660,-0.045491,-0.007862,0.004409
28.45460,-0.047525,-0.009209,-0.002109
28.47100,-0.046222,-0.009127,0.015533
28.47940,-0.049981,-0.000250,0.016739
28.48850,-0.045293,-0.002399,0.001678
28.49670,-0.053139,0.004520,0.009096
28.50480,-0.050341,0.002151,0.011863
28.51310,-0.051902,0.008199,0.006336
28.52380,-0.046456,0.005646,0.014129
28.53820,-0.050425,0.007289,0.013542
28.54670,-0.040604,0.012857,0.006484
28.55310,-0.041984,0.018234,0.012174
28.56450,-0.044251,0.016477,0.016662
28.57230,-0.041851,0.013216,0.015260
28.58620,-0.040155,0.021145,0.007486
28.59640,-0.036160,0.018735,0.010752
28.60280,-0.029810,0.021152,0.028208
28.61980,-0.023089,0.027681,0.025088
28.62830,-0.023838,0.021567,0.029478
28.63760,-0.017552,0.026173,0.018060
28.64470,-0.022938,0.023152,0.029468
28.65430,-0.015175,0.033177,0.029577
28.66310,-0.014533,0.025447,0.025160
28.67880,-0.000267,0.027046,0.030607
28.68760,0.000666,0.028336,0.024723
28.69650,-0.001668,0.029245,0.245178
28.70370,0.004427,0.030739,0.346765
28.71480,0.008916,0.029174,0.061820
28.72920,0.010634,0.033701,-0.123493
28.73840,0.019109,0.028659,0.011187
28.74660,0.024378,0.027279,0.117046
28.75450,0.023681,0.027116,0.104713
28.76300,0.021503,0.024268,0.047373
28.78210,0.031283,0.023178,0.002297
28.79860,0.036127,0.018159,0.043983
28.80490,0.034283,0.017650,0.030115
28.81470,0.042570,0.017392,0.041390
28.82270,0.038643,0.012638,0.028577
28.83310,0.044632,0.014515,0.042193
28.84740,0.044975,0.006383,0.033195
28.85450,0.048234,0.011585,0.048389
28.86360,0.048164,0.001651,0.047594
28.87970,0.047306,0.005184,0.048184
28.88880,0.054773,-0.002601,0.038431
28.89700,0.050775,0.000517,0.038022
28.90420,0.053547,-0.000415,0.045393
28.91290,0.044655,-0.000919,0.040426
28.92220,0.047143,-0.009705,0.050422
28.93810,0.043049,-0.006231,0.046852
28.94480,0.047970,-0.016790,0.055145
28.95430,0.039639,-0.017422,0.192382
28.96290,0.044329,-0.011317,0.219264
28.98050,0.040283,-0.021541,-0.006567
28.98790,0.031564,-0.024385,-0.032786
28.99640,0.030804,-0.019124,0.005192
29.00500,0.031694,-0.027122,0.056111
29.01350,0.031698,-0.022143,0.079072
29.02970,0.027023,-0.027295,0.066730
29.03900,0.017063,-0.029813,0.051132
29.04710,0.021881,-0.031331,0.051638
29.05410,0.011644,-0.023938,0.055055
29.06350,0.006933,-0.026076,0.050421
29.07970,0.002156,-0.027749,0.061730
29.08840,-0.000468,-0.028342,0.050810
29.09700,-0.003561,-0.031273,0.056828
29.10410,-0.005785,-0.030426,0.069034
29.11280,-0.008141,-0.029763,0.069250
29.12880,-0.012731,-0.030397,0.062461
29.13860,-0.016224,-0.024829,0.060901
29.14720,-0.022560,-0.031769,0.065300
29.15390,-0.024708,-0.024443,0.063818
29.16330,-0.026453,-0.026320,0.062707
29.17920,-0.035624,-0.025784,0.056553
29.18730,-0.031427,-0.021505,0.071098
29.19610,-0.033960,-0.019507,0.072464
29.20390,-0.042404,-0.023121,0.059183
29.21500,-0.036277,-0.012102,0.059115
29.22950,-0.048994,-0.013747,0.074175
29.23880,-0.044729,-0.007966,0.062605
29.24720,-0.044658,-0.008719,0.061267
29.25490,-0.048822,-0.007010,0.066836
29.26350,-0.046639,-0.001969,0.076592
29.27970,-0.045200,-0.004041,0.077469
29.28860,-0.054800,0.000932,0.071463
29.29690,-0.050184,0.004190,0.076744
29.30510,-0.049176,0.003826,0.077947
29.31410,-0.050563,0.008841,0.067570
29.32250,-0.053202,0.002984,0.069776
29.33770,-0.049332,0.014531,0.074347
29.34720,-0.043337,0.012069,0.072536
29.35440,-0.048637,0.011428,0.080407
29.36390,-0.038720,0.011359,0.079047
29.37340,-0.037950,0.018827,0.078651
29.38850,-0.033166,0.017791,0.078508
29.39710,-0.034094,0.019367,0.076610
29.40440,-0.027552,0.020220,0.080599
29.41340,-0.027030,0.023760,0.068661
29.42220,-0.022584,0.023437,0.083404
29.43810,-0.021785,0.028976,0.077781
29.44660,-0.016548,0.025842,0.066797
29.45400,-0.010128,0.026774,0.068468
29.46480,-0.011296,0.027695,0.075237
29.47880,-0.002912,0.028644,0.082246
29.48920,-0.004283,0.032630,0.080153
29.49930,-0.001631,0.027149,0.371736
29.50590,0.003765,0.025414,0.375958
29.51510,0.011898,0.025260,0.111727
29.52360,0.010134,0.027827,-0.074356
29.53740,0.017273,0.026417,0.028362
29.54850,0.026034,0.025367,0.160204
29.55560,0.026267,0.030673,0.148340
29.56490,0.029163,0.028567,0.061170
29.58040,0.035819,0.021464,0.042026
29.58710,0.030196,0.022729,0.075467
29.59700,0.035124,0.018027,0.076033
29.60390,0.042432,0.019601,0.079565
29.61320,0.036131,0.016526,0.085264
29.62280,0.046550,0.013069,0.079627
29.63820,0.049398,0.014768,0.079772
29.64260,0.044469,0.008864,0.087752
29.65420,0.050114,0.011735,0.078610
29.66280,0.045970,0.006381,0.076860
29.67240,0.053347,0.000871,0.078415
29.68890,0.047949,-0.000989,0.069980
29.69740,0.054751,0.002633,0.080683
29.70560,0.051641,0.000572,0.072693
29.71430,0.050465,-0.002830,0.085181
29.72260,0.051131,-0.005800,0.075194
29.73780,0.049297,-0.007482,0.079525
29.74660,0.048792,-0.010448,0.078770
29.75410,0.042091,-0.018110,0.233687
29.77070,0.044521,-0.020365,0.152039
29.77900,0.042253,-0.014717,0.053425
29.78790,0.032899,-0.024112,0.003581
29.79410,0.036547,-0.022865,0.034067
29.80450,0.036421,-0.019224,0.084774
29.82130,0.029125,-0.020629,0.099179
29.82660,0.026537,-0.024453,0.094354
29.83520,0.022247,-0.026354,0.071593
29.85050,0.018124,-0.025359,0.072578
29.85430,0.009591,-0.030333,0.079415
29.86670,0.006839,-0.032082,0.074203
29.87460,0.009018,-0.030130,0.083696
29.88280,0.005227,-0.031562,0.080631
29.89910,-0.002946,-0.032850,0.084478
29.90400,-0.005934,-0.033566,0.083973
29.91480,-0.004132,-0.028851,0.075799
29.92210,-0.012956,-0.027686,0.074652
29.93820,-0.013845,-0.028167,0.071991
29.94790,-0.018866,-0.030347,0.076678
29.95450,-0.028293,-0.024353,0.076883
29.96390,-0.026172,-0.028593,0.070856
29.97210,-0.029265,-0.026351,0.073859
29.98740,-0.038980,-0.026578,0.074589
29.99770,-0.038273,-0.017466,0.078063
30.00380,-0.041294,-0.019719,0.072692
