timestamp,x,y,z
0.00720,0.041316,0.019748,9.776454
0.02210,0.046439,0.020343,9.775084
0.03620,0.044374,0.014214,9.771218
0.04330,0.042697,0.006915,9.764938
0.05760,0.053073,0.012518,9.759239
0.06240,0.052505,0.001914,9.771578
0.07630,0.050823,0.002675,9.769423
0.08490,0.048593,0.001607,9.768522
0.09310,0.047823,-0.002642,9.758990
0.10410,0.051698,-0.002596,9.758503
0.11780,0.048327,-0.002778,9.764081
0.12610,0.043542,-0.005597,9.757046
0.13450,0.047396,-0.013163,9.767422
0.14250,0.048573,-0.008899,9.760840
0.15470,0.044080,-0.010243,9.917663
0.16670,0.043059,-0.014223,9.893670
0.17490,0.039722,-0.017130,9.777781
0.18310,0.038976,-0.019181,9.703051
0.19940,0.033920,-0.021145,9.729485
0.20680,0.030296,-0.026552,9.771044
0.21500,0.026368,-0.026360,9.789092
0.22210,0.026994,-0.023654,9.769019
0.23900,0.018587,-0.025267,9.747569
0.24890,0.015934,-0.031366,9.742833
0.25510,0.014573,-0.023992,9.753190
0.26480,0.007361,-0.032739,9.758079
0.27300,0.011523,-0.030989,9.745425
0.28860,0.004581,-0.030726,9.758587
0.29750,0.000155,-0.026628,9.753273
0.30470,-0.002147,-0.034687,9.745703
0.31360,-0.009788,-0.031038,9.754585
0.32970,-0.018678,-0.025729,9.749559
0.33780,-0.015326,-0.027935,9.752510
0.34520,-0.024617,-0.027433,9.756801
0.35480,-0.023636,-0.027516,9.748774
0.37150,-0.030980,-0.022255,9.749409
0.37780,-0.029557,-0.020833,9.747671
0.38520,-0.030304,-0.026212,9.753576
0.39480,-0.035567,-0.024556,9.741792
0.40500,-0.039412,-0.016117,9.751117
0.42160,-0.039499,-0.010854,9.745140
0.43540,-0.043593,-0.016175,9.733188
0.44280,-0.048989,-0.010453,9.745783
0.45680,-0.044210,-0.008434,9.740376
0.46710,-0.049434,-0.005862,9.736195
0.47460,-0.047601,-0.008946,9.745733
0.48290,-0.052513,-0.000572,9.744649
0.49280,-0.048500,-0.003236,9.736938
0.50490,-0.053471,0.004902,9.732299
0.51490,-0.054019,0.007723,9.748528
0.53100,-0.045670,0.011725,9.746113
0.53730,-0.043548,0.013299,9.733313
0.54350,-0.043409,0.012994,9.744921
0.55410,-0.042520,0.017464,9.743260
0.56500,-0.042198,0.013934,9.728371
0.57470,-0.041574,0.016069,9.743219
0.58820,-0.032105,0.024185,9.735503
0.59870,-0.029177,0.019714,9.736524
0.60400,-0.032103,0.019748,9.743564
0.61490,-0.032796,0.021379,9.741111
0.62320,-0.023068,0.022288,9.737326
0.63520,-0.020908,0.030334,9.740272
0.64740,-0.014926,0.030200,9.729985
0.65370,-0.014775,0.026804,9.740752
0.66320,-0.008238,0.030788,9.724723
0.67220,-0.003865,0.031501,9.736317
0.68820,0.000941,0.031630,9.734523
0.69520,-0.000536,0.031939,9.897074
0.70430,0.002370,0.025792,10.055365
0.72140,0.015106,0.031321,9.608758
0.72220,0.007651,0.026038,9.597055
0.73800,0.019805,0.030674,9.698976
0.74470,0.015432,0.024347,9.793859
0.75420,0.025774,0.029649,9.801012
0.76260,0.028709,0.021617,9.747178
0.77750,0.027985,0.027060,9.691743
0.78610,0.033636,0.025201,9.731310
0.79380,0.036135,0.018186,9.724979
0.80370,0.040941,0.022829,9.736355
0.81800,0.037592,0.013810,9.728984
0.82640,0.040905,0.014413,9.728571
0.83500,0.041519,0.012061,9.728472
0.85130,0.051765,0.013577,9.728253
0.85380,0.048710,0.005682,9.734634
0.86700,0.052862,0.008674,9.733825
0.87490,0.047779,0.005566,9.735701
0.88450,0.052996,0.005528,9.721385
0.89930,0.051939,-0.000949,9.734163
0.90470,0.048822,0.001054,9.724521
0.91530,0.048507,-0.009091,9.734306
0.92230,0.051065,-0.010608,9.721598
0.93700,0.050715,-0.012925,9.729045
0.94660,0.044954,-0.015863,9.732909
0.95520,0.040280,-0.017950,9.900600
0.96360,0.039839,-0.017476,9.900925
0.99010,0.032206,-0.023485,9.656813
0.99870,0.031078,-0.026260,9.706610
1.00660,0.028760,-0.020945,9.739839
1.01360,0.026735,-0.027257,9.768711
1.02360,0.026843,-0.026447,9.744686
1.03480,0.026553,-0.031551,9.727992
1.04870,0.019333,-0.029474,9.722521
1.05530,0.009214,-0.031988,9.723488
1.06480,0.015112,-0.028683,9.737685
1.07220,0.005498,-0.032132,9.727394
1.08750,-0.000977,-0.030384,9.731617
1.09710,-0.005125,-0.027360,9.734655
1.10590,-0.009723,-0.029763,9.733776
1.11400,-0.004253,-0.027952,9.740917
1.12240,-0.014737,-0.024877,9.735552
1.13910,-0.013301,-0.024543,9.734700
1.14750,-0.024945,-0.028722,9.740977
1.15590,-0.021175,-0.027950,9.728712
1.16420,-0.024312,-0.025996,9.725172
1.18010,-0.032254,-0.021569,9.727415
1.18750,-0.032452,-0.025596,9.727864
1.19650,-0.034684,-0.024049,9.730530
1.20420,-0.042946,-0.015504,9.743650
1.21410,-0.042477,-0.014696,9.740388
1.22210,-0.044037,-0.018212,9.738512
1.23470,-0.040558,-0.012358,9.732075
1.24590,-0.046500,-0.007681,9.745357
1.25360,-0.051525,-0.009863,9.738824
1.26350,-0.044492,-0.002415,9.746738
1.27240,-0.050182,-0.007758,9.742028
1.28670,-0.045737,0.001890,9.731196
1.29520,-0.047538,0.003418,9.729141
1.30330,-0.050441,-0.001244,9.745100
1.31310,-0.045880,0.007955,9.744138
1.32250,-0.049740,0.007350,9.736632
1.33460,-0.049271,0.009376,9.732455
1.34280,-0.049178,0.011151,9.747414
1.35840,-0.042452,0.010239,9.742032
1.36250,-0.047134,0.020492,9.733345
1.37660,-0.038565,0.014046,9.750162
1.38470,-0.040911,0.022945,9.746499
1.39280,-0.030967,0.021005,9.735868
1.40670,-0.029352,0.023436,9.744619
1.41800,-0.030859,0.022365,9.751131
1.42630,-0.023164,0.026524,9.740197
1.43500,-0.017449,0.029460,9.750889
1.44340,-0.023400,0.031695,9.737566
1.45300,-0.010629,0.026454,9.736870
1.46260,-0.010913,0.031776,9.751998
1.47340,-0.010306,0.032890,9.754811
1.48300,-0.003676,0.026215,9.741720
1.49930,0.006463,0.030177,10.059757
1.50680,0.004440,0.025124,10.019175
1.51490,0.007884,0.034426,9.773423
1.52340,0.009425,0.030242,9.596961
1.53380,0.011437,0.033261,9.649165
1.54480,0.015453,0.031614,9.807754
1.55450,0.021886,0.030820,9.824874
1.56490,0.026446,0.026057,9.737803
1.57300,0.032553,0.027714,9.701100
1.58380,0.036569,0.022728,9.741756
1.59510,0.035246,0.017169,9.763642
1.60650,0.042352,0.017615,9.747497
1.61510,0.040951,0.018979,9.757199
1.62360,0.044168,0.018060,9.755152
1.64010,0.042829,0.012454,9.765474
1.64850,0.050740,0.006524,9.760454
1.65680,0.050378,0.008790,9.764658
1.66500,0.048671,0.001836,9.767806
1.68140,0.053248,0.001055,9.758412
1.68330,0.046689,0.005563,9.761064
1.69790,0.048133,-0.001819,9.767882
1.70650,0.049155,-0.006026,9.757348
1.71300,0.053968,-0.006717,9.759270
1.72360,0.052006,-0.006265,9.773943
1.73460,0.046953,-0.014551,9.774072
1.74570,0.046295,-0.016660,9.770255
1.75680,0.044572,-0.017409,9.944615
1.76450,0.039214,-0.014596,9.914763
1.77290,0.040776,-0.021287,9.807841
1.78340,0.041129,-0.014837,9.705019
1.79670,0.032749,-0.020275,9.730502
1.80480,0.035428,-0.021775,9.785098
1.81330,0.029276,-0.029024,9.793135
1.82380,0.021578,-0.026437,9.798609
1.83210,0.024449,-0.024552,9.782841
1.84660,0.013909,-0.032004,9.753508
1.85470,0.019268,-0.028370,9.769610
1.86280,0.012918,-0.029968,9.783829
1.87500,0.010898,-0.029735,9.767725
1.88660,-0.000756,-0.029857,9.769021
1.89480,0.002374,-0.025480,9.780604
1.90300,-0.008975,-0.030483,9.772243
1.91340,-0.008528,-0.031312,9.771176
1.92500,-0.011009,-0.027255,9.783118
1.93730,-0.013517,-0.031875,9.787958
1.94450,-0.016585,-0.026614,9.785075
1.96010,-0.021178,-0.021984,9.784347
1.97030,-0.030583,-0.025629,9.785040
1.97750,-0.026829,-0.019273,9.793453
1.98750,-0.033586,-0.026148,9.795694
1.99570,-0.040140,-0.020699,9.782797
2.00390,-0.037008,-0.014420,9.786276
2.01230,-0.040811,-0.021107,9.788636
2.02830,-0.039833,-0.013674,9.800691
2.03660,-0.041819,-0.013267,9.784719
2.04450,-0.044486,-0.009954,9.796022
2.05290,-0.047839,-0.005012,9.793636
2.06320,-0.050077,-0.006501,9.793527
2.07810,-0.053075,-0.001357,9.793000
2.08640,-0.045722,0.000839,9.789521
2.09490,-0.051541,0.004250,9.801369
2.10350,-0.049941,-0.000643,9.800375
2.11340,-0.046262,0.001566,9.797979
2.12460,-0.046820,0.007676,9.809339
2.13680,-0.051021,0.008850,9.806199
2.14460,-0.044681,0.008180,9.807067
2.15380,-0.041720,0.018144,9.807221
2.16300,-0.045980,0.012335,9.802090
2.17710,-0.039423,0.015707,9.796356
2.18500,-0.041346,0.022395,9.796524
2.19290,-0.033307,0.017898,9.797260
2.20980,-0.031231,0.025141,9.809829
2.21670,-0.027199,0.020294,9.816184
2.22670,-0.029182,0.023450,9.818960
2.23440,-0.018378,0.027463,9.804076
2.24260,-0.015808,0.025338,9.820605
2.25970,-0.010407,0.027196,9.807110
2.26730,-0.008533,0.024933,9.816889
2.27480,-0.002456,0.029012,9.805860
2.28490,-0.003538,0.028695,9.812574
2.29300,0.001645,0.025048,9.877199
2.30910,0.006296,0.026465,10.029181
2.31680,0.007078,0.026594,9.784132
2.32480,0.017762,0.030064,9.658395
2.33340,0.020321,0.028694,9.720140
2.34580,0.016515,0.030651,9.890869
2.35840,0.022325,0.025903,9.877932
2.36640,0.025472,0.025776,9.805578
2.37370,0.034205,0.028937,9.775207
2.38810,0.037145,0.025370,9.826636
2.39860,0.034840,0.023090,9.818152
2.40330,0.041459,0.024174,9.832835
2.41520,0.044296,0.015189,9.835713
2.42210,0.041098,0.017133,9.834749
2.43730,0.043883,0.010940,9.829584
2.44800,0.049757,0.005586,9.825472
2.45290,0.044681,0.005206,9.824182
2.46500,0.046072,0.010725,9.841503
2.48080,0.050529,-0.001935,9.829407
2.48710,0.051791,-0.001353,9.843028
2.49840,0.049241,0.002131,9.835848
2.50660,0.046968,-0.003674,9.836957
2.51490,0.052016,-0.006524,9.846516
2.52290,0.043729,-0.010591,9.837796
2.53940,0.050189,-0.007635,9.838893
2.54810,0.040562,-0.009549,9.851550
2.55510,0.039933,-0.018114,9.995492
2.56410,0.045155,-0.012655,10.004868
2.57210,0.043349,-0.014676,9.898100
2.58910,0.033183,-0.016603,9.778345
2.59760,0.034993,-0.020013,9.811807
2.60580,0.032858,-0.021804,9.845292
2.61520,0.026738,-0.027766,9.879185
2.62310,0.028979,-0.028664,9.863044
2.63850,0.024106,-0.024380,9.829124
2.64740,0.018905,-0.024516,9.828539
2.65510,0.014955,-0.028302,9.844180
2.66290,0.013021,-0.028282,9.849487
2.67930,0.007587,-0.028258,9.858150
2.68830,-0.000913,-0.033498,9.848874
2.69680,-0.006793,-0.032281,9.850778
2.70620,-0.001002,-0.034008,9.848624
2.71260,-0.011604,-0.025359,9.854096
2.72320,-0.014925,-0.028098,9.859299
2.73890,-0.021795,-0.026620,9.854940
2.74410,-0.016690,-0.026229,9.865943
2.75540,-0.024460,-0.028318,9.866384
2.76490,-0.022523,-0.022996,9.864763
2.77310,-0.026813,-0.028951,9.848945
2.78500,-0.031517,-0.019277,9.852893
2.79770,-0.034966,-0.016542,9.863707
2.80780,-0.040368,-0.017867,9.857935
2.81490,-0.043928,-0.016906,9.869391
2.82470,-0.045981,-0.014241,9.868450
2.83360,-0.040175,-0.009987,9.869495
2.85030,-0.051840,-0.006985,9.873704
2.85760,-0.052077,-0.005205,9.867164
2.86660,-0.045605,-0.008585,9.861401
2.87320,-0.048384,-0.007649,9.857373
2.88330,-0.045190,-0.004530,9.860814
2.89250,-0.048883,0.005068,9.861008
2.90580,-0.049059,-0.001602,9.863409
2.91470,-0.054026,0.009699,9.870552
2.92330,-0.047858,0.010947,9.873048
2.93840,-0.042962,0.007827,9.872384
2.94810,-0.047618,0.009241,9.878980
2.95530,-0.045310,0.011004,9.877115
2.96500,-0.043667,0.020174,9.869662
2.97230,-0.037264,0.017104,9.880494
2.98910,-0.038856,0.020059,9.869597
2.99700,-0.033069,0.023121,9.874859
3.00680,-0.035533,0.022533,9.876909
3.01390,-0.030774,0.021534,9.873168
3.02310,-0.024774,0.026092,9.871145
3.03510,-0.023839,0.027048,9.871769
3.04490,-0.014095,0.026632,9.871930
3.05680,-0.009190,0.026678,9.876755
3.06510,-0.008121,0.027375,9.883496
3.07280,-0.011504,0.031772,9.879476
3.08910,0.003140,0.027457,9.881950
3.09760,0.007071,0.026533,10.135113
3.10670,0.010321,0.032526,10.160703
3.11500,0.006130,0.025245,9.914273
3.12230,0.012283,0.031792,9.732688
3.13900,0.020459,0.031791,9.863427
3.14230,0.019478,0.030008,9.912525
3.15640,0.021313,0.024635,9.953027
3.16510,0.027220,0.027612,9.870737
3.17280,0.031896,0.025856,9.829673
3.18800,0.029885,0.020295,9.888215
3.19790,0.041818,0.016405,9.883368
3.20640,0.043292,0.017672,9.886528
3.21490,0.043829,0.021538,9.892795
3.22430,0.039693,0.015738,9.879451
3.23300,0.046094,0.009524,9.885206
3.24890,0.042473,0.006149,9.885854
3.25750,0.045202,0.007262,9.887457
3.26630,0.048699,0.007023,9.877524
3.27290,0.047072,0.003991,9.881792
3.28270,0.051558,0.001408,9.879313
3.29240,0.048273,-0.000969,9.887321
3.30810,0.052137,0.000020,9.896055
3.31670,0.050008,-0.001321,9.888911
3.32310,0.051987,-0.003863,9.888469
3.33280,0.048375,-0.009483,9.884171
3.34480,0.045075,-0.010200,9.892876
3.35680,0.046223,-0.010077,10.063833
3.36480,0.040126,-0.018969,10.042785
3.37360,0.037435,-0.014496,9.919100
3.39050,0.036722,-0.023210,9.819238
3.39280,0.033463,-0.024695,9.825019
3.40720,0.034293,-0.018643,9.896375
3.41590,0.030916,-0.020979,9.920048
3.42450,0.023236,-0.027549,9.915399
3.43320,0.018410,-0.027967,9.883442
3.44220,0.021954,-0.031544,9.870380
3.45760,0.014442,-0.026117,9.882050
3.46570,0.008698,-0.028547,9.896093
3.47220,0.011160,-0.032733,9.886334
3.48900,0.005191,-0.034189,9.885115
3.49850,0.002318,-0.034305,9.895142
3.50580,-0.009960,-0.032859,9.893871
3.51420,-0.004066,-0.026158,9.895744
3.52220,-0.010276,-0.029856,9.894218
3.53520,-0.016543,-0.024146,9.897910
3.54790,-0.018467,-0.028324,9.881175
3.55480,-0.021945,-0.023263,9.898082
3.56310,-0.021686,-0.024309,9.892407
3.57250,-0.028552,-0.025617,9.894266
3.58450,-0.036403,-0.020259,9.897056
3.59770,-0.034049,-0.018367,9.895927
3.60580,-0.035976,-0.018379,9.887554
3.61450,-0.037813,-0.012666,9.881746
3.63030,-0.049143,-0.018711,9.892505
3.63780,-0.045564,-0.010922,9.887950
3.64610,-0.049848,-0.011289,9.899094
3.65420,-0.047455,-0.012375,9.897035
3.66260,-0.052611,-0.010317,9.886779
3.67790,-0.052434,-0.002385,9.879349
3.68740,-0.047954,-0.001136,9.883451
3.69480,-0.053538,0.002652,9.879537
3.70460,-0.048954,0.005240,9.896366
3.71250,-0.051617,0.004535,9.894266
3.72740,-0.050081,0.009339,9.893003
3.73510,-0.048615,0.012798,9.883454
3.74290,-0.045805,0.007395,9.893207
3.75400,-0.039905,0.012492,9.896874
3.76710,-0.038264,0.012927,9.890234
3.77480,-0.037774,0.018629,9.878941
3.78310,-0.037753,0.021918,9.891084
3.79930,-0.038210,0.021438,9.890034
3.80530,-0.031893,0.024994,9.892732
3.81520,-0.023644,0.028768,9.880409
3.82350,-0.021648,0.022734,9.885491
3.83800,-0.016274,0.025744,9.880475
3.84690,-0.014510,0.032037,9.885220
3.85490,-0.017556,0.024163,9.890922
3.86320,-0.006648,0.031118,9.893807
3.87390,-0.006869,0.033146,9.884338
3.88820,-0.003614,0.026623,9.886658
3.89950,0.005798,0.030814,10.196245
3.90500,0.000515,0.032750,10.193862
3.91590,0.008744,0.027170,9.887877
3.92330,0.008957,0.024819,9.719141
3.93390,0.019120,0.029192,9.785301
3.94510,0.016268,0.023573,9.940733
3.95580,0.022985,0.022183,9.939191
3.96540,0.028911,0.027084,9.867976
3.97240,0.028085,0.024892,9.828677
3.98490,0.036127,0.024882,9.867534
3.99840,0.033576,0.018870,9.880015
4.00480,0.034192,0.019958,9.887587
4.01510,0.043543,0.017397,9.869180
4.02340,0.040580,0.011973,9.876265
4.03990,0.043815,0.007805,9.881168
4.04890,0.044416,0.005420,9.882573
4.05530,0.048410,0.008120,9.874355
4.06480,0.047524,0.008237,9.872263
4.07300,0.050077,-0.000093,9.865532
4.09000,0.045845,0.001413,9.863803
4.09880,0.047542,-0.004091,9.864072
4.10450,0.053732,-0.006162,9.871089
4.11510,0.053426,-0.009830,9.878864
4.12220,0.053537,-0.006872,9.862386
4.13890,0.051256,-0.007921,9.867490
4.14850,0.041960,-0.014283,9.877145
4.15510,0.040004,-0.011950,10.019150
4.16520,0.037512,-0.020295,10.008603
4.17230,0.036863,-0.022642,9.917527
4.18820,0.036784,-0.018059,9.796438
4.19830,0.036402,-0.023262,9.837330
4.20470,0.036430,-0.018375,9.865065
4.21480,0.031180,-0.021466,9.893400
4.22340,0.025309,-0.025962,9.893170
4.23890,0.016983,-0.025272,9.857433
4.24700,0.015457,-0.029995,9.848366
4.25510,0.018808,-0.030026,9.851837
4.26380,0.015888,-0.030129,9.867785
4.27230,0.007764,-0.033059,9.858732
4.28870,0.006012,-0.034482,9.860985
4.29710,-0.001287,-0.030539,9.861178
4.30570,-0.005490,-0.026763,9.853387
4.31470,-0.012669,-0.028663,9.862968
4.32250,-0.010568,-0.033969,9.847754
4.33280,-0.012450,-0.032482,9.854529
4.34680,-0.021696,-0.026154,9.864587
4.35480,-0.022687,-0.022294,9.863525
4.37070,-0.025135,-0.026010,9.848127
4.37940,-0.035705,-0.023955,9.854165
4.38910,-0.029972,-0.025117,9.859596
4.39320,-0.032368,-0.017304,9.842174
4.40490,-0.036892,-0.016353,9.852818
4.41320,-0.041037,-0.014155,9.851645
4.42230,-0.039934,-0.013475,9.857323
4.43850,-0.043553,-0.010084,9.852307
4.44750,-0.046221,-0.011248,9.850027
4.45500,-0.043656,-0.004665,9.850640
4.46380,-0.049160,-0.008034,9.838655
4.47290,-0.045020,-0.003400,9.844405
4.48960,-0.048538,0.000302,9.846962
4.49850,-0.054922,0.002913,9.838813
4.50490,-0.044900,0.007566,9.846949
4.51500,-0.050842,0.009709,9.841679
4.52260,-0.048559,0.006397,9.833512
4.53970,-0.049893,0.009465,9.839018
4.54790,-0.045504,0.010712,9.833777
4.55430,-0.040814,0.015977,9.839248
4.56330,-0.043158,0.017565,9.827771
4.57250,-0.036718,0.019421,9.837173
4.58540,-0.034628,0.023595,9.833724
4.59810,-0.031738,0.024794,9.835651
4.60480,-0.034586,0.019587,9.838544
4.61530,-0.031395,0.024698,9.835915
4.62270,-0.024828,0.023961,9.830968
4.63880,-0.024344,0.032317,9.824336
4.64770,-0.019991,0.031091,9.827876
4.65540,-0.016236,0.026383,9.837930
4.66390,-0.010266,0.029973,9.836101
4.67350,-0.011028,0.030013,9.819796
4.68820,0.003531,0.028176,9.817354
4.69870,0.004186,0.034316,10.111279
4.70460,0.007342,0.029328,10.146338
4.71540,0.006524,0.030937,9.848462
4.72380,0.016422,0.027930,9.667184
4.73520,0.018542,0.024533,9.745918
4.74290,0.016701,0.023836,9.853149
4.75420,0.023484,0.024325,9.892348
4.76500,0.030306,0.026607,9.809875
4.77260,0.027638,0.021609,9.776221
4.78990,0.032232,0.017692,9.815843
4.79860,0.040056,0.015364,9.813002
4.80690,0.043427,0.023036,9.820671
4.81530,0.046087,0.019596,9.805694
4.82210,0.039502,0.014094,9.817773
4.83500,0.046585,0.016431,9.818937
4.84830,0.043220,0.009055,9.818723
4.85550,0.043161,0.010847,9.813475
4.86350,0.047266,0.006463,9.808587
4.87210,0.047090,0.002468,9.815137
4.88820,0.047293,-0.001661,9.813417
4.89680,0.047238,-0.001001,9.801162
4.90500,0.046739,0.001134,9.801973
4.91340,0.048150,-0.006031,9.812439
4.92210,0.048420,-0.005740,9.798014
4.94000,0.041868,-0.009401,9.798065
4.94790,0.042202,-0.013636,9.797123
4.95670,0.047234,-0.015504,9.973460
4.96510,0.037911,-0.017214,9.950909
4.98030,0.040246,-0.020268,9.758557
4.98850,0.035119,-0.023531,9.730243
4.99400,0.037194,-0.024200,9.746828
5.00550,0.030896,-0.025878,9.804347
5.01370,0.028120,-0.020602,9.820123
5.02230,0.022744,-0.026308,9.811761
5.03850,0.024681,-0.032306,9.788332
5.04650,0.012837,-0.026388,9.783089
5.05650,0.018064,-0.023953,9.783095
5.06340,0.015920,-0.033053,9.799023
5.07280,0.005795,-0.031479,9.792416
5.08900,-0.003204,-0.025778,9.795661
5.09760,-0.001209,-0.029800,9.788423
5.10540,-0.000691,-0.027085,9.788599
5.11390,-0.009515,-0.029613,9.792889
5.13030,-0.019099,-0.033537,9.787597
5.13790,-0.014134,-0.025618,9.781868
5.14670,-0.016118,-0.028554,9.774003
5.15490,-0.028077,-0.028429,9.771979
5.16330,-0.024929,-0.022269,9.783032
5.17260,-0.026598,-0.026577,9.785702
5.19020,-0.035493,-0.019522,9.779362
5.19890,-0.041443,-0.020690,9.782322
5.20810,-0.037022,-0.017273,9.782819
5.21660,-0.046442,-0.016496,9.781230
5.22370,-0.046591,-0.018053,9.768868
5.23330,-0.048998,-0.017575,9.771391
5.24990,-0.044581,-0.010137,9.767308
5.25580,-0.049705,-0.012120,9.781723
5.26640,-0.050906,-0.009008,9.781109
5.27340,-0.053727,-0.005306,9.777979
5.28310,-0.048902,-0.002997,9.765690
5.29950,-0.047562,-0.002888,9.771261
5.30840,-0.048731,0.006446,9.760421
5.31270,-0.047118,0.005192,9.760239
5.32470,-0.046668,0.004250,9.771925
5.33290,-0.049283,0.011117,9.766264
5.34920,-0.044845,0.009824,9.765475
5.35810,-0.048194,0.019238,9.755887
5.36250,-0.040459,0.020445,9.762490
5.37360,-0.042961,0.018618,9.765433
5.38310,-0.041104,0.018343,9.756557
5.39990,-0.031816,0.019239,9.762402
5.40830,-0.031183,0.024161,9.753852
5.41850,-0.023022,0.025482,9.759936
5.42320,-0.024859,0.027081,9.754385
5.43420,-0.019759,0.025390,9.761352
5.44260,-0.022144,0.030369,9.756653
5.45690,-0.009539,0.027897,9.750181
5.46490,-0.006911,0.029660,9.747761
5.47330,-0.009452,0.033142,9.747983
5.48360,-0.004495,0.027300,9.749142
5.50000,0.006578,0.030319,10.075280
5.50670,0.006017,0.031333,10.041868
5.51620,0.010683,0.031140,9.746812
5.52320,0.015149,0.032399,9.603835
5.53920,0.013523,0.028353,9.749010
5.54770,0.022163,0.026459,9.828259
5.55730,0.027285,0.027180,9.809834
5.56310,0.025539,0.026264,9.759596
5.57250,0.030562,0.028006,9.695585
5.58520,0.037022,0.019477,9.734831
5.59380,0.034677,0.020200,9.748956
5.60530,0.039872,0.016531,9.746175
5.61480,0.043052,0.018123,9.739183
5.62200,0.042947,0.020524,9.741065
5.63300,0.042817,0.011863,9.751068
5.64520,0.042860,0.014680,9.737381
5.65770,0.049498,0.005053,9.749421
5.66680,0.045395,0.004968,9.736955
5.67340,0.048628,0.008468,9.747996
5.68950,0.054152,-0.002791,9.742025
5.69780,0.051340,0.001330,9.731994
5.70680,0.045953,0.000011,9.739599
5.71500,0.049962,-0.002557,9.750124
5.72350,0.051371,-0.009138,9.732962
5.73440,0.045107,-0.008582,9.732553
5.74480,0.043916,-0.008245,9.742091
5.75670,0.043894,-0.017644,9.913880
5.76480,0.039319,-0.018077,9.883806
5.77250,0.037067,-0.022358,9.792108
5.79030,0.039512,-0.017308,9.661259
5.79840,0.030492,-0.026111,9.703645
5.80650,0.031385,-0.026297,9.755164
5.81470,0.030812,-0.027459,9.771599
5.82250,0.028203,-0.021110,9.765216
5.83980,0.017499,-0.029447,9.715057
5.84870,0.019961,-0.024583,9.733196
5.85680,0.012596,-0.031029,9.740684
5.86500,0.013092,-0.024907,9.742970
5.87320,0.010574,-0.030955,9.731036
5.88980,-0.001231,-0.033116,9.733300
5.89900,-0.006282,-0.031602,9.743002
5.90630,-0.010403,-0.028263,9.741719
5.91460,-0.004157,-0.027620,9.737968
5.92360,-0.010314,-0.032841,9.727717
5.93990,-0.022790,-0.026191,9.738453
5.94750,-0.025741,-0.028216,9.739591
5.95650,-0.028281,-0.028721,9.734135
5.96460,-0.023527,-0.027309,9.727096
5.97260,-0.028282,-0.023558,9.727453
5.98930,-0.032924,-0.024900,9.727774
5.99470,-0.033230,-0.024356,9.735230
6.00610,-0.036158,-0.014749,9.737516
6.01500,-0.040760,-0.017144,9.732936
6.02300,-0.039210,-0.018527,9.723574
6.03950,-0.042022,-0.010364,9.739243
6.04810,-0.048991,-0.011623,9.735138
6.05590,-0.046970,-0.011940,9.733413
6.06390,-0.048175,-0.004055,9.730311
6.07280,-0.046895,-0.008618,9.727510
6.08900,-0.052167,-0.004579,9.727263
6.09760,-0.054055,0.003633,9.729661
6.10610,-0.048023,0.008284,9.739180
6.11250,-0.050989,0.005379,9.726844
6.12330,-0.045605,0.007304,9.739858
6.14120,-0.043160,0.008740,9.738444
6.14270,-0.048392,0.014077,9.730668
6.15660,-0.042396,0.014465,9.732794
6.16700,-0.036569,0.020103,9.720015
6.17350,-0.039102,0.019072,9.722803
6.19000,-0.037507,0.024820,9.734139
6.19870,-0.034503,0.021460,9.722957
6.20780,-0.029808,0.027492,9.725220
6.21460,-0.028055,0.028024,9.724133
6.22420,-0.022657,0.021636,9.735127
6.23510,-0.023998,0.031067,9.738347
6.24970,-0.019753,0.023799,9.722985
6.25700,-0.013646,0.028468,9.728668
6.26470,-0.008008,0.027428,9.734514
6.27280,-0.009837,0.032923,9.729615
6.29120,0.001391,0.031655,9.733516
6.29980,0.005090,0.027471,10.031827
6.30660,0.003473,0.029235,10.015263
6.31630,0.013896,0.031563,9.718708
6.32290,0.016598,0.030771,9.578736
6.33990,0.015522,0.029858,9.737653
6.34950,0.018130,0.025510,9.815543
6.35690,0.021308,0.028984,9.796087
6.36510,0.029345,0.029572,9.724394
6.37520,0.026587,0.024817,9.681292
6.39160,0.036014,0.022199,9.734380
6.39710,0.034683,0.021719,9.724897
6.40730,0.040180,0.020529,9.740666
6.41510,0.043478,0.019622,9.740220
6.42400,0.047676,0.012303,9.726064
6.43980,0.046575,0.010275,9.736855
6.44380,0.046710,0.012231,9.741377
6.45780,0.047147,0.005691,9.727494
6.46490,0.047518,0.006353,9.733072
6.47390,0.050580,0.006769,9.732296
6.48480,0.047160,-0.002941,9.727681
6.49330,0.049820,0.001671,9.736916
6.50610,0.045241,-0.001894,9.743700
6.51780,0.045493,-0.002535,9.731164
6.52330,0.049841,-0.003650,9.734863
6.53330,0.044003,-0.005582,9.728214
6.54230,0.041835,-0.015766,9.731172
6.55210,0.040102,-0.013119,9.841365
6.56730,0.044659,-0.020946,9.864499
6.57330,0.036503,-0.013416,9.783048
6.58320,0.039863,-0.020295,9.680948
6.59960,0.034934,-0.021536,9.713220
6.60600,0.033825,-0.021825,9.754975
6.61230,0.030539,-0.028885,9.772708
6.62250,0.029942,-0.027183,9.755094
6.63310,0.024422,-0.029376,9.731010
6.64970,0.017032,-0.027497,9.740876
6.65510,0.012021,-0.031097,9.732548
6.66620,0.011350,-0.028612,9.748802
6.67280,0.011348,-0.030342,9.737306
6.68890,-0.003144,-0.031068,9.753767
6.69780,-0.004899,-0.034453,9.752054
6.70510,-0.005407,-0.034054,9.740792
6.71420,-0.005951,-0.030712,9.739576
6.73020,-0.019289,-0.030349,9.752928
6.73790,-0.020980,-0.026085,9.740298
6.74650,-0.020835,-0.032282,9.750249
6.75490,-0.023566,-0.030799,9.743878
6.76260,-0.026062,-0.026031,9.746941
6.77910,-0.029145,-0.024667,9.759882
6.78750,-0.036809,-0.023012,9.749021
6.79670,-0.034145,-0.015434,9.759441
6.80420,-0.038921,-0.016688,9.763063
6.82020,-0.042138,-0.015318,9.760691
6.82920,-0.047770,-0.010886,9.755048
6.83770,-0.045973,-0.010525,9.746093
6.84630,-0.042532,-0.014153,9.755821
6.85420,-0.050788,-0.013329,9.765118
6.87080,-0.044842,-0.006804,9.765906
6.87910,-0.051089,-0.005298,9.757779
6.88720,-0.048619,-0.002416,9.751610
6.89570,-0.053271,0.002984,9.766299
6.90370,-0.054737,-0.002180,9.767636
6.92100,-0.050300,0.011022,9.754323
6.92260,-0.052038,0.003637,9.759682
6.93820,-0.049490,0.014436,9.755955
6.94680,-0.042146,0.017288,9.773266
6.95540,-0.048784,0.018107,9.758954
6.96410,-0.042486,0.019987,9.755112
6.97320,-0.036638,0.019502,9.771849
6.98870,-0.035722,0.023454,9.757799
6.99720,-0.032799,0.025274,9.758903
7.00560,-0.035648,0.023768,9.766921
7.01740,-0.025747,0.021983,9.769935
7.02250,-0.026187,0.028820,9.775743
7.03470,-0.023710,0.025575,9.775025
7.04680,-0.013563,0.028638,9.770697
7.05500,-0.012283,0.033745,9.773915
7.06350,-0.008267,0.024544,9.769765
7.07240,-0.009957,0.032350,9.769273
7.08980,0.001261,0.028545,9.782814
7.09930,0.005350,0.025295,10.069553
7.10560,0.007226,0.032963,10.078990
7.11470,0.011987,0.027787,9.809860
7.12210,0.015925,0.031808,9.636653
7.13910,0.013169,0.030660,9.775509
7.14730,0.022486,0.024488,9.857778
7.15670,0.020121,0.021745,9.836752
7.16500,0.029813,0.022560,9.776049
7.17240,0.031154,0.019612,9.747506
7.18900,0.036438,0.021925,9.789912
7.19800,0.041328,0.017455,9.788070
7.20570,0.043547,0.023579,9.793484
7.21410,0.038603,0.020468,9.783953
7.22260,0.044779,0.011971,9.796302
7.23910,0.042498,0.007837,9.793128
7.24730,0.043214,0.012430,9.791746
7.25470,0.049227,0.008018,9.781010
7.26340,0.048327,0.009814,9.798255
7.27240,0.047196,0.003248,9.799758
7.28930,0.048916,0.003530,9.785514
7.29780,0.053549,-0.003386,9.790407
7.30640,0.047501,-0.001281,9.798293
7.31500,0.049258,-0.009531,9.789093
7.32230,0.053220,-0.006239,9.793464
7.33500,0.048088,-0.007112,9.798412
7.34710,0.047510,-0.012520,9.790887
7.35610,0.048517,-0.010647,9.967300
7.36510,0.042226,-0.013918,9.942877
7.37210,0.044469,-0.015245,9.858732
7.38230,0.042746,-0.020109,9.750280
7.39830,0.031301,-0.026959,9.776803
7.40440,0.028244,-0.023951,9.806799
7.41250,0.027003,-0.019508,9.839185
7.42300,0.021133,-0.025832,9.833817
7.43300,0.019355,-0.024902,9.808744
7.44480,0.016523,-0.030483,9.791613
7.45510,0.015567,-0.030766,9.811781
7.46340,0.009108,-0.033375,9.805027
7.47490,0.005788,-0.030444,9.820077
7.48880,0.001053,-0.030433,9.815839
7.49680,0.000608,-0.031156,9.812202
7.50480,-0.009728,-0.033870,9.820384
7.51310,-0.004459,-0.025102,9.806381
7.52210,-0.015076,-0.027662,9.821247
7.53910,-0.021589,-0.027708,9.826487
7.54340,-0.016924,-0.025964,9.812157
7.55490,-0.026045,-0.027718,9.810837
7.56310,-0.025442,-0.029879,9.819290
7.57910,-0.036221,-0.024537,9.824992
7.58870,-0.034462,-0.021794,9.814330
7.59720,-0.033717,-0.021808,9.830936
7.60510,-0.041662,-0.023433,9.820084
7.61360,-0.044565,-0.013030,9.820765
7.62970,-0.045660,-0.013654,9.816027
7.63970,-0.045537,-0.013087,9.834507
7.64860,-0.048308,-0.010143,9.830088
7.65620,-0.043626,-0.012137,9.819270
7.66490,-0.047650,-0.010017,9.827244
7.67340,-0.050372,-0.000030,9.839692
7.68870,-0.046531,-0.000902,9.832588
7.69710,-0.050795,0.000330,9.838291
7.70520,-0.044791,0.005223,9.840682
7.71330,-0.051820,0.001254,9.833576
7.73040,-0.042848,0.009881,9.834099
7.73850,-0.050458,0.007064,9.836051
7.74680,-0.043271,0.017349,9.838816
7.75510,-0.043336,0.016751,9.842883
7.76350,-0.039783,0.012738,9.839999
7.78000,-0.036270,0.021830,9.840369
7.78820,-0.032629,0.016594,9.839446
7.79650,-0.034756,0.024288,9.843344
7.80440,-0.028152,0.020247,9.832176
7.81280,-0.026875,0.026873,9.843533
7.83010,-0.018902,0.021539,9.841818
7.83900,-0.019879,0.026285,9.851818
7.84500,-0.017040,0.024105,9.843807
7.85610,-0.014143,0.032415,9.842925
7.86500,-0.008809,0.033176,9.845944
7.87280,-0.003887,0.028417,9.842000
7.88350,0.000769,0.029068,9.846195
7.89680,0.005103,0.032324,10.089565
7.90630,0.003955,0.025694,10.143943
7.91330,0.005443,0.027590,9.934858
7.92260,0.007492,0.027659,9.708579
7.93470,0.016176,0.025051,9.769490
7.94770,0.020041,0.025461,9.937999
7.95630,0.021520,0.025693,9.918401
7.96470,0.026943,0.024519,9.845692
7.97210,0.028992,0.026393,9.817636
7.98480,0.037954,0.025749,9.845170
7.99790,0.032918,0.025141,9.851583
8.00520,0.040269,0.018456,9.867702
8.01330,0.042795,0.022235,9.854056
8.03030,0.048488,0.014465,9.864580
8.03940,0.048269,0.008391,9.852574
8.04790,0.049942,0.011367,9.861769
8.05650,0.043165,0.004454,9.852428
8.06490,0.052632,0.007652,9.870179
8.07260,0.053153,0.003919,9.870117
8.08910,0.049538,0.004664,9.855277
8.09810,0.051731,-0.002976,9.868918
8.10660,0.051730,-0.003240,9.858637
8.11500,0.054105,-0.002539,9.866350
8.12280,0.047447,-0.012039,9.872883
8.13830,0.049377,-0.009857,9.865995
8.14670,0.044997,-0.013042,9.866155
8.15620,0.044116,-0.011402,10.036498
8.16490,0.038637,-0.014629,10.017511
8.17310,0.044293,-0.021120,9.908377
8.18510,0.041252,-0.020694,9.805665
8.19780,0.033975,-0.020930,9.841012
8.20580,0.028933,-0.021612,9.872621
8.21510,0.032078,-0.027775,9.908658
8.22220,0.026432,-0.028316,9.904415
8.23310,0.023297,-0.024515,9.880830
8.24680,0.020971,-0.029824,9.864605
8.25570,0.014281,-0.026515,9.862553
8.26520,0.010054,-0.029152,9.870793
8.27230,0.007121,-0.033034,9.884474
8.28290,-0.000020,-0.030883,9.880148
8.29720,-0.005530,-0.028145,9.883708
8.30550,-0.004449,-0.030801,9.881749
8.31420,-0.009647,-0.032708,9.872859
8.32210,-0.014817,-0.029209,9.882976
8.33920,-0.019560,-0.028872,9.874438
8.34380,-0.023486,-0.030474,9.883750
8.35520,-0.026727,-0.024805,9.884160
8.36380,-0.029684,-0.026601,9.882064
8.37230,-0.025368,-0.020025,9.874935
8.38450,-0.031901,-0.020099,9.876767
8.39830,-0.039671,-0.021387,9.881582
8.40630,-0.034537,-0.014957,9.878834
8.41500,-0.043309,-0.017649,9.879802
8.42320,-0.043892,-0.016991,9.875018
8.43400,-0.047807,-0.013204,9.884442
8.44840,-0.048267,-0.005422,9.892788
8.45580,-0.045459,-0.006312,9.876674
8.46420,-0.052861,-0.008858,9.886453
8.47240,-0.044970,-0.006959,9.887891
8.48890,-0.053073,0.001996,9.875918
8.49750,-0.045706,-0.000233,9.885108
8.50610,-0.052105,0.003101,9.885209
8.51510,-0.048145,0.007185,9.881627
8.52210,-0.048558,0.008033,9.886033
8.53890,-0.048253,0.009426,9.880411
8.54850,-0.041009,0.017818,9.878665
8.55580,-0.043189,0.010061,9.892998
8.56520,-0.038116,0.017465,9.885668
8.57300,-0.043441,0.014422,9.883171
8.58810,-0.037352,0.021096,9.883129
8.59830,-0.035134,0.026914,9.886687
8.60520,-0.028357,0.019313,9.880163
8.61510,-0.031869,0.022577,9.896467
8.62250,-0.025748,0.028530,9.893957
8.63880,-0.017350,0.030521,9.890232
8.64680,-0.021238,0.024935,9.884133
8.65650,-0.010632,0.025554,9.894502
8.66490,-0.010149,0.033564,9.882530
8.67280,-0.007605,0.027656,9.880442
8.69000,-0.000665,0.029232,9.881317
8.69840,0.001192,0.030873,10.167309
8.70730,0.009054,0.024813,10.150768
8.71510,0.011674,0.027263,9.924055
8.72230,0.012199,0.025659,9.742182
8.73900,0.021093,0.027440,9.884537
8.74780,0.018530,0.029799,9.966788
8.75510,0.026927,0.024027,9.968320
8.76480,0.029101,0.028396,9.877299
8.77220,0.028622,0.024066,9.839593
8.78280,0.030631,0.019992,9.874438
8.79680,0.034209,0.025052,9.885479
8.80470,0.034319,0.016411,9.881627
8.81340,0.041174,0.016998,9.896533
8.82210,0.041126,0.014705,9.897784
8.83810,0.043173,0.011949,9.888631
8.84390,0.045370,0.012700,9.889178
8.85490,0.044021,0.004447,9.881855
8.86310,0.050387,0.006753,9.890978
8.87230,0.045067,0.001423,9.891846
8.88470,0.049322,0.003630,9.894510
8.89770,0.047549,0.000330,9.890126
8.90490,0.050943,-0.004742,9.895541
8.91400,0.044694,-0.005870,9.897408
8.92310,0.051485,-0.005795,9.897156
8.93800,0.048356,-0.007805,9.895057
8.94290,0.050023,-0.012516,9.892535
8.95480,0.047703,-0.018538,10.034903
8.96330,0.047005,-0.013431,10.050343
8.98010,0.039451,-0.014835,9.834813
8.98830,0.037268,-0.019089,9.818160
8.99660,0.036273,-0.019846,9.845991
9.00460,0.030379,-0.024423,9.896805
9.01520,0.029774,-0.028224,9.924815
9.02310,0.023550,-0.025809,9.912379
9.03910,0.022743,-0.027161,9.867092
9.04810,0.020339,-0.029388,9.884953
9.05510,0.011396,-0.030609,9.880040
9.06390,0.012206,-0.030508,9.879605
9.07990,0.001052,-0.031730,9.888122
9.08790,0.005333,-0.029070,9.888448
9.09620,0.000160,-0.034061,9.878279
9.10540,-0.002865,-0.025430,9.874064
9.11450,-0.011049,-0.032600,9.886928
9.12300,-0.009837,-0.028402,9.881829
9.13800,-0.016562,-0.028897,9.889667
9.14710,-0.018608,-0.026692,9.890757
9.15470,-0.021737,-0.030033,9.878103
9.16320,-0.029411,-0.020624,9.873893
9.17900,-0.031019,-0.022380,9.882949
9.18810,-0.034193,-0.023740,9.886984
9.19580,-0.032780,-0.020243,9.880922
9.20660,-0.035511,-0.021345,9.879101
9.21480,-0.037452,-0.012615,9.878441
9.22210,-0.045137,-0.017018,9.872587
9.24000,-0.041968,-0.012584,9.869258
9.24470,-0.046120,-0.015479,9.880316
9.25470,-0.049289,-0.011887,9.881226
9.26480,-0.045756,-0.004846,9.883982
9.28040,-0.053804,-0.006983,9.873907
9.28870,-0.051506,0.000063,9.875210
9.29720,-0.047072,-0.001018,9.878340
9.30490,-0.049084,-0.001667,9.880639
9.31310,-0.045577,0.004517,9.880880
9.32260,-0.052239,0.005399,9.867765
9.33800,-0.051164,0.015477,9.868980
9.34840,-0.043936,0.014072,9.870212
9.35480,-0.042862,0.017167,9.879147
9.36420,-0.041762,0.020089,9.873623
9.37250,-0.044362,0.015248,9.868175
9.38910,-0.035423,0.017292,9.867545
9.39700,-0.038815,0.021387,9.867402
9.40490,-0.031864,0.020151,9.862809
9.41340,-0.026783,0.028588,9.864471
9.42230,-0.026045,0.028043,9.858288
9.43260,-0.026034,0.029358,9.870245
9.44870,-0.019100,0.030145,9.856756
9.45450,-0.016092,0.028661,9.859710
9.46510,-0.010948,0.025518,9.856820
9.48110,-0.001210,0.030166,9.860936
9.48950,0.003508,0.032253,9.852624
9.49320,0.002444,0.025439,9.940086
9.50500,0.000388,0.031900,10.180583
9.51470,0.005394,0.029242,9.900565
9.52310,0.009381,0.029550,9.712852
9.53330,0.014903,0.024982,9.757764
9.54700,0.017056,0.031369,9.932353
9.55450,0.020314,0.031041,9.930015
9.56300,0.026189,0.025189,9.859885
9.57950,0.035096,0.023597,9.824821
9.59020,0.038401,0.024565,9.860499
9.59320,0.036603,0.018336,9.857469
9.60530,0.038789,0.023469,9.854465
9.61510,0.042451,0.017952,9.851138
9.62220,0.038255,0.015266,9.853595
9.63970,0.048360,0.016706,9.860449
9.64870,0.043888,0.011558,9.854010
9.65450,0.050913,0.004862,9.851323
9.66480,0.049035,0.002496,9.845463
9.67310,0.046204,0.008403,9.845203
9.68890,0.054040,0.000162,9.836821
9.69710,0.051148,-0.000800,9.838994
9.70490,0.048359,-0.003047,9.840334
9.71330,0.050328,-0.008287,9.850618
9.72330,0.051334,-0.008686,9.848291
9.74010,0.043732,-0.014502,9.834577
9.74880,0.049426,-0.010569,9.860838
9.75450,0.044302,-0.013833,9.987901
9.76500,0.037096,-0.013736,9.992258
9.77320,0.044713,-0.013765,9.873224
9.78850,0.040198,-0.018153,9.763415
9.79690,0.031705,-0.023417,9.799081
9.80460,0.031567,-0.019016,9.832130
9.82190,0.028538,-0.028509,9.861542
9.83810,0.020323,-0.029434,9.833183
9.84620,0.015125,-0.025281,9.827520
9.85470,0.018634,-0.023733,9.828759
9.86310,0.009547,-0.025048,9.826080
9.87900,0.006223,-0.031788,9.821780
9.88770,0.000424,-0.025193,9.824957
9.89640,-0.003333,-0.026242,9.834506
9.90420,-0.007956,-0.032086,9.829735
9.91410,-0.005963,-0.026083,9.833016
9.92870,-0.012128,-0.033479,9.833648
9.93790,-0.021190,-0.026169,9.829499
9.94670,-0.022009,-0.027508,9.815836
9.95450,-0.026140,-0.021868,9.825675
9.97050,-0.026670,-0.028594,9.819951
9.97840,-0.026815,-0.018625,9.828487
9.98730,-0.030636,-0.026005,9.813149
9.99600,-0.037481,-0.021091,9.822844
10.00400,-0.037402,-0.022613,9.824576
10.01450,-0.036285,-0.018933,9.822048
10.02910,-0.042254,-0.014716,9.816257
10.03710,-0.044827,-0.012400,9.821101
10.04580,-0.045897,-0.015040,9.813438
10.05380,-0.044110,-0.009534,9.804930
10.06440,-0.050072,-0.001638,9.807522
10.08000,-0.051248,-0.000177,9.817938
10.08830,-0.052588,0.002974,9.809685
10.09690,-0.050828,-0.003525,9.802233
10.10500,-0.046729,0.002937,9.799751
10.11350,-0.052401,0.006078,9.813821
10.12220,-0.043852,0.009430,9.815357
10.13780,-0.047910,0.014747,9.805376
10.14650,-0.046519,0.010595,9.807053
10.15400,-0.044635,0.009761,9.798957
10.16500,-0.042158,0.014765,9.794357
10.18010,-0.039724,0.015789,9.801848
10.18820,-0.036848,0.022542,9.792639
10.19650,-0.030915,0.023587,9.801705
10.20510,-0.034434,0.018852,9.796103
10.21320,-0.025232,0.020312,9.805014
10.22900,-0.024727,0.022052,9.796353
10.23770,-0.016618,0.028514,9.795936
10.24660,-0.013654,0.024568,9.802339
10.25400,-0.013635,0.027715,9.802008
10.26390,-0.006935,0.025565,9.786981
10.27920,-0.007907,0.027676,9.787302
10.28730,0.003118,0.027490,9.789677
10.29570,0.003676,0.028514,9.988805
10.30430,0.002013,0.031533,10.112627
10.31320,0.003464,0.032571,9.883918
10.32230,0.009804,0.029207,9.636309
10.33910,0.022859,0.023167,9.766961
10.34790,0.023989,0.027381,9.874986
10.35680,0.021590,0.021422,9.836986
10.36490,0.026361,0.027931,9.777169
10.37230,0.031809,0.028226,9.735184
10.38900,0.030217,0.024692,9.778826
10.39780,0.039972,0.019873,9.772475
10.40460,0.043392,0.017598,9.780680
10.41420,0.045261,0.021768,9.786991
10.42250,0.042807,0.018616,9.779360
10.43790,0.046169,0.012845,9.777492
10.44660,0.051130,0.006027,9.782703
10.45480,0.049385,0.012847,9.777514
10.47110,0.050427,0.005758,9.772209
10.47250,0.051045,0.008983,9.781705
10.48800,0.046952,-0.000963,9.775063
10.49650,0.048482,-0.001160,9.768713
10.50420,0.048512,-0.007330,9.761833
10.51260,0.052352,-0.003473,9.777885
10.52920,0.045695,-0.005871,9.770239
10.53780,0.045116,-0.006634,9.765107
10.54660,0.048877,-0.012354,9.768694
10.55420,0.046827,-0.011223,9.909354
10.56370,0.044205,-0.014788,9.922052
10.57970,0.042967,-0.022408,9.728878
10.58800,0.041314,-0.021388,9.698105
10.59650,0.036972,-0.017096,9.712362
10.60460,0.036674,-0.026495,9.768715
10.61300,0.032681,-0.028023,9.787426
10.63010,0.018908,-0.026958,9.773531
10.63790,0.017263,-0.022573,9.758316
10.64660,0.018009,-0.027274,9.749306
10.65460,0.015152,-0.033473,9.746203
10.67190,0.007072,-0.028973,9.757850
10.68840,-0.001221,-0.034871,9.766121
10.69710,-0.001967,-0.031393,9.758472
10.70810,-0.006119,-0.024973,9.745705
10.71310,-0.010885,-0.025149,9.754923
10.72360,-0.008638,-0.029039,9.760034
10.74030,-0.022763,-0.026451,9.750616
10.74880,-0.023640,-0.026478,9.746735
10.75790,-0.020267,-0.024127,9.749807
10.76230,-0.023007,-0.020576,9.761673
10.77580,-0.026372,-0.020904,9.757066
10.78500,-0.030837,-0.023203,9.748779
10.79280,-0.032141,-0.017693,9.752287
10.80640,-0.035566,-0.020140,9.746004
10.81350,-0.036116,-0.020358,9.750013
10.82230,-0.044698,-0.014699,9.749874
10.83300,-0.040329,-0.015108,9.738834
10.84490,-0.041939,-0.008200,9.750711
10.85520,-0.050093,-0.008969,9.745767
10.86320,-0.053512,-0.006759,9.743951
10.87990,-0.053669,-0.000151,9.741438
10.88850,-0.051434,0.000053,9.734731
10.89710,-0.047465,0.003107,9.742977
10.90660,-0.049982,-0.000155,9.744608
10.91500,-0.049603,0.007614,9.745995
10.92370,-0.045352,0.009829,9.746269
10.93480,-0.046366,0.010431,9.736905
10.94390,-0.049116,0.013113,9.741768
10.95670,-0.044036,0.013938,9.739464
10.96500,-0.041947,0.012566,9.733794
10.97340,-0.044400,0.022478,9.732121
10.98980,-0.033343,0.018442,9.735219
10.99870,-0.030856,0.018276,9.741361
11.00570,-0.027462,0.024989,9.740639
11.01490,-0.026070,0.023760,9.734708
11.02270,-0.021254,0.025684,9.740931
11.03350,-0.019952,0.025587,9.733368
11.04720,-0.017604,0.026478,9.727940
11.05670,-0.011221,0.031832,9.734607
11.06480,-0.006474,0.032078,9.735031
11.07350,-0.004280,0.034412,9.742780
11.08840,-0.004073,0.026560,9.725754
11.09250,-0.003725,0.032698,9.772354
11.10550,0.007565,0.029404,10.040237
11.11430,0.006240,0.029545,9.789346
11.12260,0.014153,0.027700,9.579486
11.13300,0.011902,0.030182,9.616816
11.14700,0.025470,0.026021,9.821963
11.15600,0.025646,0.022842,9.797931
11.16500,0.031904,0.026178,9.719967
11.17280,0.027851,0.025029,9.679714
11.18380,0.036633,0.026480,9.723134
11.19810,0.033880,0.024805,9.730273
11.20640,0.038815,0.017574,9.738291
11.21480,0.041372,0.014209,9.727353
11.22300,0.045004,0.018324,9.724949
11.23990,0.049578,0.013947,9.735153
11.24880,0.042690,0.005892,9.734038
11.25490,0.046191,0.004595,9.728427
11.26510,0.047732,0.001444,9.726213
11.27220,0.050892,0.007434,9.728040
11.28930,0.047236,0.004065,9.722237
11.29870,0.046500,-0.006289,9.728287
11.30480,0.045115,-0.005414,9.729310
11.31480,0.051931,-0.006172,9.731654
11.32320,0.050417,-0.011537,9.736812
11.33860,0.047534,-0.010762,9.723478
11.34830,0.049187,-0.017209,9.751839
11.35430,0.048443,-0.015569,9.886991
11.36440,0.040454,-0.019000,9.883033
11.37290,0.042056,-0.018026,9.777224
11.38460,0.037067,-0.020611,9.655871
11.39640,0.032618,-0.025284,9.696329
11.40460,0.034985,-0.018578,9.725674
11.41290,0.024212,-0.021819,9.754656
11.43010,0.023846,-0.024531,9.729709
11.43800,0.023891,-0.031144,9.725321
11.44690,0.018212,-0.028724,9.720266
11.45450,0.015901,-0.029427,9.734789
11.46310,0.011685,-0.034011,9.727419
11.47330,0.007182,-0.030876,9.732478
11.48720,0.001124,-0.034835,9.725295
11.49280,-0.003785,-0.031662,9.725034
11.50430,-0.000836,-0.030641,9.737601
11.51260,-0.007026,-0.025273,9.730283
11.52940,-0.012667,-0.029035,9.721614
11.53840,-0.019352,-0.025339,9.736747
11.54610,-0.023558,-0.028309,9.739134
11.55540,-0.026175,-0.027007,9.724704
11.56410,-0.028412,-0.020727,9.734339
11.57300,-0.030460,-0.023129,9.728031
11.58930,-0.034887,-0.024448,9.738668
11.59720,-0.034017,-0.024956,9.737970
11.60660,-0.035755,-0.017810,9.733014
11.61300,-0.036235,-0.015961,9.738618
11.63000,-0.046131,-0.012475,9.737363
11.63820,-0.049127,-0.008579,9.737534
11.64680,-0.044917,-0.011607,9.740677
11.65440,-0.051441,-0.012344,9.731716
11.66330,-0.051753,-0.009341,9.740429
11.67930,-0.052083,-0.003208,9.726578
11.68850,-0.045987,-0.002801,9.726325
11.69690,-0.049903,0.003645,9.741935
11.70510,-0.048558,0.006050,9.728341
11.71290,-0.045275,0.005572,9.736654
11.72270,-0.053229,0.002542,9.738668
11.73960,-0.045565,0.008552,9.728845
11.74850,-0.043535,0.014550,9.745366
11.75610,-0.045313,0.013644,9.729585
11.76500,-0.046964,0.013378,9.744788
11.77320,-0.042263,0.022048,9.740375
11.78920,-0.031726,0.022425,9.741055
11.79730,-0.031404,0.019585,9.741344
11.80590,-0.034348,0.020358,9.749432
11.81390,-0.023907,0.025656,9.737829
11.82260,-0.027456,0.029477,9.736575
11.83330,-0.023522,0.022902,9.741613
11.84470,-0.019775,0.028248,9.742460
11.85660,-0.013006,0.029372,9.749897
11.86310,-0.015935,0.026026,9.742179
11.87210,-0.009213,0.033220,9.734474
11.88860,-0.004995,0.028415,9.746336
11.89480,0.004282,0.025072,9.898824
11.90540,0.009138,0.031814,10.053215
11.91380,0.004061,0.031506,9.810989
11.92380,0.014864,0.025633,9.582714
11.93880,0.021822,0.028412,9.728619
11.94460,0.017735,0.025645,9.802299
11.95530,0.024348,0.023609,9.808720
11.96500,0.022738,0.020477,9.741048
11.97300,0.029779,0.020150,9.699788
11.98350,0.028831,0.024760,9.725036
11.99820,0.041107,0.023484,9.754567
12.00490,0.036384,0.023090,9.760605
12.01460,0.036491,0.018698,9.753640
12.02280,0.040613,0.010693,9.755364
12.03300,0.040120,0.013302,9.743332
12.04800,0.044919,0.005323,9.754890
12.05540,0.051291,0.010271,9.757147
12.06390,0.048361,0.004043,9.747897
12.07260,0.053524,0.009424,9.761682
12.08850,0.047653,0.001349,9.762461
12.09690,0.053658,-0.003190,9.757255
12.10540,0.051987,-0.003348,9.761900
12.11390,0.049741,-0.007839,9.756986
12.12240,0.044085,-0.006519,9.754330
12.13910,0.048298,-0.010968,9.761585
12.14770,0.041755,-0.017727,9.759160
12.15520,0.041584,-0.013006,9.915760
12.16400,0.044694,-0.017800,9.930869
12.17220,0.036363,-0.014385,9.805174
12.18800,0.035067,-0.023660,9.680017
12.19790,0.033936,-0.017982,9.739837
12.20530,0.035898,-0.027271,9.770398
12.21400,0.026398,-0.029541,9.803167
12.22220,0.023393,-0.023069,9.784614
12.23800,0.020240,-0.029634,9.757489
12.24220,0.016915,-0.023524,9.754263
12.25450,0.017861,-0.025546,9.772945
12.26330,0.014402,-0.029963,9.773349
12.27230,0.002797,-0.027367,9.765530
12.28920,-0.001543,-0.027643,9.777200
12.29800,0.001068,-0.032062,9.767302
12.30600,-0.008085,-0.031305,9.772564
12.31480,-0.011264,-0.027936,9.767311
12.32290,-0.014477,-0.033045,9.769666
12.33940,-0.013908,-0.024774,9.785238
12.34820,-0.026251,-0.031554,9.785003
12.35500,-0.022399,-0.030400,9.772797
12.36420,-0.027973,-0.020833,9.780611
12.38000,-0.036785,-0.019115,9.772858
12.38850,-0.036372,-0.019999,9.770982
12.39710,-0.036174,-0.020164,9.775441
12.40520,-0.041623,-0.015516,9.779243
12.41420,-0.043403,-0.021644,9.786902
12.42320,-0.043872,-0.012127,9.791090
12.43840,-0.045496,-0.009109,9.777931
12.44750,-0.046916,-0.012430,9.790715
12.45510,-0.051108,-0.012153,9.778299
12.46340,-0.051132,-0.003317,9.786851
12.48020,-0.049023,0.000669,9.789752
12.48850,-0.051672,-0.003233,9.792274
12.49700,-0.049683,0.005339,9.782163
12.50450,-0.047739,0.002341,9.790095
12.51300,-0.053537,0.001887,9.789793
12.52620,-0.052292,0.011007,9.797760
12.53630,-0.048270,0.007629,9.797385
12.54650,-0.049962,0.015480,9.788429
12.55550,-0.042127,0.010460,9.802728
12.56480,-0.045798,0.015121,9.805481
12.57320,-0.044711,0.017617,9.805455
12.58410,-0.035519,0.023639,9.807723
12.59490,-0.034783,0.018636,9.803140
12.60570,-0.033936,0.020916,9.795816
12.61450,-0.032482,0.023315,9.805395
12.62230,-0.029869,0.028494,9.804043
12.63800,-0.019189,0.028704,9.812138
12.64700,-0.015470,0.027714,9.797179
12.65540,-0.012156,0.024025,9.815210
12.66410,-0.014064,0.031531,9.798511
12.67260,-0.008330,0.032250,9.801364
12.68890,0.000836,0.029866,9.817347
12.69700,0.004909,0.025302,10.042519
12.70440,0.001693,0.032173,10.133225
12.71310,0.011975,0.032276,9.902662
12.72260,0.014601,0.024823,9.666840
12.73330,0.012379,0.030214,9.693123
12.74660,0.023370,0.027333,9.894777
12.75500,0.022239,0.026810,9.882690
12.76330,0.027774,0.026754,9.815760
12.77230,0.028365,0.027333,9.781571
12.78860,0.032013,0.022073,9.818610
12.79740,0.039694,0.021505,9.814435
12.80540,0.035438,0.015721,9.820269
12.81370,0.041399,0.021441,9.827637
12.82920,0.042265,0.011443,9.814142
12.83840,0.049420,0.010230,9.827435
12.84690,0.049031,0.012152,9.827088
12.85480,0.051039,0.005314,9.823766
12.86500,0.050630,0.010763,9.833252
12.87920,0.046526,-0.000928,9.825885
12.88840,0.053940,0.000784,9.835742
12.89670,0.054823,-0.004224,9.822365
12.90500,0.054701,-0.005809,9.830241
12.91330,0.047113,-0.009749,9.831725
12.92950,0.048070,-0.007450,9.823832
12.93820,0.043631,-0.008160,9.825209
12.94650,0.049687,-0.014812,9.836805
12.95520,0.039539,-0.015207,9.990222
12.96440,0.037730,-0.017169,10.002314
12.97230,0.043268,-0.019819,9.877694
12.98700,0.040037,-0.022160,9.758767
12.99680,0.036561,-0.022661,9.799203
13.00380,0.029181,-0.018214,9.843428
13.01480,0.023706,-0.021820,9.878122
13.02880,0.023340,-0.030200,9.847288
13.03750,0.016349,-0.028930,9.840055
13.04620,0.012593,-0.024167,9.834709
13.05400,0.018562,-0.030781,9.841595
13.06270,0.014223,-0.027497,9.846039
13.07310,0.009312,-0.025109,9.850359
13.08740,0.002422,-0.034825,9.842789
13.09590,0.003345,-0.033705,9.851883
13.10310,-0.003225,-0.027358,9.848923
13.11480,-0.004458,-0.027623,9.853367
13.12820,-0.010533,-0.032235,9.839850
13.13800,-0.016042,-0.031916,9.843435
13.14720,-0.023748,-0.027527,9.841881
13.15650,-0.026679,-0.025863,9.853108
13.16450,-0.027716,-0.023395,9.847185
13.17360,-0.031561,-0.020654,9.856193
13.19160,-0.036379,-0.019149,9.851995
13.20510,-0.038395,-0.019323,9.865215
13.21660,-0.040389,-0.013783,9.847565
13.22380,-0.046004,-0.011246,9.856285
13.23310,-0.048596,-0.011082,9.857232
13.24510,-0.045463,-0.010961,9.850612
13.25550,-0.044820,-0.009790,9.869373
13.26280,-0.049170,-0.003668,9.858328
13.27220,-0.053297,-0.004418,9.862577
13.28960,-0.054906,0.003289,9.856143
13.29810,-0.053344,-0.002515,9.866823
13.30640,-0.050412,0.006941,9.853800
13.31430,-0.052508,0.007791,9.858165
13.32280,-0.052928,0.010064,9.857148
13.33610,-0.045352,0.013743,9.864729
13.34770,-0.043438,0.017235,9.867088
13.35640,-0.047415,0.017528,9.862841
13.36510,-0.039914,0.017213,9.873894
13.37350,-0.036854,0.013634,9.860822
13.38780,-0.035481,0.021799,9.864345
13.39860,-0.037214,0.027083,9.877268
13.40470,-0.035786,0.026998,9.877312
13.41370,-0.032286,0.021186,9.873808
13.42340,-0.029471,0.030338,9.867835
13.43470,-0.026255,0.027337,9.877001
13.44510,-0.013463,0.026611,9.869156
13.45460,-0.009803,0.028441,9.863880
13.46440,-0.008225,0.030578,9.883313
13.47250,-0.009757,0.029937,9.872839
13.48820,-0.001843,0.034483,9.872065
13.49680,-0.000671,0.033811,10.105778
13.50490,0.004702,0.025991,10.187739
13.51340,0.010370,0.026559,9.965487
13.52240,0.011372,0.026815,9.736776
13.53910,0.022656,0.028260,9.865153
13.54690,0.016321,0.024436,9.955216
13.55560,0.025057,0.023108,9.951925
13.56400,0.023415,0.029627,9.869339
13.58060,0.031771,0.022388,9.844690
13.58800,0.032321,0.017485,9.870893
13.59640,0.036876,0.019972,9.882410
13.60540,0.042973,0.017079,9.890134
13.61380,0.045495,0.019278,9.883987
13.63000,0.048461,0.011588,9.883985
13.63890,0.043203,0.011273,9.878325
13.64760,0.042398,0.012502,9.883188
13.65470,0.045848,0.009410,9.885411
13.66350,0.051171,0.011608,9.888877
13.67280,0.051837,0.009083,9.892717
13.68820,0.050982,-0.002215,9.877663
13.69690,0.045462,0.001420,9.876917
13.70470,0.045142,-0.006275,9.878936
13.71310,0.050994,-0.000646,9.893129
13.72220,0.049246,-0.005375,9.878459
13.73830,0.046370,-0.014001,9.880956
13.74690,0.044029,-0.008686,9.891893
13.75540,0.043506,-0.013229,10.041392
13.76350,0.042270,-0.017787,10.060293
13.77210,0.038020,-0.018017,9.943180
13.78830,0.041322,-0.024159,9.811011
13.79680,0.038899,-0.023778,9.854919
13.80480,0.031586,-0.023634,9.895984
13.81310,0.028332,-0.026156,9.913560
13.82240,0.027861,-0.027569,9.912163
13.83840,0.024432,-0.024596,9.871683
13.84680,0.020381,-0.028864,9.876681
13.85480,0.013017,-0.031594,9.892176
13.86320,0.006606,-0.030429,9.896282
13.87240,0.009321,-0.033904,9.894930
13.88460,0.000376,-0.031275,9.882089
13.89470,-0.005276,-0.025916,9.883484
13.90460,-0.000779,-0.025169,9.886494
13.91680,-0.008088,-0.028636,9.880726
13.92640,-0.015773,-0.031321,9.892393
13.93460,-0.019233,-0.028725,9.885103
13.94260,-0.022044,-0.028869,9.883261
13.95460,-0.022054,-0.022923,9.896914
13.96500,-0.027022,-0.026574,9.899154
13.97590,-0.026613,-0.024251,9.891906
13.98460,-0.037683,-0.019527,9.895198
13.99270,-0.035401,-0.025799,9.891756
14.00420,-0.037257,-0.022126,9.899745
14.01510,-0.040086,-0.017417,9.897007
14.02460,-0.045838,-0.019222,9.889079
14.03440,-0.046604,-0.014146,9.893465
14.04740,-0.051877,-0.015088,9.893228
14.05400,-0.050411,-0.013231,9.891344
14.06470,-0.047788,-0.001889,9.888409
14.08040,-0.050351,-0.004458,9.889959
14.08820,-0.051923,-0.004452,9.892579
14.09690,-0.045207,0.003379,9.891758
14.10450,-0.050721,0.003111,9.895959
14.12210,-0.047570,0.006125,9.897929
14.13990,-0.042859,0.014260,9.879745
14.14480,-0.050057,0.015641,9.897593
14.15740,-0.042891,0.013133,9.886172
14.17310,-0.036677,0.020323,9.884684
14.18870,-0.040521,0.019542,9.891971
14.19350,-0.030235,0.017039,9.894246
14.20620,-0.032050,0.025758,9.893951
14.21670,-0.029611,0.023610,9.883037
14.22260,-0.023185,0.023121,9.890668
14.23360,-0.026644,0.024430,9.885553
14.24920,-0.013182,0.025840,9.877637
14.25470,-0.009537,0.032855,9.881277
14.26490,-0.006181,0.025955,9.879886
14.27320,-0.002462,0.028402,9.895345
14.28370,-0.006989,0.024989,9.877439
14.29420,0.001780,0.027116,10.004538
14.30490,0.009723,0.028861,10.204018
14.31470,0.011224,0.033715,9.916844
14.32250,0.015666,0.033101,9.743220
14.33800,0.016514,0.031053,9.844135
14.34640,0.024693,0.031887,9.959908
14.35400,0.026658,0.026955,9.961640
14.37140,0.028002,0.021029,9.832283
14.37260,0.032483,0.028362,9.828528
14.38750,0.032949,0.018520,9.889836
14.39640,0.033113,0.018695,9.877085
14.40440,0.042228,0.022891,9.890188
14.41290,0.042980,0.016536,9.887048
14.42360,0.046024,0.016894,9.880507
14.43880,0.050661,0.010567,9.874585
14.44710,0.045280,0.010399,9.888840
14.45490,0.046210,0.006197,9.879785
14.46340,0.048461,0.004597,9.875172
14.48010,0.052135,-0.001333,9.879610
14.48820,0.053627,0.004619,9.868519
14.49660,0.046754,-0.000321,9.885730
14.50560,0.054198,-0.007334,9.867942
14.51440,0.045568,-0.002919,9.865881
14.52230,0.050545,-0.005503,9.883977
14.53760,0.050058,-0.006996,9.881707
14.54640,0.041053,-0.010869,9.868144
14.55460,0.039571,-0.018010,10.033480
14.56320,0.042773,-0.011491,10.048097
14.57960,0.043543,-0.021389,9.837174
14.58790,0.031725,-0.017911,9.806126
14.59680,0.030979,-0.020426,9.833493
14.60410,0.029757,-0.021116,9.862682
14.61270,0.025579,-0.028717,9.907683
14.62890,0.028611,-0.030029,9.871213
14.63730,0.016994,-0.027257,9.865475
14.64600,0.022081,-0.023433,9.850213
14.65370,0.014323,-0.025677,9.858670
14.67210,0.006778,-0.032713,9.874205
14.68760,0.004370,-0.031279,9.860375
14.69700,0.001849,-0.030788,9.866339
14.70390,-0.004497,-0.028237,9.858455
14.71260,-0.004506,-0.031058,9.870321
14.72230,-0.012535,-0.031531,9.865936
14.73880,-0.013169,-0.030283,9.870763
14.74690,-0.016588,-0.031677,9.869226
14.75410,-0.021950,-0.025086,9.865858
14.76270,-0.026699,-0.021937,9.855521
14.77950,-0.030169,-0.025704,9.861578
14.78820,-0.033507,-0.022700,9.847510
14.79700,-0.032198,-0.019559,9.862399
14.80540,-0.035204,-0.020562,9.848701
14.81330,-0.036549,-0.021537,9.850078
14.82320,-0.040647,-0.017407,9.849139
14.83770,-0.041660,-0.016703,9.849776
14.84680,-0.044844,-0.009791,9.860692
14.85440,-0.046623,-0.009158,9.858841
14.86290,-0.052219,-0.002662,9.860618
14.87830,-0.050239,-0.002476,9.845878
14.88740,-0.053168,-0.001819,9.848835
14.89350,-0.046864,-0.003961,9.843878
14.90500,-0.046623,0.002498,9.854909
14.91220,-0.054362,0.003184,9.840482
14.92620,-0.044745,0.003362,9.849745
14.93630,-0.050457,0.006766,9.853467
14.94280,-0.042794,0.016293,9.853295
14.95500,-0.039783,0.013513,9.850159
14.96820,-0.038391,0.013147,9.849562
14.97640,-0.042171,0.022647,9.844651
14.98470,-0.034764,0.018245,9.846032
14.99300,-0.032587,0.021886,9.845862
15.00430,-0.035372,0.026407,9.839074
15.01800,-0.027307,0.020569,9.844173
15.02240,-0.028897,0.026256,9.836789
15.03890,-0.021274,0.027512,9.831301
15.04310,-0.015706,0.024072,9.831009
15.05490,-0.014601,0.029576,9.832167
15.06690,-0.011802,0.032797,9.840461
15.07230,-0.008652,0.025351,9.833436
15.08340,-0.000364,0.033828,9.841421
15.09990,0.001269,0.032618,10.147054
15.10640,0.010670,0.033996,10.124040
15.11590,0.014060,0.034007,9.831581
15.12400,0.014810,0.032631,9.660424
15.13240,0.010938,0.028552,9.709860
15.14750,0.020999,0.027324,9.908766
15.15420,0.028479,0.027529,9.908713
15.16430,0.030123,0.024746,9.830798
15.17260,0.028407,0.027558,9.786907
15.18780,0.039125,0.017214,9.820871
15.19730,0.036839,0.024579,9.812615
15.20480,0.039984,0.022045,9.813055
15.21340,0.037788,0.021020,9.825948
15.22960,0.046251,0.016278,9.814811
15.23970,0.048154,0.007426,9.825634
15.24500,0.043829,0.006161,9.826533
15.25450,0.042878,0.006653,9.815387
15.26420,0.050760,0.006401,9.819422
15.27210,0.051030,0.005060,9.815836
15.28480,0.047093,0.003125,9.810714
15.29690,0.052855,-0.001553,9.802659
15.30570,0.045910,-0.001564,9.811744
15.31230,0.046813,-0.006540,9.805961
15.32350,0.049767,-0.005662,9.805108
15.33740,0.047722,-0.006407,9.814243
15.34780,0.042550,-0.010645,9.802320
15.35550,0.045868,-0.010487,9.970743
15.36390,0.038691,-0.014444,9.968550
15.37320,0.040081,-0.017535,9.846141
15.38850,0.039467,-0.021551,9.720828
15.39710,0.032870,-0.018548,9.755279
15.40470,0.033173,-0.019162,9.796004
15.41290,0.027762,-0.024641,9.832911
15.42240,0.024755,-0.022854,9.822087
15.43780,0.018728,-0.022798,9.798716
15.44670,0.016493,-0.032458,9.782413
15.45480,0.014609,-0.028555,9.790945
15.46280,0.016262,-0.025720,9.797803
15.47890,0.008767,-0.030497,9.801232
15.49000,0.002368,-0.031653,9.789648
15.49500,0.000552,-0.031207,9.796467
15.50470,-0.009863,-0.032049,9.801433
15.51330,-0.006472,-0.031217,9.789016
15.52970,-0.015229,-0.029325,9.795544
15.53760,-0.013754,-0.029810,9.786760
15.54580,-0.021716,-0.028048,9.797911
15.55420,-0.020755,-0.030336,9.784748
15.56280,-0.029871,-0.024055,9.779690
15.57930,-0.027062,-0.026259,9.782836
15.58880,-0.036707,-0.021181,9.776588
15.59460,-0.032434,-0.022390,9.775816
15.60460,-0.036964,-0.015956,9.777038
15.61950,-0.042804,-0.018696,9.787053
15.62210,-0.045141,-0.012925,9.778907
15.63890,-0.048131,-0.011080,9.770486
15.65040,-0.045149,-0.010660,9.779633
15.65380,-0.047461,-0.005864,9.784920
15.66710,-0.049322,-0.001747,9.779843
15.67400,-0.045700,-0.005423,9.777671
15.68350,-0.044914,-0.000757,9.784909
15.69370,-0.045028,0.001496,9.773065
15.70430,-0.053733,0.005154,9.779689
15.71510,-0.049133,0.009141,9.778165
15.72460,-0.047698,0.005477,9.768259
15.73960,-0.045694,0.008236,9.766858
15.74870,-0.049440,0.017821,9.775113
15.75570,-0.042896,0.015074,9.773688
15.76500,-0.045919,0.015490,9.765456
15.78010,-0.036800,0.017168,9.761656
15.78760,-0.032714,0.018260,9.761558
15.79680,-0.038555,0.019057,9.771406
15.80420,-0.031876,0.023461,9.775198
15.82170,-0.027552,0.027879,9.768811
15.83750,-0.024531,0.026313,9.771864
15.84470,-0.019829,0.030996,9.757689
15.85450,-0.011187,0.024775,9.767156
15.86290,-0.012342,0.028072,9.769303
15.87700,-0.009853,0.032440,9.764702
15.88510,-0.005922,0.028606,9.766573
15.89500,0.001322,0.031130,9.915774
15.90410,0.000084,0.033602,10.086235
15.91480,0.012777,0.028052,9.783208
15.92610,0.017546,0.033467,9.582531
15.93440,0.021332,0.031315,9.665072
15.94250,0.018977,0.025068,9.800213
15.95430,0.019739,0.023716,9.826783
15.96660,0.025474,0.022216,9.728522
15.97460,0.033702,0.026728,9.716160
15.98300,0.033057,0.019727,9.731963
15.99350,0.037493,0.021496,9.751825
16.00730,0.041927,0.014502,9.749955
16.01530,0.040597,0.020769,9.750087
16.02310,0.040135,0.012876,9.745408
16.03920,0.042271,0.011953,9.740805
16.04690,0.048512,0.005952,9.749087
16.05580,0.043583,0.007746,9.751409
16.06520,0.050762,0.009170,9.738837
16.07320,0.044906,0.000041,9.739588
16.08760,0.054081,-0.002535,9.745551
16.09850,0.053022,0.002525,9.737845
16.10360,0.047751,-0.005983,9.737231
16.11440,0.053950,-0.008345,9.740808
16.12990,0.049497,-0.003997,9.735694
16.13780,0.046286,-0.009095,9.744881
16.14660,0.048085,-0.011902,9.740108
16.15410,0.045583,-0.018827,9.890224
16.16490,0.037352,-0.018805,9.895719
16.17310,0.042617,-0.016587,9.788957
16.18490,0.040466,-0.021489,9.679540
16.19830,0.028756,-0.018160,9.707671
16.20610,0.034681,-0.028131,9.746726
16.21510,0.031637,-0.029108,9.763446
16.22310,0.026888,-0.030329,9.761062
16.23230,0.019242,-0.023046,9.738160
16.24900,0.017273,-0.028511,9.737368
16.25670,0.010324,-0.025866,9.736263
16.26490,0.012471,-0.028123,9.742157
16.27260,0.007046,-0.025824,9.728815
16.28300,0.008485,-0.026038,9.742906
16.29830,-0.000345,-0.025009,9.728251
16.30810,-0.005960,-0.028478,9.727369
16.31500,-0.004668,-0.026865,9.736053
16.32390,-0.016004,-0.030862,9.737213
16.33320,-0.010990,-0.028499,9.739002
16.34900,-0.024400,-0.026592,9.727465
16.35630,-0.019079,-0.022993,9.728143
16.36510,-0.028585,-0.026392,9.733246
16.37240,-0.025957,-0.025676,9.739522
16.38480,-0.029131,-0.023224,9.730105
16.39790,-0.032722,-0.024179,9.732345
16.40770,-0.043039,-0.017124,9.737070
16.41650,-0.039967,-0.017440,9.729753
16.42440,-0.038767,-0.017567,9.736362
16.43270,-0.049649,-0.016046,9.733333
16.44690,-0.049434,-0.011972,9.732049
16.45560,-0.051542,-0.005462,9.734212
16.46240,-0.046234,-0.003775,9.732506
16.47320,-0.052140,-0.002815,9.721556
16.48760,-0.050462,0.001570,9.723151
16.49590,-0.054435,0.002637,9.739270
16.50430,-0.047740,0.007330,9.724377
16.51460,-0.046285,0.003723,9.731784
16.53110,-0.051481,0.011459,9.734053
16.53760,-0.043907,0.013669,9.727131
16.54300,-0.045123,0.010614,9.730629
16.55590,-0.048787,0.016469,9.725508
16.56490,-0.041413,0.020369,9.729497
16.57310,-0.035913,0.020519,9.721516
16.58970,-0.034294,0.023044,9.726154
16.59850,-0.034418,0.025830,9.735011
16.60640,-0.026734,0.023070,9.724594
16.61490,-0.030938,0.020713,9.725413
16.62250,-0.024240,0.028127,9.735074
16.63320,-0.025993,0.031728,9.727049
16.64950,-0.016819,0.030291,9.720948
16.65590,-0.018116,0.026877,9.730491
16.66470,-0.011530,0.032632,9.732928
16.67210,-0.005773,0.027615,9.721451
16.68790,0.000209,0.026630,9.730016
16.69860,0.005324,0.031144,10.020692
16.70600,0.000916,0.033051,10.029585
16.71490,0.006613,0.030593,9.755093
16.72330,0.014765,0.032455,9.569295
16.73950,0.017214,0.027103,9.717551
16.74800,0.018093,0.028036,9.809024
16.75680,0.019835,0.025938,9.796246
16.76470,0.028849,0.025805,9.725394
16.77320,0.030468,0.020029,9.694773
16.78880,0.038461,0.022925,9.734397
16.79750,0.032352,0.018542,9.738670
16.80510,0.041550,0.015853,9.739737
16.81330,0.042379,0.019372,9.730956
16.82320,0.043822,0.014839,9.738075
16.83470,0.042369,0.009291,9.723476
16.84770,0.043087,0.012307,9.725671
16.85450,0.044548,0.007519,9.739908
16.86490,0.051861,0.008480,9.733136
16.87370,0.050936,0.000744,9.726218
16.88400,0.054450,0.005272,9.733085
16.89540,0.050350,-0.001725,9.734111
16.90620,0.052782,-0.004345,9.732420
16.91480,0.050397,-0.002098,9.728477
16.92510,0.048743,-0.003344,9.732538
16.93360,0.046924,-0.011037,9.742476
16.94470,0.048677,-0.013268,9.732244
16.95490,0.039770,-0.012377,9.901493
16.96590,0.046657,-0.014196,9.885637
16.97320,0.040068,-0.021262,9.783709
16.99870,0.035971,-0.026012,9.710245
17.00710,0.034307,-0.020569,9.755404
17.01680,0.028665,-0.025915,9.770378
17.02340,0.027192,-0.025043,9.749928
17.03270,0.022172,-0.027528,9.727884
17.04310,0.017885,-0.024088,9.724438
17.05580,0.014559,-0.033249,9.743962
17.06480,0.006443,-0.029293,9.746816
17.07210,0.010594,-0.030632,9.741199
17.08800,0.001838,-0.027019,9.736777
17.09770,-0.003364,-0.031611,9.735037
17.10470,-0.002432,-0.026464,9.751959
17.11410,-0.008488,-0.034345,9.746006
17.12340,-0.015085,-0.029785,9.746964
17.13890,-0.020320,-0.030828,9.746926
17.14840,-0.019135,-0.024277,9.752369
17.15430,-0.027472,-0.028805,9.743030
17.16410,-0.030941,-0.026215,9.751690
17.17580,-0.035032,-0.020138,9.752991
17.18930,-0.034256,-0.019336,9.746129
17.19290,-0.033231,-0.016284,9.738785
17.20590,-0.039615,-0.018905,9.753359
17.21730,-0.036849,-0.015792,9.744840
17.22310,-0.041928,-0.010915,9.740933
17.23310,-0.047930,-0.014827,9.757090
17.24910,-0.042648,-0.007254,9.757626
17.25460,-0.050877,-0.004858,9.748431
17.26480,-0.050831,-0.008143,9.746618
17.28100,-0.044932,0.000650,9.746955
17.28830,-0.047506,-0.000796,9.763886
17.29750,-0.046320,-0.001347,9.745763
17.30420,-0.045667,0.006423,9.745470
17.31360,-0.049491,0.002313,9.759184
17.32980,-0.047189,0.006325,9.765065
17.33900,-0.051118,0.009382,9.766813
17.34720,-0.048571,0.014871,9.754275
17.35500,-0.047030,0.013027,9.766598
17.36290,-0.041286,0.011405,9.752065
17.37310,-0.037101,0.020150,9.764471
17.38880,-0.034066,0.018655,9.763852
17.39730,-0.033648,0.022968,9.767729
17.40510,-0.028101,0.020838,9.765317
17.41430,-0.025455,0.026285,9.754017
17.42220,-0.023774,0.029479,9.766794
17.43600,-0.020894,0.029705,9.772093
17.44330,-0.023122,0.031927,9.775230
17.45620,-0.018162,0.033437,9.756758
17.46490,-0.011396,0.031538,9.775619
17.47240,-0.003841,0.025960,9.773263
17.48470,-0.007215,0.029893,9.760391
17.49310,0.004227,0.032535,9.841125
17.50500,0.003269,0.027453,10.078708
17.51480,0.012746,0.033722,9.812368
17.52560,0.012888,0.024768,9.604785
17.53460,0.018285,0.026743,9.684116
17.54290,0.016479,0.028267,9.810864
17.55470,0.027205,0.027861,9.849123
17.56750,0.031507,0.022049,9.757314
17.57250,0.024649,0.028094,9.729176
17.58440,0.033392,0.025864,9.766422
17.59290,0.035823,0.024293,9.773782
17.60720,0.035635,0.015662,9.769343
17.61470,0.036948,0.013123,9.788322
17.62230,0.047262,0.011923,9.786789
17.63420,0.043578,0.016223,9.788979
17.65040,0.046251,0.008964,9.782387
17.65430,0.049311,0.005970,9.788487
17.66500,0.047678,0.003374,9.775402
17.67290,0.050744,0.002330,9.793046
17.68860,0.048331,0.000257,9.793567
17.69880,0.045872,-0.001341,9.791407
17.70450,0.046016,0.001064,9.790676
17.71490,0.048204,-0.003313,9.782747
17.72270,0.050052,-0.012096,9.794189
17.73640,0.042662,-0.006754,9.789903
17.74320,0.043081,-0.010320,9.794506
17.75540,0.041123,-0.012431,9.946626
17.76470,0.040886,-0.012395,9.945711
17.77230,0.038198,-0.013634,9.853227
17.78420,0.037110,-0.018742,9.734987
17.79970,0.034890,-0.025730,9.764526
17.80550,0.034807,-0.021583,9.808901
17.81560,0.024854,-0.027625,9.830988
17.82230,0.028969,-0.022911,9.815365
17.83920,0.018251,-0.027653,9.782424
17.84390,0.023345,-0.031803,9.779142
17.85620,0.013922,-0.023918,9.802943
17.86490,0.008776,-0.033553,9.806435
17.87220,0.006635,-0.027348,9.804242
17.88920,0.000438,-0.028001,9.814872
17.89760,-0.006455,-0.026906,9.807031
17.90470,-0.009124,-0.025379,9.802942
17.91340,-0.007782,-0.029005,9.813574
17.92470,-0.011097,-0.027295,9.816050
17.93480,-0.017108,-0.030001,9.809779
17.94690,-0.023849,-0.024155,9.809784
17.95560,-0.028480,-0.027728,9.821115
17.96410,-0.029377,-0.024128,9.805748
17.97490,-0.030625,-0.025966,9.812026
17.98480,-0.028447,-0.018766,9.808105
17.99820,-0.038210,-0.018823,9.823464
18.00490,-0.042729,-0.022156,9.813871
18.01510,-0.036738,-0.013451,9.822359
18.02280,-0.043219,-0.012786,9.821073
18.03930,-0.044027,-0.007788,9.823715
18.04800,-0.048107,-0.014172,9.816357
18.05470,-0.045535,-0.006525,9.821224
18.06430,-0.043920,-0.002675,9.820804
18.07490,-0.046907,-0.006067,9.817171
18.08480,-0.053669,0.003157,9.829724
18.09660,-0.045721,0.005566,9.830099
18.10380,-0.050353,0.006984,9.817734
18.12190,-0.044644,0.005367,9.824698
18.13930,-0.042712,0.006802,9.819689
18.14820,-0.045702,0.014370,9.832514
18.15610,-0.045775,0.013425,9.840179
18.16490,-0.042932,0.014225,9.829922
18.17260,-0.040963,0.013475,9.835228
18.19010,-0.040126,0.020175,9.838624
18.19890,-0.037901,0.018075,9.838586
18.20600,-0.032696,0.026661,9.835306
18.21480,-0.030614,0.028550,9.831218
18.22250,-0.029131,0.028614,9.843762
18.23480,-0.020692,0.031715,9.829860
18.24510,-0.016994,0.027786,9.833312
18.25450,-0.017639,0.032868,9.830157
18.26480,-0.009315,0.028069,9.841893
18.27280,-0.004753,0.028984,9.842920
18.28470,-0.007673,0.027187,9.852313
18.29810,0.004728,0.028683,10.109515
18.30620,0.003411,0.025635,10.135815
18.31430,0.011245,0.026999,9.896139
18.32290,0.007236,0.028546,9.688473
18.33920,0.014196,0.031943,9.840449
18.34810,0.021906,0.029835,9.932491
18.35540,0.024392,0.024231,9.922286
18.36400,0.025568,0.027152,9.855022
18.37250,0.028053,0.020003,9.801504
18.38930,0.034547,0.026223,9.858485
18.39810,0.037336,0.020107,9.842174
18.40640,0.043126,0.020131,9.852512
18.41490,0.041770,0.017895,9.860513
18.42220,0.040952,0.011076,9.861825
18.43650,0.047175,0.013587,9.847520
18.44390,0.049858,0.013888,9.864998
18.45630,0.044026,0.013260,9.850790
18.46210,0.044071,0.010447,9.853390
18.47500,0.052766,0.000730,9.860611
18.48870,0.049457,-0.001342,9.858954
18.49680,0.051305,0.002416,9.856374
18.50530,0.052525,-0.001667,9.851494
18.51330,0.045537,-0.002742,9.867519
18.52210,0.045715,-0.003464,9.870677
18.53950,0.051147,-0.009681,9.865634
18.54230,0.049068,-0.014304,9.865722
18.55610,0.044167,-0.018313,10.043867
18.56330,0.037894,-0.018888,10.032006
18.57220,0.039492,-0.020283,9.921003
18.58350,0.033987,-0.021987,9.800148
18.59630,0.036345,-0.022216,9.829577
18.60660,0.026457,-0.026047,9.873170
18.61250,0.024663,-0.024859,9.904572
18.62950,0.025413,-0.029635,9.879145
18.63780,0.024030,-0.023989,9.853332
18.64500,0.015087,-0.023915,9.861225
18.65460,0.014183,-0.026141,9.869118
18.66290,0.015047,-0.032587,9.880454
18.67990,0.002691,-0.030613,9.880568
18.68750,-0.002729,-0.034797,9.865756
18.69620,0.002810,-0.029009,9.873149
18.70400,-0.005669,-0.033428,9.870794
18.71220,-0.006500,-0.028315,9.872002
18.72960,-0.013712,-0.027693,9.870772
18.73790,-0.014564,-0.026249,9.877360
18.74660,-0.023360,-0.028304,9.881531
18.75450,-0.024144,-0.022531,9.879190
18.76430,-0.029382,-0.024617,9.884410
18.78040,-0.033208,-0.024814,9.879406
18.78870,-0.036885,-0.026683,9.869446
18.79750,-0.038282,-0.022525,9.883372
18.80500,-0.034736,-0.020674,9.870758
18.81330,-0.042502,-0.018402,9.881368
18.83000,-0.041922,-0.010066,9.888457
18.83880,-0.048979,-0.016683,9.888737
18.84700,-0.051069,-0.009066,9.878174
18.85620,-0.049322,-0.010939,9.885370
18.86480,-0.049013,-0.008013,9.882433
18.87310,-0.046341,-0.008836,9.886533
18.88960,-0.052183,0.002513,9.879369
18.89830,-0.053989,0.001208,9.887199
18.90460,-0.054072,-0.001396,9.882465
18.91510,-0.049021,0.003207,9.891614
18.92270,-0.050634,0.011199,9.875282
18.93470,-0.051608,0.005565,9.883556
18.94320,-0.043335,0.015822,9.875297
18.95610,-0.047954,0.016047,9.884526
18.97210,-0.036797,0.018381,9.875884
18.98470,-0.035597,0.021272,9.877515
18.99320,-0.037088,0.023686,9.878590
19.00600,-0.035559,0.022863,9.884080
19.01500,-0.032137,0.024103,9.881193
19.02660,-0.023201,0.030867,9.892764
19.03840,-0.020438,0.026198,9.889520
19.04330,-0.015476,0.026503,9.889487
19.05520,-0.012137,0.028712,9.897869
19.07210,-0.009406,0.025434,9.884726
19.08460,-0.006410,0.030911,9.889218
19.09300,0.000779,0.031568,9.952833
19.10520,0.009073,0.028310,10.192319
19.11480,0.008717,0.032222,9.923976
19.12270,0.010796,0.025373,9.732697
19.13360,0.018332,0.029917,9.779135
19.14890,0.021544,0.024301,9.986000
19.15630,0.028722,0.022828,9.963681
19.16510,0.028742,0.020396,9.871976
19.17370,0.025957,0.027256,9.836458
19.18340,0.032083,0.018110,9.863995
19.19740,0.040426,0.020080,9.893012
19.20590,0.039995,0.015046,9.890688
19.21510,0.045718,0.013512,9.895668
19.22320,0.043678,0.014558,9.888232
19.23810,0.042899,0.012791,9.893569
19.24310,0.048654,0.008437,9.881283
19.25360,0.042854,0.011890,9.887666
19.26520,0.047418,0.003984,9.893040
19.27260,0.053266,0.006906,9.898727
19.28660,0.050493,-0.000352,9.885638
19.29760,0.051294,0.000070,9.890968
19.30430,0.047021,-0.000305,9.886214
19.31340,0.045929,-0.009549,9.892664
19.32920,0.048338,-0.011700,9.885044
19.33800,0.046822,-0.013906,9.885663
19.34680,0.046490,-0.010392,9.886988
19.35350,0.041840,-0.009816,10.029528
19.36250,0.038121,-0.019541,10.071842
19.37890,0.034934,-0.023145,9.856447
19.38880,0.033698,-0.024535,9.822291
19.39760,0.030976,-0.021467,9.845140
19.40360,0.031106,-0.026550,9.880429
19.41520,0.029839,-0.019981,9.914068
19.42350,0.029038,-0.028197,9.903972
19.43760,0.024207,-0.027199,9.878558
19.44770,0.019010,-0.033016,9.869596
19.45400,0.016038,-0.028248,9.877532
19.46420,0.010628,-0.032760,9.894010
19.47210,0.004752,-0.031761,9.881356
19.48980,0.005129,-0.028463,9.891317
19.49820,-0.003580,-0.027190,9.881310
19.50610,-0.007141,-0.033045,9.890196
19.51520,-0.005026,-0.031632,9.886866
19.52290,-0.014618,-0.030441,9.878788
19.53830,-0.016868,-0.027011,9.885031
19.54770,-0.024986,-0.024133,9.877157
19.55540,-0.026631,-0.022765,9.889842
19.56380,-0.030600,-0.027638,9.879432
19.57950,-0.035361,-0.018526,9.887049
19.58820,-0.037814,-0.017830,9.891928
19.59670,-0.031695,-0.022935,9.882730
19.60420,-0.037102,-0.021781,9.873237
19.61500,-0.039594,-0.015169,9.891955
19.62220,-0.038344,-0.016589,9.885620
19.63950,-0.047879,-0.014537,9.884271
19.64790,-0.042593,-0.007956,9.875268
19.65500,-0.047499,-0.007250,9.881651
19.66500,-0.048729,-0.002518,9.880466
19.67310,-0.044803,-0.001061,9.879940
19.68300,-0.049540,-0.001687,9.887756
19.69670,-0.050188,0.002805,9.879485
19.70420,-0.047870,0.001548,9.871187
19.71270,-0.051987,0.007298,9.872302
19.72880,-0.047173,0.010985,9.882186
19.73890,-0.044948,0.006835,9.879909
19.74780,-0.044627,0.010397,9.880767
19.75630,-0.040855,0.018100,9.865421
19.76500,-0.046945,0.013143,9.869431
19.77350,-0.042163,0.017873,9.875658
19.79080,-0.031706,0.017161,9.868965
19.79970,-0.034044,0.020736,9.879760
19.80730,-0.034754,0.019459,9.871923
19.81500,-0.024013,0.028069,9.876904
19.82250,-0.024584,0.024896,9.879802
19.83800,-0.016274,0.026897,9.863245
19.84720,-0.020447,0.023335,9.861699
19.85510,-0.016127,0.029429,9.878178
19.86350,-0.006995,0.032794,9.861624
19.87310,-0.008110,0.030354,9.868770
19.88780,0.002757,0.027064,9.869784
19.89700,0.003700,0.027880,10.100858
19.90450,0.007339,0.029194,10.191497
19.91510,0.011640,0.026050,9.892123
19.92210,0.013995,0.025106,9.713067
19.93370,0.017605,0.026116,9.760506
19.94760,0.020424,0.032062,9.938235
19.95530,0.020877,0.030859,9.932516
19.96400,0.024943,0.024918,9.866488
19.98400,0.033323,0.018512,9.841540
19.99630,0.033232,0.024372,9.860717
20.00510,0.035122,0.014181,9.849630
20.01400,0.037450,0.012309,9.851943
20.03010,0.042776,0.009905,9.853097
20.03840,0.040862,0.014656,9.853288
20.04660,0.050934,0.006459,9.851089
20.05430,0.049072,0.010635,9.845409
20.06300,0.048215,0.006957,9.848592
20.07490,0.047144,0.006474,9.843921
20.08450,0.051473,0.002576,9.854581
20.09670,0.045734,-0.001845,9.856021
20.10470,0.054653,-0.000758,9.847137
20.11330,0.046956,-0.008321,9.850278
20.12290,0.049429,-0.012036,9.849000
20.13370,0.048657,-0.008247,9.848267
20.14820,0.041620,-0.009744,9.848232
20.15490,0.045433,-0.009348,10.013973
20.16470,0.041268,-0.011967,10.009636
20.17280,0.043016,-0.016690,9.881916
20.18910,0.034355,-0.016676,9.770912
20.19810,0.032885,-0.020049,9.808889
20.20770,0.031405,-0.023911,9.860295
20.21610,0.028188,-0.026328,9.881126
20.22280,0.025883,-0.022350,9.852907
20.23310,0.023443,-0.030112,9.840062
20.24910,0.017148,-0.027949,9.827771
20.25440,0.011094,-0.031392,9.842160
20.26610,0.010912,-0.028449,9.832248
20.27470,0.002911,-0.028755,9.837457
20.28480,0.000831,-0.026829,9.833114
20.29930,-0.000341,-0.026278,9.833314
20.30510,-0.004450,-0.034505,9.827355
20.31520,-0.013944,-0.025893,9.836953
20.32270,-0.012916,-0.026383,9.827270
20.33830,-0.016314,-0.028356,9.831367
20.34490,-0.017427,-0.025841,9.832696
20.35520,-0.024187,-0.024258,9.831826
20.36370,-0.031435,-0.029287,9.832383
20.38010,-0.035541,-0.024332,9.825376
20.38830,-0.033902,-0.018242,9.824980
20.39640,-0.033846,-0.021657,9.833319
20.40600,-0.043395,-0.019979,9.820299
20.41400,-0.042528,-0.013747,9.827176
20.42280,-0.045290,-0.016638,9.824788
20.43820,-0.050168,-0.012129,9.823771
20.44650,-0.047201,-0.011490,9.824584
20.45440,-0.044148,-0.005539,9.814439
20.46310,-0.045942,-0.008545,9.809313
20.47220,-0.054254,-0.006350,9.814904
20.48200,-0.050935,-0.001157,9.825867
20.49660,-0.047103,-0.001514,9.817173
20.50480,-0.051838,0.006867,9.823189
20.51340,-0.048272,0.008127,9.814764
20.52940,-0.051937,0.003901,9.807541
20.53830,-0.046320,0.011070,9.808958
20.54670,-0.043664,0.014462,9.806975
20.55610,-0.039195,0.012874,9.810735
20.56470,-0.040299,0.016205,9.804750
20.57210,-0.036432,0.019938,9.810055
20.58900,-0.038988,0.024881,9.813578
20.59760,-0.031461,0.026770,9.812597
20.60540,-0.035371,0.026027,9.813556
20.61500,-0.032320,0.026042,9.800367
20.62240,-0.021179,0.026203,9.794753
20.63470,-0.020967,0.031390,9.796479
20.64670,-0.017373,0.031151,9.796151
20.65470,-0.012055,0.031149,9.809846
20.66310,-0.014939,0.026916,9.792314
20.67290,-0.009172,0.026703,9.793650
20.69030,-0.003491,0.025875,9.793838
20.69870,0.004764,0.030530,10.096176
20.70610,0.009196,0.025992,10.097426
20.71480,0.005684,0.030151,9.835902
20.72970,0.012835,0.032918,9.639587
20.73810,0.020468,0.023791,9.756050
20.74670,0.021523,0.030955,9.864397
20.75410,0.026483,0.028520,9.862290
20.77070,0.031584,0.021164,9.740679
20.77820,0.032869,0.023392,9.753218
20.78840,0.037285,0.026657,9.788679
20.79470,0.036933,0.019283,9.784924
20.80570,0.039072,0.022045,9.789047
20.82300,0.041408,0.018594,9.791481
20.83840,0.041668,0.014913,9.784638
20.84810,0.047922,0.005257,9.788560
20.85540,0.050565,0.007311,9.776265
20.86470,0.051223,0.007717,9.774815
20.88090,0.048483,0.001248,9.776701
20.88750,0.048692,-0.000098,9.788771
20.89680,0.049182,0.000575,9.769371
20.90380,0.047209,-0.005612,9.769195
20.91270,0.045328,-0.006480,9.770908
20.92960,0.050648,-0.004283,9.772679
20.93970,0.049886,-0.011690,9.777644
20.94480,0.043021,-0.011851,9.764009
20.95640,0.042469,-0.011357,9.942344
20.96480,0.042192,-0.016814,9.931148
20.97310,0.041970,-0.016052,9.809339
20.99100,0.038887,-0.016576,9.703436
20.99220,0.033509,-0.021119,9.711316
21.00510,0.028174,-0.021426,9.772199
21.01510,0.032485,-0.026054,9.798913
21.02470,0.028475,-0.024809,9.775688
21.03310,0.017623,-0.031553,9.760232
21.04480,0.020992,-0.024945,9.755788
21.05620,0.016819,-0.028214,9.753542
21.06370,0.015101,-0.029507,9.770440
21.07300,0.004440,-0.025371,9.757452
21.09020,-0.000011,-0.025593,9.771354
21.09860,-0.002299,-0.027020,9.759752
21.10600,-0.004112,-0.030625,9.754989
21.11500,-0.007636,-0.030724,9.755871
21.12250,-0.015123,-0.028024,9.767007
21.13310,-0.014109,-0.027268,9.763999
21.14790,-0.019009,-0.028925,9.747798
21.15530,-0.027661,-0.026895,9.754700
21.16420,-0.023986,-0.023452,9.761228
21.18020,-0.035056,-0.018831,9.753364
21.18850,-0.038041,-0.021793,9.759720
21.19670,-0.035638,-0.021122,9.754685
21.20640,-0.038122,-0.019722,9.762575
21.21480,-0.038977,-0.014558,9.743277
21.22430,-0.046450,-0.010293,9.759702
21.23320,-0.046577,-0.011071,9.758794
21.24970,-0.050682,-0.006842,9.744241
21.25630,-0.048957,-0.008965,9.747693
21.26470,-0.052675,-0.009198,9.744341
21.27250,-0.048503,-0.006959,9.744063
21.28300,-0.046355,-0.002097,9.745716
21.29960,-0.054081,-0.001638,9.757579
21.30460,-0.049929,0.007878,9.752011
21.31530,-0.045305,0.006352,9.740823
21.32290,-0.045305,0.010342,9.745442
21.33780,-0.050621,0.012344,9.741719
21.34390,-0.044128,0.013801,9.748519
21.35450,-0.046746,0.016824,9.735800
21.37170,-0.037511,0.019313,9.746853
21.38840,-0.031972,0.016168,9.745797
21.39680,-0.036501,0.020511,9.734856
21.40480,-0.035093,0.020267,9.744553
21.41310,-0.028763,0.023079,9.734384
21.43010,-0.026396,0.028820,9.740496
21.43810,-0.022720,0.023000,9.735146
21.44660,-0.015325,0.023756,9.742106
21.45630,-0.014583,0.028534,9.747096
21.46500,-0.014560,0.028808,9.735974
21.47280,-0.006027,0.032160,9.746298
21.48320,0.000387,0.033989,9.733202
21.49860,0.005972,0.034346,10.024216
21.50760,0.007638,0.034506,9.989310
21.51700,0.005226,0.030511,9.695184
21.52210,0.008765,0.027269,9.590422
21.53340,0.013468,0.026181,9.626134
21.54390,0.022163,0.025297,9.796760
21.55530,0.020291,0.030334,9.801684
21.56530,0.024134,0.028730,9.722171
21.57340,0.034665,0.025311,9.698197
21.58960,0.032025,0.016876,9.725113
21.59840,0.040897,0.022225,9.725971
21.60610,0.039748,0.019486,9.738285
21.61480,0.041736,0.017431,9.732126
21.62240,0.043546,0.016923,9.727267
21.63280,0.043668,0.011278,9.732039
21.64700,0.049510,0.014282,9.736330
21.65410,0.049594,0.003935,9.736374
21.66330,0.046150,0.006194,9.723475
21.67960,0.052744,0.000698,9.737116
21.68980,0.051892,-0.003565,9.724626
21.69870,0.053491,-0.002855,9.733723
21.70470,0.045840,-0.002536,9.732992
21.71490,0.044282,-0.007174,9.725657
21.72330,0.052153,-0.005956,9.736084
21.73400,0.050385,-0.009039,9.732159
21.74770,0.049419,-0.011738,9.739865
21.75570,0.044529,-0.017221,9.887401
21.76490,0.044004,-0.021138,9.873244
21.77340,0.039830,-0.021501,9.766543
21.78410,0.039057,-0.020659,9.659385
21.79790,0.034694,-0.020790,9.692254
21.80510,0.030351,-0.027949,9.733416
21.81360,0.028023,-0.028565,9.759452
21.82210,0.024314,-0.026704,9.744844
21.83310,0.025562,-0.026183,9.731327
21.84880,0.013522,-0.032739,9.726267
21.85630,0.010599,-0.031387,9.730317
21.86430,0.011276,-0.026126,9.731253
21.87250,0.011611,-0.029461,9.731522
21.88900,-0.002772,-0.033102,9.725655
21.89690,-0.006164,-0.026633,9.727481
21.90430,-0.007314,-0.030251,9.725069
21.92110,-0.010615,-0.032195,9.738171
21.92450,-0.017491,-0.026972,9.739683
21.93770,-0.015747,-0.028174,9.727138
21.94650,-0.020542,-0.030431,9.731676
21.95510,-0.026814,-0.030243,9.731109
21.96350,-0.022343,-0.029210,9.724061
21.97990,-0.036608,-0.019548,9.722621
21.99010,-0.039752,-0.018609,9.736150
21.99860,-0.034328,-0.019720,9.728107
22.00630,-0.039211,-0.014451,9.741162
22.01460,-0.043399,-0.012266,9.729407
22.02500,-0.041358,-0.017227,9.736256
22.03840,-0.041542,-0.011924,9.729639
22.04690,-0.047660,-0.010476,9.741589
22.05530,-0.052923,-0.008309,9.740171
22.06350,-0.046475,-0.001667,9.729119
22.07330,-0.050524,-0.001367,9.730479
22.08320,-0.049374,-0.003467,9.724574
22.09720,-0.048077,-0.000634,9.736411
22.10540,-0.047346,-0.000302,9.726702
22.11420,-0.045935,0.008930,9.727877
22.12250,-0.049935,0.004505,9.738053
22.13310,-0.049773,0.007195,9.736885
22.14430,-0.045659,0.015735,9.734028
22.15520,-0.043135,0.009959,9.734007
22.16380,-0.037756,0.016024,9.732016
22.17210,-0.042716,0.022306,9.732207
22.18270,-0.036909,0.015438,9.734428
22.19820,-0.038267,0.019493,9.740589
22.20630,-0.027841,0.023470,9.746684
22.21300,-0.028566,0.027973,9.731966
22.22240,-0.029069,0.022388,9.740568
22.23380,-0.019186,0.029198,9.737540
22.24800,-0.021121,0.032437,9.743934
22.25420,-0.017324,0.028808,9.733156
22.26320,-0.007037,0.028896,9.736502
22.27900,-0.004140,0.032194,9.742441
22.28780,0.002694,0.026480,9.745710
22.29630,-0.003265,0.031699,9.952268
22.30410,0.002451,0.028012,10.070588
22.31500,0.012468,0.026461,9.761806
22.32890,0.010214,0.029511,9.576383
22.33780,0.016993,0.030911,9.698718
22.34600,0.023253,0.024663,9.820581
22.35370,0.025910,0.029489,9.813853
22.36490,0.022353,0.024324,9.728854
22.37850,0.028692,0.023551,9.698262
22.38680,0.035856,0.018292,9.744977
22.39490,0.033051,0.020400,9.736653
22.40310,0.034440,0.022342,9.747042
22.41270,0.042413,0.016438,9.744775
22.42670,0.039642,0.010455,9.747902
22.43520,0.046596,0.009532,9.750507
22.44330,0.050541,0.013717,9.744209
22.45360,0.049246,0.006476,9.756522
22.46680,0.047345,0.007859,9.758417
22.47660,0.052082,0.002195,9.743985
22.48310,0.044977,0.001070,9.751305
22.49360,0.046688,0.003530,9.749063
22.50340,0.050070,-0.003882,9.756036
22.51870,0.048155,-0.002127,9.747700
22.52670,0.050409,-0.009449,9.754031
22.53530,0.050117,-0.014877,9.752189
22.54280,0.050876,-0.011087,9.764774
22.55450,0.045407,-0.017381,9.899670
22.56480,0.039826,-0.020196,9.902932
22.57630,0.035639,-0.017040,9.760822
22.58790,0.039344,-0.020457,9.685269
22.59300,0.036187,-0.023230,9.692473
22.60460,0.033271,-0.018239,9.763961
22.61680,0.024525,-0.024937,9.789101
22.62480,0.022500,-0.025706,9.783692
22.63310,0.026964,-0.023779,9.765314
22.64300,0.013750,-0.026056,9.741844
22.65590,0.014847,-0.030702,9.753474
22.66490,0.014825,-0.034034,9.767487
22.67580,0.010652,-0.032857,9.763902
22.68420,0.001440,-0.032241,9.766878
22.69250,0.002599,-0.030995,9.766547
22.70490,-0.009281,-0.025501,9.758219
22.71630,-0.014084,-0.027076,9.769677
22.72480,-0.013252,-0.024434,9.769452
22.73760,-0.020341,-0.028947,9.772745
22.74850,-0.025728,-0.024779,9.778150
22.75460,-0.028084,-0.024055,9.778312
22.76470,-0.025099,-0.027699,9.762529
22.77230,-0.029341,-0.024248,9.769323
22.78810,-0.035209,-0.018566,9.769033
22.79680,-0.031863,-0.023473,9.782441
22.80410,-0.037518,-0.020217,9.780011
22.81530,-0.036713,-0.018405,9.782972
22.82230,-0.040614,-0.015043,9.786095
22.83390,-0.046881,-0.010593,9.786896
22.84410,-0.045122,-0.009595,9.778273
22.85730,-0.048070,-0.005178,9.788015
22.86620,-0.047165,-0.010909,9.776919
22.87220,-0.053425,-0.007705,9.779703
22.88460,-0.050476,0.002699,9.787166
22.89850,-0.048703,0.003604,9.774734
22.90380,-0.048638,0.006013,9.785814
22.91430,-0.050793,0.005609,9.775884
22.92240,-0.048057,0.004600,9.787648
22.93330,-0.050649,0.005264,9.779867
22.94890,-0.040680,0.008152,9.786368
22.95460,-0.041805,0.018592,9.787306
22.96470,-0.041518,0.016054,9.796290
22.97280,-0.045024,0.020651,9.782236
22.98310,-0.037329,0.017126,9.783264
22.99790,-0.037766,0.018372,9.800915
23.00510,-0.030580,0.019417,9.789280
23.01360,-0.031621,0.024392,9.788900
23.03030,-0.022968,0.027655,9.792096
23.03910,-0.017131,0.029549,9.788121
23.04780,-0.013212,0.027634,9.807675
23.05550,-0.014940,0.025503,9.803762
23.06390,-0.006586,0.026785,9.800095
23.07990,-0.004127,0.031464,9.801150
23.08910,-0.000057,0.032153,9.796496
23.09790,0.002441,0.028181,10.062771
23.10440,0.007908,0.034383,10.114785
23.11310,0.012624,0.028853,9.905711
23.12210,0.015036,0.028956,9.664429
23.13910,0.021618,0.027498,9.800430
23.14820,0.021323,0.028984,9.892675
23.15570,0.025052,0.023610,9.877931
23.16510,0.030168,0.023095,9.803893
23.17300,0.028945,0.027543,9.770591
23.18990,0.030425,0.019556,9.819760
23.19850,0.038914,0.018475,9.811777
23.20550,0.037048,0.022808,9.812997
23.21490,0.045291,0.016843,9.814887
23.22310,0.047433,0.020113,9.823317
23.23380,0.041279,0.009419,9.816787
23.24830,0.043636,0.011311,9.807376
23.25580,0.046515,0.008444,9.826499
23.26460,0.051308,0.008097,9.822036
23.27270,0.049985,0.002989,9.824837
23.28300,0.049272,0.003991,9.824809
23.29770,0.048827,-0.003631,9.823797
23.30380,0.054665,-0.000059,9.829935
23.31350,0.051043,-0.006243,9.819174
23.32930,0.049935,-0.008429,9.829760
23.33930,0.049443,-0.013821,9.826637
23.34830,0.043111,-0.016575,9.839247
23.35440,0.048410,-0.016943,9.975106
23.36440,0.038582,-0.014215,9.988100
23.37280,0.035364,-0.019136,9.878334
23.38920,0.038835,-0.019388,9.751969
23.39800,0.033053,-0.021797,9.798197
23.40730,0.034864,-0.025694,9.847961
23.41600,0.026448,-0.027988,9.855485
23.42230,0.027741,-0.025443,9.860789
23.43890,0.017976,-0.032149,9.820864
23.44940,0.015860,-0.024720,9.823259
23.45510,0.016565,-0.031320,9.826379
23.46640,0.013522,-0.032220,9.840597
23.47490,0.002901,-0.028176,9.840459
23.48350,0.002481,-0.031925,9.829648
23.49890,-0.001006,-0.032072,9.844872
23.50440,-0.006306,-0.029135,9.840162
23.51480,-0.005764,-0.028477,9.833980
23.53060,-0.017599,-0.029700,9.841998
23.53830,-0.020795,-0.023143,9.841693
23.54680,-0.016614,-0.029411,9.853569
23.55470,-0.022810,-0.030874,9.836432
23.56320,-0.031300,-0.027326,9.852972
23.57940,-0.027730,-0.021257,9.839279
23.58900,-0.031376,-0.023316,9.844564
23.59730,-0.036041,-0.023160,9.855712
23.60390,-0.038574,-0.014691,9.852519
23.61390,-0.041391,-0.015270,9.841413
23.62930,-0.044090,-0.018673,9.856013
23.63970,-0.049670,-0.014491,9.856595
23.64470,-0.043669,-0.009829,9.858919
23.65430,-0.050410,-0.007040,9.848292
23.66450,-0.046203,-0.009102,9.855356
23.67240,-0.049329,0.000122,9.858221
23.68290,-0.051345,-0.005393,9.865399
23.69670,-0.050413,0.001413,9.858914
23.70600,-0.049868,-0.000340,9.857042
23.71520,-0.050805,0.003892,9.860145
23.72240,-0.047865,0.003266,9.862483
23.73820,-0.047937,0.014979,9.866523
23.74800,-0.042733,0.014951,9.864853
23.75470,-0.041601,0.015531,9.871177
23.76460,-0.039407,0.018847,9.853270
23.77260,-0.037938,0.014572,9.868450
23.79000,-0.034702,0.019573,9.861830
23.79890,-0.031057,0.018642,9.873371
23.80670,-0.029606,0.019129,9.857603
23.81510,-0.030822,0.022376,9.859545
23.82240,-0.024194,0.027517,9.873400
23.83860,-0.021175,0.026139,9.872040
23.84690,-0.015964,0.029393,9.861219
23.85410,-0.016669,0.032238,9.865529
23.86270,-0.013005,0.030039,9.872934
23.87820,-0.006499,0.026792,9.868171
23.88780,-0.002243,0.028097,9.861546
23.89570,0.006087,0.028009,10.070151
23.90340,-0.000231,0.030960,10.198211
23.92040,0.012231,0.031915,9.759351
23.92820,0.015428,0.026886,9.708939
23.93720,0.019508,0.025100,9.836861
23.94570,0.017517,0.029424,9.937893
23.95420,0.025919,0.029820,9.943556
23.97040,0.026472,0.027116,9.841257
23.97860,0.036300,0.025777,9.827867
23.98740,0.031599,0.018304,9.864703
23.99590,0.041377,0.025057,9.883687
24.00330,0.040437,0.014502,9.885778
24.01930,0.042984,0.015481,9.886488
24.02790,0.043721,0.015901,9.881593
24.03570,0.043899,0.011787,9.875889
24.04450,0.046909,0.008645,9.871002
24.05350,0.047450,0.005780,9.886507
24.06480,0.050370,0.005005,9.872299
24.07740,0.051597,-0.000383,9.880467
24.08650,0.053625,0.004980,9.883664
24.09410,0.047338,-0.003309,9.888889
24.10300,0.045064,0.002378,9.885891
24.11850,0.046632,-0.004217,9.878252
24.12660,0.053140,-0.007378,9.888793
24.13450,0.043217,-0.008964,9.888010
24.14210,0.049458,-0.013055,9.874390
24.15390,0.039680,-0.016161,10.032199
24.16410,0.039193,-0.020876,10.049507
24.17210,0.038725,-0.018960,9.934459
24.18260,0.037416,-0.016323,9.828555
24.19920,0.038180,-0.024089,9.866753
24.20360,0.029021,-0.018136,9.879567
24.21480,0.031149,-0.026320,9.919176
24.22310,0.022145,-0.025760,9.904094
24.23510,0.022717,-0.026100,9.881679
24.24720,0.018305,-0.027289,9.878597
24.25330,0.011517,-0.027414,9.877666
24.26310,0.007751,-0.030077,9.881977
24.27380,0.003879,-0.033691,9.895501
24.28740,-0.000064,-0.032398,9.894499
24.29590,-0.002415,-0.029120,9.895616
24.30410,-0.004827,-0.026366,9.893903
24.31250,-0.007714,-0.025446,9.892372
24.32340,-0.007753,-0.024290,9.890314
24.33700,-0.019964,-0.027868,9.894443
24.34590,-0.020531,-0.025564,9.896712
24.35410,-0.026867,-0.031150,9.887925
24.36480,-0.028655,-0.022843,9.894219
24.37230,-0.033550,-0.020572,9.886644
24.38500,-0.033944,-0.019564,9.885766
24.39480,-0.038615,-0.018160,9.899024
24.40440,-0.038103,-0.019782,9.897857
24.42120,-0.042507,-0.017130,9.886521
24.42800,-0.044229,-0.010652,9.894017
24.43720,-0.048754,-0.013348,9.894295
24.44510,-0.051055,-0.013926,9.882137
24.45330,-0.049185,-0.011462,9.892552
24.46960,-0.046231,-0.000236,9.880235
24.47800,-0.046402,0.001228,9.897768
24.48670,-0.053227,-0.004380,9.884973
24.49500,-0.049382,-0.004124,9.883454
24.50340,-0.047567,0.007301,9.896844
24.52030,-0.053329,0.004617,9.881181
24.52940,-0.050318,0.011653,9.890065
24.53730,-0.047807,0.006858,9.880613
24.54580,-0.042012,0.016092,9.898192
24.55360,-0.042990,0.015010,9.899618
24.56970,-0.041290,0.015791,9.886612
24.57840,-0.040228,0.015004,9.888236
24.58730,-0.036625,0.015451,9.895264
24.59390,-0.032106,0.017936,9.890090
24.60440,-0.028783,0.020369,9.896375
24.62060,-0.022799,0.029535,9.889230
24.62640,-0.020489,0.028711,9.888185
24.63510,-0.020382,0.026417,9.897299
24.64290,-0.016895,0.030402,9.882694
24.65310,-0.013971,0.027453,9.881585
24.66760,-0.007724,0.028488,9.883299
24.67590,-0.008405,0.027221,9.884924
24.68370,-0.006981,0.026164,9.884912
24.69950,-0.000571,0.033244,10.196746
24.70430,0.009548,0.027223,10.209156
24.71630,0.010710,0.027512,9.870531
24.72430,0.013444,0.026965,9.730990
24.73300,0.016412,0.033310,9.774343
24.74900,0.020669,0.029606,9.981720
24.75350,0.021220,0.027604,9.961748
24.76490,0.031253,0.029086,9.879243
24.77340,0.025900,0.020288,9.843050
24.78840,0.031329,0.019796,9.891651
24.79850,0.039622,0.017327,9.876919
24.80360,0.042796,0.021423,9.886793
24.81470,0.038982,0.019875,9.890694
24.82280,0.039456,0.012144,9.892650
24.83630,0.048125,0.010458,9.885531
24.84690,0.046349,0.012217,9.877123
24.85350,0.052150,0.008700,9.884489
24.86340,0.052321,0.004879,9.873166
24.87910,0.052008,-0.000314,9.883835
24.88820,0.046732,-0.000105,9.880009
24.89580,0.053134,-0.003005,9.885503
24.90400,0.054596,-0.004272,9.880053
24.92000,0.046221,-0.010487,9.879854
24.92870,0.052669,-0.005342,9.876545
24.93710,0.043199,-0.014163,9.884766
24.94520,0.045019,-0.007944,9.874775
24.95350,0.046047,-0.013314,10.005027
24.97020,0.045335,-0.021363,9.953837
24.97830,0.042840,-0.023465,9.858079
24.98740,0.037126,-0.023084,9.801212
24.99400,0.036527,-0.018332,9.819785
25.00320,0.027125,-0.022862,9.880454
25.01920,0.028854,-0.022025,9.901498
25.02650,0.020596,-0.031098,9.882636
25.03520,0.018775,-0.031482,9.859884
25.04320,0.015053,-0.028582,9.857060
25.05320,0.019921,-0.031410,9.862332
25.06750,0.005906,-0.028999,9.867731
25.07600,0.001925,-0.032398,9.864901
25.08440,0.006965,-0.027809,9.859973
25.10050,0.001012,-0.031889,9.862238
25.10390,-0.007085,-0.024881,9.875423
25.11660,-0.013690,-0.031890,9.875594
25.12500,-0.016006,-0.031872,9.868657
25.13330,-0.020599,-0.027294,9.858526
25.14920,-0.017069,-0.023736,9.862475
25.15370,-0.019937,-0.025039,9.871208
25.16480,-0.027162,-0.022558,9.857399
25.17310,-0.025535,-0.022694,9.870532
25.18750,-0.034376,-0.018363,9.869863
25.19700,-0.041005,-0.021632,9.856711
25.20400,-0.038661,-0.016866,9.864120
25.21310,-0.044872,-0.014220,9.869613
25.22930,-0.042609,-0.014720,9.860034
25.23820,-0.046195,-0.017211,9.861521
25.24660,-0.050275,-0.006912,9.860253
25.25320,-0.047852,-0.010925,9.855477
25.27230,-0.047568,-0.004181,9.863447
25.28830,-0.048763,-0.003662,9.862627
25.29340,-0.053036,-0.001335,9.849497
25.30500,-0.053354,0.005312,9.860911
25.31740,-0.047424,0.005394,9.844863
25.32560,-0.045290,0.009990,9.849339
25.33330,-0.049910,0.005755,9.858445
25.34970,-0.046903,0.010855,9.852824
25.35340,-0.042881,0.017184,9.853515
25.36510,-0.041979,0.013224,9.857321
25.37330,-0.042770,0.021659,9.856451
25.38690,-0.036309,0.016566,9.843991
25.39690,-0.031617,0.026127,9.845332
25.40340,-0.031315,0.023846,9.837944
25.41990,-0.026400,0.024198,9.839011
25.42880,-0.026954,0.025768,9.848247
25.43670,-0.022886,0.031255,9.840930
25.44480,-0.018444,0.029856,9.836067
25.45300,-0.016967,0.025583,9.838182
25.46990,-0.012947,0.033760,9.839121
25.47850,-0.002540,0.026814,9.840431
25.48650,-0.003526,0.032138,9.846126
25.49570,-0.002447,0.030082,10.027332
25.50310,0.002168,0.030240,10.171631
25.52000,0.011670,0.024801,9.733389
25.52740,0.011076,0.026445,9.665326
25.53500,0.012585,0.026085,9.745401
25.54340,0.019176,0.026823,9.890756
25.55350,0.018277,0.026128,9.920378
25.56380,0.027982,0.023819,9.822522
25.57580,0.034047,0.020957,9.777762
25.58420,0.037477,0.023313,9.818179
25.59500,0.034726,0.016150,9.837484
25.60340,0.033495,0.019255,9.827782
25.61310,0.038112,0.018445,9.835383
25.62500,0.041825,0.019335,9.828524
25.63310,0.045226,0.012193,9.833006
25.64960,0.043731,0.010932,9.824716
25.65500,0.050688,0.008402,9.825984
25.66430,0.045580,0.007876,9.827190
25.67480,0.053102,0.001943,9.829837
25.68310,0.047726,0.002160,9.812424
25.69880,0.051300,0.003263,9.811035
25.70270,0.052159,-0.005253,9.826069
25.71410,0.044616,-0.005002,9.823095
25.72290,0.043976,-0.005952,9.815642
25.73350,0.049464,-0.008261,9.809188
25.74780,0.049763,-0.009460,9.818203
25.75300,0.046634,-0.012818,9.942058
25.76490,0.042212,-0.011900,9.955829
25.77270,0.042171,-0.013198,9.860738
25.78700,0.039823,-0.023085,9.726575
25.79780,0.031361,-0.025897,9.781527
25.80390,0.034906,-0.022721,9.815113
25.81430,0.027167,-0.027006,9.844519
25.83110,0.024602,-0.024109,9.812777
25.83720,0.022735,-0.028889,9.801402
25.84680,0.018367,-0.029429,9.797272
25.85430,0.016011,-0.025762,9.802801
25.86300,0.006585,-0.029875,9.808217
25.87880,0.003866,-0.030750,9.807722
25.88720,-0.002267,-0.025823,9.805947
25.89500,0.001477,-0.034489,9.791496
25.90310,-0.002015,-0.034731,9.800416
25.92020,-0.011987,-0.028836,9.805012
25.92880,-0.009975,-0.028636,9.805121
25.93740,-0.018908,-0.025679,9.803904
25.94440,-0.022215,-0.023411,9.803665
25.95450,-0.018885,-0.024322,9.795275
25.97060,-0.028263,-0.022927,9.784342
25.97690,-0.033349,-0.027445,9.801361
25.98730,-0.037432,-0.017499,9.797123
25.99290,-0.037890,-0.021277,9.782472
26.00360,-0.042431,-0.021699,9.792685
26.01780,-0.036810,-0.016508,9.779019
26.02600,-0.047532,-0.019678,9.795787
26.03450,-0.047310,-0.016944,9.778071
26.04240,-0.047317,-0.010967,9.783152
26.05370,-0.044972,-0.006091,9.779897
26.06300,-0.047618,-0.006983,9.790875
26.07580,-0.045159,-0.000741,9.781261
26.08380,-0.050967,-0.001129,9.788462
26.10000,-0.048157,-0.001037,9.775098
26.10360,-0.048090,0.005538,9.779866
26.11570,-0.052790,0.004362,9.782360
26.12270,-0.045257,0.004566,9.781728
26.13700,-0.044872,0.005928,9.778164
26.14920,-0.042620,0.013761,9.774933
26.15330,-0.048528,0.017211,9.777171
26.16480,-0.040277,0.016773,9.779977
26.17290,-0.041926,0.019846,9.784509
26.18310,-0.036107,0.016578,9.778023
26.19790,-0.029286,0.024981,9.778258
26.20270,-0.027732,0.018601,9.774840
26.21480,-0.025063,0.029534,9.778795
26.23060,-0.022403,0.031263,9.762570
26.23690,-0.024252,0.031787,9.764534
26.24590,-0.018491,0.023500,9.777024
26.25300,-0.018547,0.031793,9.767751
26.26320,-0.014084,0.026461,9.766871
26.27470,-0.008323,0.034231,9.775424
26.28500,-0.000695,0.028916,9.774950
26.29470,0.000991,0.033263,9.917341
26.30320,0.008426,0.034221,10.083544
26.31390,0.012374,0.025063,9.830433
26.32810,0.015227,0.025175,9.599851
26.33670,0.018947,0.028856,9.710897
26.34470,0.019948,0.022590,9.815898
26.35270,0.022557,0.028963,9.847519
26.36300,0.028567,0.021079,9.767577
26.37720,0.031432,0.028485,9.714398
26.38500,0.036694,0.019540,9.736571
26.39360,0.033248,0.021573,9.749722
26.40490,0.042991,0.023344,9.758692
26.41370,0.038387,0.020705,9.757531
26.42720,0.039839,0.017256,9.758327
26.43510,0.042775,0.017218,9.747839
26.44290,0.044071,0.010861,9.753399
26.45390,0.043438,0.012938,9.762592
26.46840,0.051451,0.002618,9.743270
26.47630,0.054321,0.002305,9.747117
26.48430,0.051775,0.003066,9.741274
26.49250,0.047638,-0.000343,9.753601
26.50640,0.049604,-0.001812,9.753978
26.51670,0.046481,-0.009020,9.747825
26.52250,0.043808,-0.007778,9.751687
26.53310,0.051575,-0.007993,9.745813
26.54980,0.041066,-0.010428,9.796279
26.55490,0.042372,-0.011727,9.910288
26.56480,0.041103,-0.015704,9.895984
26.57400,0.039730,-0.013186,9.769437
26.58800,0.038212,-0.021032,9.676030
26.59390,0.033357,-0.025000,9.678990
26.60640,0.028779,-0.023638,9.754396
26.61280,0.032869,-0.024531,9.771644
26.62270,0.029095,-0.025639,9.768034
26.63960,0.021940,-0.025123,9.724959
26.64810,0.016091,-0.028872,9.737033
26.65510,0.015572,-0.032300,9.735151
26.66420,0.010441,-0.033145,9.744868
26.68050,0.006413,-0.028392,9.749575
26.68800,0.002075,-0.025567,9.741264
26.69660,-0.005173,-0.025330,9.733559
26.70420,-0.008712,-0.028530,9.743712
26.71500,-0.006176,-0.033426,9.743047
26.72320,-0.011875,-0.032119,9.733119
26.73810,-0.013410,-0.024995,9.729539
26.74740,-0.021412,-0.022396,9.727673
26.75330,-0.024981,-0.025530,9.730568
26.76350,-0.025476,-0.020649,9.741663
26.77970,-0.027072,-0.022007,9.732306
26.78640,-0.034212,-0.021642,9.732229
26.79620,-0.036755,-0.020448,9.728799
26.80400,-0.041429,-0.017425,9.726394
26.81340,-0.041595,-0.018273,9.725959
26.82970,-0.039791,-0.017300,9.733359
26.83730,-0.045266,-0.009272,9.732103
26.84570,-0.047564,-0.006070,9.742541
26.85420,-0.043574,-0.005481,9.736056
26.86290,-0.051500,-0.003380,9.726794
26.87880,-0.050674,-0.006042,9.733974
26.88700,-0.046293,0.001205,9.732847
26.89520,-0.049658,-0.000017,9.739216
26.90320,-0.046125,-0.000784,9.729008
26.91490,-0.047877,0.005158,9.722390
26.93050,-0.050955,0.006884,9.734745
26.93670,-0.043684,0.009457,9.724014
26.94330,-0.042837,0.007723,9.739695
26.95350,-0.047044,0.013283,9.738908
26.96980,-0.043444,0.015236,9.721633
26.97630,-0.036597,0.019866,9.722224
26.98630,-0.033400,0.018595,9.726178
26.99270,-0.035180,0.026143,9.722496
27.00350,-0.032309,0.026469,9.734246
27.01510,-0.030874,0.020331,9.723932
27.02590,-0.026805,0.022086,9.723872
27.03410,-0.018449,0.022106,9.736771
27.05040,-0.014925,0.026810,9.736423
27.05450,-0.018984,0.028391,9.721468
27.06680,-0.013014,0.031581,9.721244
27.07500,-0.010540,0.032097,9.732155
27.08340,-0.008149,0.033974,9.737521
27.09910,0.007554,0.028138,10.021446
27.10380,0.004752,0.031460,10.057522
27.11580,0.005971,0.032361,9.726854
27.12340,0.008472,0.026333,9.563642
27.13800,0.016866,0.030622,9.693095
27.14830,0.019535,0.025605,9.811586
27.15410,0.019620,0.022467,9.815977
27.16280,0.026341,0.029906,9.731469
27.17400,0.029389,0.027875,9.676250
27.18790,0.038505,0.026694,9.724641
27.19810,0.033804,0.019921,9.732423
27.20430,0.034334,0.020278,9.720787
27.21410,0.039640,0.016777,9.739513
27.22240,0.039935,0.020215,9.723782
27.24030,0.042014,0.013030,9.738466
27.24890,0.043111,0.007920,9.724231
27.25450,0.045596,0.006704,9.739410
27.26500,0.049484,0.004611,9.733275
27.27340,0.048702,0.000458,9.741287
27.29090,0.045186,-0.000077,9.731443
27.29930,0.049061,0.001248,9.735047
27.30630,0.047018,0.001560,9.736324
27.31580,0.048682,-0.006993,9.737955
27.32360,0.052038,-0.003641,9.726424
27.33910,0.042780,-0.008431,9.742312
27.34850,0.041463,-0.013542,9.744080
27.35390,0.039430,-0.016212,9.868597
27.36460,0.043833,-0.020160,9.885311
27.37220,0.040370,-0.014059,9.779992
27.39030,0.033940,-0.023457,9.662562
27.39890,0.032844,-0.023405,9.698454
27.40610,0.034680,-0.027908,9.737116
27.41500,0.025835,-0.025137,9.760849
27.42300,0.021423,-0.026664,9.753174
27.43980,0.023048,-0.025633,9.724260
27.44810,0.020988,-0.023337,9.718500
27.45650,0.010870,-0.028361,9.729302
27.46510,0.005650,-0.029783,9.746461
27.47340,0.011540,-0.027236,9.730893
27.48790,-0.001783,-0.026048,9.737205
27.49370,-0.002997,-0.033384,9.743890
27.50340,-0.003024,-0.028790,9.733625
27.51370,-0.008568,-0.025731,9.749411
27.52980,-0.016090,-0.029037,9.749045
27.53750,-0.016182,-0.026043,9.748114
27.54600,-0.017553,-0.029805,9.740388
27.55350,-0.021358,-0.031240,9.746699
27.56490,-0.030336,-0.028726,9.746855
27.57830,-0.033017,-0.025791,9.748736
27.58710,-0.030679,-0.021173,9.738996
27.59390,-0.035782,-0.021048,9.749033
27.60320,-0.040678,-0.015993,9.744521
27.61840,-0.046515,-0.015369,9.750334
27.62670,-0.046709,-0.018913,9.746640
27.63490,-0.046969,-0.014029,9.753407
27.64290,-0.042586,-0.008898,9.756431
27.65330,-0.048424,-0.008172,9.749862
27.66700,-0.053386,-0.004268,9.741096
27.67500,-0.047179,-0.005764,9.755443
27.68320,-0.052116,-0.006056,9.746411
27.70020,-0.049559,0.000325,9.757106
27.70330,-0.054673,-0.001243,9.756185
27.71660,-0.049493,0.002062,9.758565
27.72490,-0.052940,0.012310,9.757889
27.73320,-0.049670,0.008684,9.752488
27.74930,-0.045561,0.014081,9.751746
27.75320,-0.045369,0.016526,9.750927
27.76420,-0.041275,0.018934,9.748044
27.77290,-0.041224,0.022536,9.753693
27.78670,-0.041478,0.023419,9.754020
27.79800,-0.036291,0.019831,9.752793
27.80290,-0.030011,0.019089,9.760556
27.81460,-0.027730,0.026438,9.766847
27.82300,-0.028244,0.027327,9.760911
27.83630,-0.019550,0.028649,9.757937
27.84690,-0.020744,0.028251,9.750414
27.85360,-0.016029,0.024021,9.762467
27.86480,-0.007679,0.031415,9.765804
27.87250,-0.002651,0.026369,9.753681
27.88980,-0.001570,0.033458,9.758983
27.89850,0.004187,0.032581,10.057381
27.90560,0.003305,0.026960,10.063417
27.91450,0.009438,0.031556,9.816203
27.93040,0.016419,0.029212,9.614407
27.93790,0.014353,0.024820,9.732385
27.94630,0.022727,0.028293,9.833534
27.95440,0.027776,0.027062,9.846091
27.96270,0.024409,0.024303,9.769608
27.97260,0.028332,0.021127,9.725447
27.98830,0.037909,0.024377,9.774571
27.99490,0.039562,0.022212,9.768317
28.00680,0.035490,0.020396,9.774790
28.01340,0.037377,0.015294,9.768299
28.02240,0.041122,0.019198,9.776934
28.03780,0.041408,0.010540,9.778400
28.04270,0.046712,0.007533,9.769979
28.05520,0.045001,0.007249,9.771207
28.06700,0.049086,0.005238,9.782202
28.07220,0.048624,0.007958,9.774164
28.08350,0.047073,-0.000126,9.780229
28.09450,0.051311,0.002068,9.783616
28.10460,0.049257,-0.002541,9.781380
28.11420,0.045296,-0.003905,9.778282
28.12230,0.045605,-0.008522,9.791564
28.13330,0.051915,-0.007268,9.790160
28.14470,0.045253,-0.010627,9.793316
28.15390,0.040493,-0.014517,9.932161
28.16360,0.042508,-0.011797,9.948753
28.17210,0.039306,-0.015879,9.842439
28.18210,0.039626,-0.017672,9.728937
28.19720,0.035971,-0.020310,9.745213
28.20530,0.030612,-0.026474,9.790197
28.21420,0.031007,-0.022343,9.830576
28.22330,0.021759,-0.023880,9.806077
28.23860,0.019117,-0.026670,9.793620
28.24670,0.021988,-0.029990,9.784822
28.25490,0.010388,-0.026788,9.790282
28.26320,0.012199,-0.029753,9.799012
28.28000,0.001976,-0.027923,9.804868
28.28820,0.000437,-0.031345,9.795688
28.29410,-0.004090,-0.028605,9.807669
28.30740,-0.003976,-0.029341,9.800330
28.31650,-0.013556,-0.031853,9.796006
28.32220,-0.007090,-0.025787,9.797312
28.33320,-0.020817,-0.024739,9.809203
28.34950,-0.018736,-0.023659,9.813687
28.35420,-0.023172,-0.026954,9.807360
28.36580,-0.027665,-0.025278,9.813439
28.37270,-0.025149,-0.026947,9.797939
28.38520,-0.031742,-0.020335,9.806610
28.39510,-0.038605,-0.022549,9.813134
28.40380,-0.038396,-0.015918,9.818399
28.41490,-0.044997,-0.012189,9.811812
28.42380,-0.044498,-0.020159,9.802999
28.43800,-0.043634,-0.008309,9.809516
28.44660,-0.045491,-0.007862,9.814409
28.45460,-0.047525,-0.009209,9.807891
28.47100,-0.046222,-0.009127,9.825533
28.47940,-0.049981,-0.000250,9.826739
28.48850,-0.045293,-0.002399,9.811678
28.49670,-0.053139,0.004520,9.819096
28.50480,-0.050341,0.002151,9.821863
28.51310,-0.051902,0.008199,9.816336
28.52380,-0.046456,0.005646,9.824129
28.53820,-0.050425,0.007289,9.823542
28.54670,-0.040604,0.012857,9.816484
28.55310,-0.041984,0.018234,9.822174
28.56450,-0.044251,0.016477,9.826662
28.57230,-0.041851,0.013216,9.825260
28.58620,-0.040155,0.021145,9.817486
28.59640,-0.036160,0.018735,9.820752
28.60280,-0.029810,0.021152,9.838208
28.61980,-0.023089,0.027681,9.835088
28.62830,-0.023838,0.021567,9.839478
28.63760,-0.017552,0.026173,9.828060
28.64470,-0.022938,0.023152,9.839468
28.65430,-0.015175,0.033177,9.839577
28.66310,-0.014533,0.025447,9.835160
28.67880,-0.000267,0.027046,9.840607
28.68760,0.000666,0.028336,9.834723
28.69650,-0.001668,0.029245,10.055178
28.70370,0.004427,0.030739,10.156765
28.71480,0.008916,0.029174,9.871820
28.72920,0.010634,0.033701,9.686507
28.73840,0.019109,0.028659,9.821187
28.74660,0.024378,0.027279,9.927046
28.75450,0.023681,0.027116,9.914713
28.76300,0.021503,0.024268,9.857373
28.78210,0.031283,0.023178,9.812297
28.79860,0.036127,0.018159,9.853983
28.80490,0.034283,0.017650,9.840115
28.81470,0.042570,0.017392,9.851390
28.82270,0.038643,0.012638,9.838577
28.83310,0.044632,0.014515,9.852193
28.84740,0.044975,0.006383,9.843195
28.85450,0.048234,0.011585,9.858389
28.86360,0.048164,0.001651,9.857594
28.87970,0.047306,0.005184,9.858184
28.88880,0.054773,-0.002601,9.848431
28.89700,0.050775,0.000517,9.848022
28.90420,0.053547,-0.000415,9.855393
28.91290,0.044655,-0.000919,9.850426
28.92220,0.047143,-0.009705,9.860422
28.93810,0.043049,-0.006231,9.856852
28.94480,0.047970,-0.016790,9.865145
28.95430,0.039639,-0.017422,10.002382
28.96290,0.044329,-0.011317,10.029264
28.98050,0.040283,-0.021541,9.803433
28.98790,0.031564,-0.024385,9.777214
28.99640,0.030804,-0.019124,9.815192
29.00500,0.031694,-0.027122,9.866111
29.01350,0.031698,-0.022143,9.889072
29.02970,0.027023,-0.027295,9.876730
29.03900,0.017063,-0.029813,9.861132
29.04710,0.021881,-0.031331,9.861638
29.05410,0.011644,-0.023938,9.865055
29.06350,0.006933,-0.026076,9.860421
29.07970,0.002156,-0.027749,9.871730
29.08840,-0.000468,-0.028342,9.860810
29.09700,-0.003561,-0.031273,9.866828
29.10410,-0.005785,-0.030426,9.879034
29.11280,-0.008141,-0.029763,9.879250
29.12880,-0.012731,-0.030397,9.872461
29.13860,-0.016224,-0.024829,9.870901
29.14720,-0.022560,-0.031769,9.875300
29.15390,-0.024708,-0.024443,9.873818
29.16330,-0.026453,-0.026320,9.872707
29.17920,-0.035624,-0.025784,9.866553
29.18730,-0.031427,-0.021505,9.881098
29.19610,-0.033960,-0.019507,9.882464
29.20390,-0.042404,-0.023121,9.869183
29.21500,-0.036277,-0.012102,9.869115
29.22950,-0.048994,-0.013747,9.884175
29.23880,-0.044729,-0.007966,9.872605
29.24720,-0.044658,-0.008719,9.871267
29.25490,-0.048822,-0.007010,9.876836
29.26350,-0.046639,-0.001969,9.886592
29.27970,-0.045200,-0.004041,9.887469
29.28860,-0.054800,0.000932,9.881463
29.29690,-0.050184,0.004190,9.886744
29.30510,-0.049176,0.003826,9.887947
29.31410,-0.050563,0.008841,9.877570
29.32250,-0.053202,0.002984,9.879776
29.33770,-0.049332,0.014531,9.884347
29.34720,-0.043337,0.012069,9.882536
29.35440,-0.048637,0.011428,9.890407
29.36390,-0.038720,0.011359,9.889047
29.37340,-0.037950,0.018827,9.888651
29.38850,-0.033166,0.017791,9.888508
29.39710,-0.034094,0.019367,9.886610
29.40440,-0.027552,0.020220,9.890599
29.41340,-0.027030,0.023760,9.878661
29.42220,-0.022584,0.023437,9.893404
29.43810,-0.021785,0.028976,9.887781
29.44660,-0.016548,0.025842,9.876797
29.45400,-0.010128,0.026774,9.878468
29.46480,-0.011296,0.027695,9.885237
29.47880,-0.002912,0.028644,9.892246
29.48920,-0.004283,0.032630,9.890153
29.49930,-0.001631,0.027149,10.181736
29.50590,0.003765,0.025414,10.185958
29.51510,0.011898,0.025260,9.921727
29.52360,0.010134,0.027827,9.735644
29.53740,0.017273,0.026417,9.838362
29.54850,0.026034,0.025367,9.970204
29.55560,0.026267,0.030673,9.958340
29.56490,0.029163,0.028567,9.871170
29.58040,0.035819,0.021464,9.852026
29.58710,0.030196,0.022729,9.885467
29.59700,0.035124,0.018027,9.886033
29.60390,0.042432,0.019601,9.889565
29.61320,0.036131,0.016526,9.895264
29.62280,0.046550,0.013069,9.889627
29.63820,0.049398,0.014768,9.889772
29.64260,0.044469,0.008864,9.897752
29.65420,0.050114,0.011735,9.888610
29.66280,0.045970,0.006381,9.886860
29.67240,0.053347,0.000871,9.888415
29.68890,0.047949,-0.000989,9.879980
29.69740,0.054751,0.002633,9.890683
29.70560,0.051641,0.000572,9.882693
29.71430,0.050465,-0.002830,9.895181
29.72260,0.051131,-0.005800,9.885194
29.73780,0.049297,-0.007482,9.889525
29.74660,0.048792,-0.010448,9.888770
29.75410,0.042091,-0.018110,10.043687
29.77070,0.044521,-0.020365,9.962039
29.77900,0.042253,-0.014717,9.863425
29.78790,0.032899,-0.024112,9.813581
29.79410,0.036547,-0.022865,9.844067
29.80450,0.036421,-0.019224,9.894774
29.82130,0.029125,-0.020629,9.909179
29.82660,0.026537,-0.024453,9.904354
29.83520,0.022247,-0.026354,9.881593
29.85050,0.018124,-0.025359,9.882578
29.85430,0.009591,-0.030333,9.889415
29.86670,0.006839,-0.032082,9.884203
29.87460,0.009018,-0.030130,9.893696
29.88280,0.005227,-0.031562,9.890631
29.89910,-0.002946,-0.032850,9.894478
29.90400,-0.005934,-0.033566,9.893973
29.91480,-0.004132,-0.028851,9.885799
29.92210,-0.012956,-0.027686,9.884652
29.93820,-0.013845,-0.028167,9.881991
29.94790,-0.018866,-0.030347,9.886678
29.95450,-0.028293,-0.024353,9.886883
29.96390,-0.026172,-0.028593,9.880856
29.97210,-0.029265,-0.026351,9.883859
29.98740,-0.038980,-0.026578,9.884589
29.99770,-0.038273,-0.017466,9.888063
30.00380,-0.041294,-0.019719,9.882692
