timestamp,x,y,z
0.02510,0.049410,-0.015765,-0.031640
0.03960,0.041651,-0.014753,0.167815
0.04410,0.037642,-0.012804,0.124122
0.05610,0.036451,-0.015891,-0.031304
0.06480,0.032362,-0.019754,-0.105484
0.07300,0.039484,-0.020370,-0.095828
0.08950,0.034901,-0.020133,-0.006939
0.09760,0.022618,-0.021116,0.003736
0.10590,0.022739,-0.027646,-0.021008
0.11230,0.025123,-0.026822,-0.034511
0.12250,0.022068,-0.027969,-0.048243
0.13900,0.015785,-0.032002,-0.031594
0.14290,0.007577,-0.029212,-0.041990
0.15550,0.002243,-0.026535,-0.029769
0.16360,0.001580,-0.033327,-0.028511
0.17650,-0.003001,-0.033152,-0.035389
0.18780,-0.010449,-0.034598,-0.031638
0.19610,-0.004489,-0.029592,-0.039547
0.20460,-0.011261,-0.024504,-0.033329
0.21220,-0.016190,-0.032135,-0.041340
0.22800,-0.020286,-0.031849,-0.033740
0.23630,-0.028518,-0.023581,-0.033842
0.24290,-0.027035,-0.022159,-0.035792
0.25320,-0.026499,-0.028860,-0.052364
0.27230,-0.039013,-0.022162,-0.054334
0.28540,-0.042339,-0.019163,-0.047211
0.29550,-0.040425,-0.012999,-0.052580
0.30400,-0.040857,-0.011437,-0.047407
0.31210,-0.044419,-0.016272,-0.055065
0.32830,-0.043478,-0.007585,-0.047536
0.33640,-0.052462,-0.005586,-0.057169
0.34290,-0.044462,-0.005241,-0.052806
0.35340,-0.047379,-0.008348,-0.043090
0.36930,-0.054381,0.002502,-0.058446
0.37630,-0.045664,0.005832,-0.049733
0.38620,-0.049165,0.006613,-0.053808
0.39380,-0.049137,0.006084,-0.064568
0.40940,-0.045993,0.004740,-0.050206
0.41890,-0.048992,0.011092,-0.064431
0.42690,-0.046919,0.014325,-0.060576
0.43510,-0.039949,0.013158,-0.059820
0.44270,-0.042582,0.012349,-0.056500
0.45980,-0.037908,0.021713,-0.062351
0.46790,-0.032861,0.022845,-0.055056
0.47640,-0.036492,0.018569,-0.060485
0.48410,-0.034598,0.024786,-0.063633
0.49230,-0.024705,0.028002,-0.069619
0.50960,-0.020995,0.025926,-0.063022
0.51730,-0.023179,0.029956,-0.057887
0.52550,-0.015278,0.030603,-0.060598
0.53310,-0.009979,0.029209,-0.057865
0.54320,-0.006304,0.024715,-0.066608
0.55720,-0.006436,0.032494,-0.056196
0.56540,-0.000583,0.033664,-0.072571
0.57660,0.005864,0.030136,0.175193
0.58240,0.000454,0.028622,0.264845
0.59870,0.008072,0.032426,-0.140941
0.60720,0.013838,0.027965,-0.240720
0.61540,0.014448,0.032070,-0.133280
0.62380,0.019392,0.029508,-0.015601
0.63230,0.020264,0.027250,0.025009
0.64290,0.022157,0.026757,-0.053090
0.65560,0.029355,0.021696,-0.122237
0.66390,0.030924,0.021918,-0.097509
0.67210,0.031470,0.023424,-0.077209
0.68840,0.043770,0.022987,-0.065481
0.69660,0.041258,0.019693,-0.076443
0.70480,0.043106,0.012346,-0.071439
0.71210,0.047654,0.011016,-0.074031
0.72990,0.050552,0.007134,-0.075927
0.73760,0.046976,0.007516,-0.071772
0.74300,0.048804,0.003645,-0.082729
0.75290,0.047160,-0.000288,-0.080518
0.77030,0.051645,-0.001171,-0.073194
0.77620,0.048171,-0.005552,-0.066484
0.78580,0.050905,-0.005577,-0.078836
0.79260,0.049194,-0.003013,-0.067616
0.80290,0.051110,-0.009771,-0.066864
0.81240,0.046086,-0.005996,-0.066521
0.82710,0.044845,-0.011689,-0.066620
0.83410,0.042021,-0.009216,0.070161
0.84270,0.041667,-0.016120,0.095112
0.85770,0.035972,-0.013725,-0.088870
0.86290,0.037787,-0.020999,-0.136389
0.87620,0.031883,-0.021280,-0.124204
0.88320,0.029082,-0.020967,-0.081560
0.90000,0.022464,-0.020770,-0.048045
0.90970,0.025504,-0.030723,-0.081538
0.91320,0.022507,-0.023229,-0.081411
0.92490,0.014141,-0.032540,-0.082620
0.93310,0.018230,-0.023910,-0.086843
0.94310,0.015115,-0.033306,-0.072784
0.95780,0.008071,-0.024939,-0.076673
0.96560,0.000956,-0.025117,-0.069923
0.97310,-0.003869,-0.026721,-0.083264
0.98980,-0.002841,-0.029097,-0.085482
0.99810,-0.014620,-0.027326,-0.080281
1.00640,-0.008798,-0.028085,-0.070645
1.01190,-0.012641,-0.030131,-0.075166
1.02250,-0.017640,-0.030008,-0.075192
1.03920,-0.021551,-0.026205,-0.070659
1.04400,-0.029399,-0.025438,-0.088289
1.05500,-0.034690,-0.021649,-0.071128
1.06310,-0.031314,-0.021238,-0.084943
1.07670,-0.033584,-0.017101,-0.085670
1.08800,-0.035401,-0.018771,-0.083021
1.09590,-0.040401,-0.017263,-0.073339
1.10320,-0.044491,-0.015996,-0.070049
1.11320,-0.049011,-0.010972,-0.080956
1.12850,-0.045696,-0.011035,-0.077602
1.13690,-0.048438,-0.005590,-0.083687
1.14540,-0.052547,-0.005048,-0.086497
1.15390,-0.050537,-0.002610,-0.079074
1.16960,-0.053479,0.003604,-0.082333
1.17760,-0.046037,0.006315,-0.072772
1.18570,-0.051079,0.004869,-0.076091
1.19380,-0.048866,0.008586,-0.075123
1.20250,-0.045390,0.005117,-0.076678
1.21810,-0.049367,0.013765,-0.085954
1.22620,-0.045913,0.011710,-0.085842
1.23380,-0.048548,0.017568,-0.084912
1.24220,-0.038888,0.016887,-0.088429
1.25890,-0.035077,0.020285,-0.083210
1.26720,-0.036586,0.016354,-0.082035
1.27510,-0.035026,0.019631,-0.076179
1.28360,-0.028597,0.022078,-0.086255
1.29240,-0.028422,0.027820,-0.077893
1.30800,-0.020611,0.026482,-0.066952
1.31760,-0.024586,0.022495,-0.068765
1.32590,-0.021210,0.023212,-0.078071
1.33400,-0.010211,0.031678,-0.072523
1.34210,-0.014124,0.028683,-0.080208
1.35780,-0.009310,0.031003,-0.081796
1.36620,-0.006874,0.027616,-0.084028
1.37470,0.003521,0.033908,0.076746
1.38310,0.004916,0.030440,0.255226
1.39920,0.014220,0.033167,-0.160242
1.40760,0.018617,0.033240,-0.248329
1.41670,0.012687,0.023826,-0.124923
1.42350,0.015077,0.032095,-0.013226
1.43970,0.023734,0.021341,-0.045103
1.44740,0.032676,0.026243,-0.098229
1.45550,0.032941,0.026250,-0.113238
1.46300,0.029876,0.021814,-0.101402
1.47600,0.039245,0.025246,-0.061577
1.48350,0.040875,0.017972,-0.076723
1.49380,0.036791,0.015658,-0.074522
1.50780,0.039743,0.012116,-0.061856
1.51850,0.041221,0.007380,-0.070656
1.52700,0.049480,0.011065,-0.063946
1.53390,0.046478,0.011370,-0.069730
1.54430,0.053472,0.001855,-0.062551
1.55210,0.045281,0.001949,-0.068406
1.56860,0.050062,-0.003830,-0.070288
1.57460,0.048562,-0.003660,-0.060266
1.58500,0.049376,-0.003341,-0.057404
1.59200,0.054285,-0.009336,-0.067452
1.61070,0.050003,-0.012889,-0.054875
1.61740,0.047116,-0.014837,-0.064036
1.62560,0.042188,-0.009607,-0.072054
1.63410,0.046382,-0.014644,0.084026
1.64410,0.041548,-0.012231,0.092655
1.65910,0.042650,-0.022475,-0.093903
1.66750,0.038462,-0.017552,-0.137941
1.67720,0.030655,-0.024247,-0.089304
1.68410,0.036234,-0.025696,-0.065824
1.69210,0.029169,-0.021016,-0.039477
1.71140,0.026797,-0.023295,-0.051348
1.71620,0.023642,-0.024650,-0.068893
1.72440,0.019478,-0.031994,-0.059379
1.73300,0.011661,-0.027496,-0.062184
1.74400,0.012307,-0.032174,-0.054779
1.75800,0.003397,-0.033842,-0.050993
1.76630,-0.002551,-0.028888,-0.062840
1.77740,-0.003610,-0.032343,-0.047223
1.78250,-0.007538,-0.034446,-0.046338
1.79940,-0.013635,-0.026114,-0.045874
1.80750,-0.018454,-0.032383,-0.057967
1.81600,-0.019882,-0.028857,-0.052518
1.82390,-0.022434,-0.027370,-0.042331
1.83210,-0.021584,-0.028191,-0.048974
1.84470,-0.028709,-0.024102,-0.058200
1.85710,-0.029062,-0.021889,-0.054172
1.86550,-0.037465,-0.023480,-0.041605
1.87380,-0.033137,-0.019901,-0.037238
1.88210,-0.042060,-0.019977,-0.039421
1.89890,-0.044217,-0.012064,-0.053091
1.90710,-0.048645,-0.010578,-0.044890
1.91430,-0.049514,-0.013650,-0.039660
1.92380,-0.042770,-0.010336,-0.037005
1.93990,-0.045214,-0.005187,-0.033334
1.94330,-0.047687,-0.010467,-0.035336
1.95730,-0.053969,-0.002248,-0.030440
1.96520,-0.046961,-0.002610,-0.047045
1.97370,-0.047258,0.003425,-0.032080
1.98960,-0.051077,0.001763,-0.044159
1.99750,-0.048109,0.010371,-0.028030
2.00620,-0.046651,0.008468,-0.037587
2.01440,-0.047011,0.008773,-0.026489
2.03100,-0.040673,0.011417,-0.036718
2.03270,-0.043398,0.018634,-0.024617
2.04680,-0.042183,0.012250,-0.027964
2.05580,-0.043875,0.016439,-0.038206
2.06400,-0.042159,0.018995,-0.039167
2.07240,-0.032034,0.016397,-0.028625
2.08870,-0.031993,0.021049,-0.020411
2.09710,-0.023984,0.029570,-0.035325
2.10560,-0.027157,0.028560,-0.025536
2.11380,-0.017480,0.029575,-0.032667
2.12210,-0.022436,0.023060,-0.024440
2.13890,-0.014676,0.025822,-0.022714
2.14450,-0.008414,0.032516,-0.018351
2.15560,-0.003951,0.030093,-0.027743
2.16380,-0.005351,0.034066,-0.012736
2.17760,0.003058,0.031593,0.245626
2.18860,0.008243,0.032085,0.219185
2.19630,0.006669,0.027676,-0.022614
2.20430,0.012500,0.028655,-0.186844
2.21260,0.010967,0.025303,-0.142401
2.22820,0.019126,0.031386,0.075465
2.23660,0.024692,0.023757,0.041251
2.24450,0.023036,0.024878,-0.021542
2.25250,0.033687,0.024412,-0.064068
2.26910,0.034930,0.025604,-0.019141
2.27730,0.037242,0.019627,-0.002406
2.28540,0.038362,0.019432,-0.008133
2.29340,0.043703,0.018854,-0.011424
2.31150,0.040901,0.018630,-0.002844
2.32650,0.048436,0.013111,-0.005247
2.33500,0.044925,0.012117,-0.006031
2.34490,0.051645,0.010554,-0.003046
2.35900,0.050038,0.006676,-0.001489
2.36690,0.050335,-0.001989,0.007267
2.37780,0.050593,0.000366,-0.007939
2.38340,0.048029,0.000565,-0.005095
2.40010,0.044345,-0.003359,-0.001931
2.41110,0.046329,-0.007205,-0.006370
2.41540,0.051352,-0.006754,-0.000925
2.42480,0.042956,-0.011257,0.003384
2.43290,0.043307,-0.018409,0.136175
2.44630,0.039792,-0.018616,0.135169
2.45750,0.036486,-0.017295,-0.019170
2.46590,0.033322,-0.019299,-0.074106
2.47420,0.030914,-0.025621,-0.054506
2.48970,0.027642,-0.022388,0.024890
2.49820,0.031189,-0.026541,0.044086
2.50640,0.029108,-0.024653,0.027488
2.51490,0.018323,-0.031502,0.005209
2.52290,0.020148,-0.030005,0.010398
2.53930,0.009344,-0.024766,0.021627
2.54340,0.011858,-0.030645,0.021818
2.55540,0.010505,-0.031020,0.018764
2.56370,0.001967,-0.033557,0.023178
2.57860,-0.001596,-0.032136,0.015707
2.58900,-0.008830,-0.025126,0.011306
2.59690,-0.013120,-0.032626,0.021408
2.60510,-0.011138,-0.027246,0.022675
2.61210,-0.020103,-0.026222,0.014216
2.62880,-0.022641,-0.025752,0.027965
2.63400,-0.024236,-0.024087,0.027270
2.64460,-0.022437,-0.026791,0.028507
2.65420,-0.034249,-0.022267,0.024112
2.66280,-0.029132,-0.017895,0.024686
2.67820,-0.034780,-0.022993,0.033402
2.68770,-0.039525,-0.014381,0.035946
2.69590,-0.039610,-0.018225,0.026516
2.70420,-0.041068,-0.013384,0.038738
2.71210,-0.047725,-0.012858,0.024751
2.72830,-0.044524,-0.011946,0.030199
2.73630,-0.050086,-0.011593,0.024225
2.74560,-0.050944,-0.003432,0.040977
2.75260,-0.051920,-0.007808,0.041859
2.76880,-0.047817,0.001738,0.038854
2.77870,-0.053917,0.001484,0.046130
2.78490,-0.054324,-0.000198,0.040813
2.79310,-0.046564,0.003067,0.043648
2.81110,-0.044366,0.007718,0.030875
2.81700,-0.047046,0.013903,0.036028
2.82570,-0.045396,0.012131,0.049423
2.83380,-0.042184,0.014073,0.048923
2.84370,-0.045753,0.014468,0.033958
2.85850,-0.037833,0.019709,0.044827
2.86670,-0.039103,0.018845,0.043465
2.87750,-0.034215,0.023512,0.038440
2.88340,-0.032666,0.020843,0.039945
2.90000,-0.028250,0.027791,0.050446
2.91080,-0.018818,0.023365,0.050439
2.91660,-0.017872,0.028599,0.045586
2.92450,-0.020207,0.026384,0.054389
2.93280,-0.016753,0.031793,0.039283
2.94470,-0.012045,0.032239,0.047765
2.95710,-0.003986,0.034691,0.041656
2.96450,-0.007048,0.028862,0.049270
2.97270,-0.003148,0.030624,0.109284
2.98860,0.008505,0.030775,0.278074
2.99720,0.014038,0.032406,0.003113
3.00390,0.008086,0.028416,-0.117160
3.01240,0.012149,0.025906,-0.057719
3.02850,0.018247,0.028163,0.132707
3.03600,0.021565,0.027117,0.129644
3.04560,0.031089,0.026644,0.044261
3.05210,0.031278,0.025947,0.003682
3.06870,0.035108,0.023947,0.048569
3.07710,0.039646,0.023704,0.062861
3.08510,0.039815,0.015193,0.056660
3.09350,0.043786,0.022249,0.061931
3.10990,0.042976,0.013048,0.063451
3.11850,0.046338,0.014745,0.058154
3.12660,0.047749,0.010572,0.066795
3.13420,0.048689,0.006203,0.053228
3.14360,0.044970,0.003566,0.064553
3.15850,0.051102,0.001431,0.065289
3.16700,0.047769,0.003927,0.057313
3.17710,0.052392,0.002306,0.069283
3.18350,0.051727,-0.000637,0.060341
3.20030,0.048582,-0.001961,0.072189
3.21010,0.046701,-0.010733,0.074905
3.21690,0.051703,-0.009475,0.064559
3.22510,0.045892,-0.008767,0.058801
3.23450,0.040465,-0.015309,0.217145
3.24350,0.039423,-0.013745,0.229229
3.25920,0.035649,-0.020144,0.033880
3.26790,0.040485,-0.021295,-0.012845
3.27770,0.031860,-0.022684,0.029061
3.28370,0.027453,-0.026868,0.062853
3.29950,0.029649,-0.026314,0.104152
3.31030,0.018901,-0.030491,0.074490
3.31490,0.022206,-0.026136,0.064065
3.32430,0.022491,-0.032761,0.066348
3.33280,0.014450,-0.032987,0.068469
3.34390,0.012797,-0.027744,0.074287
3.35710,0.002994,-0.026007,0.069094
3.36530,0.006875,-0.032035,0.076452
3.37350,0.002624,-0.030528,0.076686
3.38900,-0.005853,-0.025186,0.074068
3.39720,-0.005046,-0.027159,0.074783
3.40490,-0.013933,-0.030153,0.070775
3.41290,-0.019763,-0.029623,0.074254
3.42840,-0.023026,-0.026982,0.067012
3.43670,-0.020502,-0.028676,0.076012
3.44380,-0.029989,-0.022956,0.074051
3.45900,-0.029675,-0.027158,0.075188
3.46270,-0.029373,-0.018835,0.070374
3.47820,-0.035827,-0.018834,0.079223
3.48460,-0.041040,-0.023072,0.072402
3.49300,-0.045321,-0.017040,0.072224
3.50210,-0.038569,-0.014570,0.086544
3.51370,-0.040866,-0.015656,0.082651
3.52510,-0.048219,-0.013253,0.081513
3.53330,-0.045298,-0.010652,0.084588
3.54370,-0.053638,-0.003915,0.073180
3.55670,-0.049054,0.000029,0.079644
3.56660,-0.049867,-0.005806,0.074452
3.57690,-0.050762,0.003789,0.083649
3.58350,-0.047726,0.003505,0.082866
3.60010,-0.047370,0.005134,0.070149
3.61030,-0.048412,0.011386,0.077151
3.61650,-0.049765,0.009345,0.074463
3.62490,-0.048014,0.012975,0.074405
3.63240,-0.039522,0.014195,0.075158
3.64280,-0.046152,0.012915,0.083780
3.65800,-0.039544,0.021714,0.073384
3.66620,-0.038925,0.023576,0.082036
3.67670,-0.036366,0.019399,0.076362
3.68280,-0.029021,0.022241,0.076110
3.69830,-0.030306,0.024770,0.085332
3.70950,-0.020636,0.027834,0.085037
3.71660,-0.017431,0.028319,0.085545
3.72490,-0.020452,0.027253,0.069989
3.73300,-0.017821,0.026508,0.086948
3.74260,-0.013780,0.026035,0.077098
3.75780,-0.003675,0.028279,0.082981
3.76620,-0.000371,0.025228,0.080438
3.77610,0.005540,0.026494,0.288343
3.78330,0.004240,0.030385,0.400347
3.80010,0.014188,0.029299,-0.023376
3.81030,0.012301,0.025996,-0.059638
3.81680,0.012512,0.030935,0.022880
3.82500,0.017374,0.031719,0.153082
3.83310,0.021255,0.026665,0.171067
3.84450,0.022745,0.021123,0.073604
3.85740,0.034697,0.021361,0.028658
3.86550,0.037129,0.023631,0.069995
3.87410,0.034307,0.021280,0.074473
3.88220,0.035436,0.022797,0.082448
3.89830,0.040203,0.018167,0.074671
3.90690,0.046841,0.012536,0.087151
3.91520,0.043987,0.011363,0.074620
3.92350,0.046906,0.011977,0.067894
3.93970,0.051316,0.003351,0.068194
3.94430,0.045431,0.006367,0.079622
3.95600,0.052610,0.004797,0.082287
3.96300,0.046828,0.004901,0.071801
3.97240,0.050765,-0.001830,0.067996
3.98930,0.052858,0.000665,0.071689
3.99800,0.048547,-0.010070,0.072084
4.00580,0.046927,-0.010987,0.067094
4.01220,0.051370,-0.013120,0.067958
4.03040,0.049530,-0.014112,0.143325
4.03230,0.040240,-0.014438,0.191830
4.04740,0.044447,-0.014378,0.196358
4.05480,0.038998,-0.019444,0.089421
4.06300,0.037336,-0.019238,0.006314
4.07880,0.030223,-0.021568,0.044962
4.08820,0.026396,-0.020502,0.087239
4.09650,0.026457,-0.024362,0.092478
4.10480,0.022013,-0.029666,0.096341
4.11230,0.024854,-0.027769,0.076331
4.12970,0.021032,-0.025147,0.062569
4.13780,0.008341,-0.033233,0.070280
4.14530,0.014936,-0.025807,0.076137
4.15450,0.008908,-0.026813,0.064666
4.17120,0.002291,-0.026370,0.071594
4.17740,-0.000655,-0.028828,0.063763
4.18750,-0.010721,-0.026808,0.074209
4.19560,-0.006474,-0.029876,0.071196
4.20380,-0.016749,-0.026595,0.061229
4.21240,-0.010916,-0.031952,0.058304
4.22900,-0.022744,-0.023028,0.071871
4.23700,-0.028114,-0.024875,0.057143
4.24440,-0.023480,-0.024990,0.061016
4.25340,-0.034270,-0.027229,0.059812
4.26940,-0.036181,-0.018552,0.063391
4.27830,-0.034803,-0.017414,0.064667
4.28540,-0.040279,-0.018479,0.053912
4.29370,-0.042402,-0.012649,0.057353
4.31250,-0.043445,-0.013427,0.066915
4.32800,-0.046806,-0.006785,0.062712
4.33630,-0.044383,-0.005020,0.058146
4.34570,-0.046519,-0.006063,0.046927
4.35280,-0.047523,-0.006651,0.054212
4.36910,-0.053075,-0.001313,0.065156
4.37840,-0.050818,-0.002763,0.058751
4.38580,-0.051051,0.000837,0.050093
4.39330,-0.049846,0.007956,0.061244
4.41210,-0.046819,0.006856,0.053286
4.42710,-0.047672,0.010689,0.058221
4.43510,-0.044362,0.009761,0.053777
4.44490,-0.040463,0.013176,0.048182
4.45930,-0.036210,0.020392,0.047151
4.46740,-0.032499,0.018455,0.048185
4.47820,-0.029241,0.019709,0.052458
4.48360,-0.033337,0.020862,0.041860
4.50020,-0.029936,0.021247,0.049658
4.51140,-0.024873,0.023963,0.036968
4.51660,-0.020518,0.026572,0.040161
4.52470,-0.019857,0.031535,0.048169
4.53280,-0.012714,0.032183,0.040526
4.54420,-0.006587,0.029751,0.035447
4.55780,-0.009099,0.030082,0.032188
4.56580,-0.004446,0.033769,0.043077
4.57390,0.004276,0.026070,0.152975
4.59070,0.007400,0.028336,0.211893
4.59830,0.005423,0.026559,-0.024798
4.60670,0.009531,0.031410,-0.131248
4.61430,0.016805,0.025414,-0.052463
4.62350,0.023981,0.030912,0.090059
4.63810,0.023008,0.025408,0.084730
4.64580,0.029587,0.025603,0.028396
4.65360,0.026717,0.028375,-0.017968
4.66330,0.030843,0.023539,0.013111
4.67240,0.036575,0.024511,0.021397
4.68290,0.034554,0.018898,0.036730
4.69240,0.036093,0.018146,0.026867
4.70410,0.039620,0.012128,0.028060
4.71220,0.048547,0.015139,0.017714
4.72870,0.042716,0.006372,0.029975
4.73690,0.050228,0.004892,0.021848
4.74570,0.050622,0.004153,0.033714
4.75290,0.051451,0.005471,0.013935
4.76980,0.045196,0.003170,0.029572
4.77830,0.050550,0.002023,0.026085
4.78620,0.045022,-0.006252,0.021901
4.79450,0.045080,-0.004285,0.027552
4.80270,0.044899,-0.006973,0.026836
4.81220,0.047394,-0.013732,0.025305
4.82690,0.046049,-0.009979,0.014275
4.83540,0.045154,-0.015306,0.178502
4.84400,0.039543,-0.018482,0.166235
4.85970,0.036343,-0.023290,-0.025363
4.86720,0.033061,-0.022811,-0.066308
4.87680,0.038571,-0.024928,-0.032889
4.88340,0.030363,-0.027759,0.015488
4.90010,0.023849,-0.028951,0.044001
4.91010,0.026467,-0.023882,0.018263
4.91620,0.022584,-0.028330,-0.005552
4.92380,0.021390,-0.024944,0.003160
4.93300,0.017690,-0.027084,-0.001847
4.94320,0.012598,-0.026177,0.004147
4.95730,0.006199,-0.031757,-0.004362
4.96530,0.006558,-0.030675,0.012229
4.97370,0.002089,-0.032584,-0.002718
4.98200,-0.006888,-0.032042,0.009007
4.99850,-0.014063,-0.033215,0.007797
5.00600,-0.013194,-0.028470,-0.008099
5.01490,-0.014941,-0.031323,-0.011000
5.02340,-0.021017,-0.025268,-0.010195
5.04400,-0.025153,-0.027617,-0.003604
5.05720,-0.028881,-0.026511,-0.005534
5.06480,-0.036921,-0.020748,-0.013270
5.07300,-0.032827,-0.017233,-0.009916
5.08920,-0.036065,-0.018314,-0.015649
5.09770,-0.043420,-0.011502,-0.007989
5.10630,-0.042951,-0.011487,-0.012846
5.11230,-0.042664,-0.011638,-0.002785
5.12980,-0.047245,-0.011123,-0.018027
5.13860,-0.049944,-0.010514,-0.009821
5.14390,-0.048425,-0.009611,-0.017098
5.15530,-0.046480,-0.000367,-0.015473
5.16320,-0.054122,-0.005735,-0.013123
5.17720,-0.050080,0.002223,-0.007492
5.18730,-0.046222,0.005802,-0.014181
5.19590,-0.049377,0.010159,-0.011219
5.20390,-0.051235,0.004516,-0.025917
5.21280,-0.046294,0.006616,-0.015028
5.22880,-0.049777,0.015061,-0.013484
5.23720,-0.044865,0.018441,-0.018769
5.24410,-0.045999,0.013828,-0.022159
5.25370,-0.040805,0.014988,-0.018270
5.27060,-0.038495,0.021776,-0.025052
5.27930,-0.029249,0.025389,-0.028481
5.28700,-0.029054,0.024747,-0.031786
5.29560,-0.026472,0.028071,-0.022028
5.30390,-0.021727,0.022748,-0.026514
5.31220,-0.026082,0.026789,-0.029653
5.32890,-0.017959,0.029754,-0.026410
5.33620,-0.018644,0.030445,-0.028496
5.34550,-0.009040,0.032396,-0.030521
5.36120,-0.005962,0.026597,-0.034613
5.36910,-0.001320,0.028979,-0.037307
5.37880,0.005825,0.031439,0.250457
5.38600,0.003931,0.032068,0.255178
5.39400,0.009525,0.033053,0.015770
5.40290,0.007218,0.032867,-0.180670
5.41220,0.013290,0.026553,-0.161303
5.42760,0.018646,0.028250,0.040541
5.43570,0.020952,0.025463,0.032510
5.44530,0.030268,0.029832,-0.059090
5.45240,0.025480,0.026773,-0.089290
5.46860,0.033645,0.018086,-0.044986
5.47680,0.041465,0.021781,-0.046214
5.48450,0.038825,0.019043,-0.035792
5.50010,0.039116,0.012192,-0.036781
5.51010,0.041022,0.011387,-0.045195
5.51630,0.043276,0.013810,-0.048154
5.52460,0.044487,0.007093,-0.046518
5.53280,0.051588,0.007383,-0.050710
5.54350,0.052304,0.005906,-0.049663
5.55780,0.051885,-0.000030,-0.047223
5.56570,0.052396,0.005700,-0.041630
5.57700,0.049425,-0.005829,-0.053773
5.58240,0.053381,0.000907,-0.052185
5.59890,0.050288,-0.008731,-0.056367
5.60610,0.052753,-0.008335,-0.060207
5.61530,0.043844,-0.013232,-0.049913
5.62340,0.041945,-0.007215,-0.049382
5.63960,0.045580,-0.017575,0.128267
5.64540,0.042875,-0.018611,0.084888
5.65340,0.042443,-0.019059,-0.015800
5.66460,0.040737,-0.022286,-0.121273
5.67260,0.037375,-0.023610,-0.120968
5.68310,0.036061,-0.026662,-0.055555
5.69660,0.026881,-0.022343,-0.021924
5.70350,0.027574,-0.027912,-0.037719
5.71240,0.019081,-0.023640,-0.051982
5.72910,0.015395,-0.025540,-0.061624
5.73740,0.014634,-0.025176,-0.063687
5.74520,0.012002,-0.029082,-0.056554
5.75360,0.005613,-0.028008,-0.063429
5.77040,-0.001511,-0.034286,-0.072480
5.77890,-0.006692,-0.028861,-0.073895
5.78740,-0.002350,-0.029429,-0.074267
5.79480,-0.011414,-0.028711,-0.065163
5.80340,-0.013418,-0.031580,-0.074634
5.82070,-0.022328,-0.030769,-0.071092
5.82840,-0.023553,-0.026902,-0.062414
5.83660,-0.027102,-0.024851,-0.064464
5.84530,-0.031671,-0.027634,-0.075778
5.85300,-0.032444,-0.022020,-0.074105
5.86980,-0.036870,-0.022520,-0.068385
5.87880,-0.039987,-0.015643,-0.073805
5.88560,-0.036832,-0.016224,-0.066242
5.89370,-0.042698,-0.017711,-0.062246
5.91260,-0.044674,-0.017181,-0.071719
5.92710,-0.047174,-0.010418,-0.065442
5.93500,-0.046457,-0.008995,-0.076474
5.94520,-0.044593,-0.005134,-0.066847
5.95860,-0.047682,-0.003168,-0.067072
5.96670,-0.054699,0.001736,-0.070823
5.97820,-0.048609,0.004122,-0.075793
5.98290,-0.047267,0.001600,-0.077122
5.99940,-0.046064,0.005725,-0.079710
6.00770,-0.047542,0.010014,-0.078345
6.01210,-0.052097,0.013204,-0.081293
6.02330,-0.043086,0.013525,-0.074460
6.03980,-0.047918,0.015905,-0.072288
6.04630,-0.039048,0.014940,-0.070087
6.05630,-0.041941,0.014714,-0.072623
6.06460,-0.042006,0.023527,-0.070993
6.07310,-0.033610,0.023740,-0.069809
6.09080,-0.027568,0.019657,-0.078576
6.09760,-0.030442,0.027514,-0.077132
6.10540,-0.028698,0.025419,-0.085908
6.11390,-0.025097,0.024217,-0.087669
6.13020,-0.015928,0.023951,-0.075867
6.13850,-0.016331,0.031211,-0.086681
6.14520,-0.015315,0.032761,-0.072746
6.15500,-0.009211,0.028249,-0.073411
6.16290,-0.003522,0.027102,-0.086815
6.17990,0.002122,0.028076,0.237532
6.18560,0.001945,0.025589,0.230287
6.19330,0.003378,0.028172,-0.003260
6.21030,0.015084,0.025059,-0.231246
6.21700,0.015970,0.028657,-0.118031
6.22510,0.019853,0.025601,-0.020529
6.23360,0.022732,0.026258,0.004737
6.24260,0.022222,0.021169,-0.059706
6.25720,0.033149,0.025560,-0.130341
6.26610,0.028985,0.022041,-0.082227
6.27570,0.040426,0.022351,-0.077173
6.28290,0.035328,0.020073,-0.071197
6.29860,0.045778,0.016085,-0.079521
6.30670,0.039997,0.017270,-0.070247
6.31520,0.049772,0.009837,-0.076392
6.32350,0.042998,0.006873,-0.081973
6.34010,0.050506,0.003066,-0.077278
6.34350,0.051554,0.004793,-0.087578
6.35630,0.048153,-0.000374,-0.071603
6.36280,0.051902,0.005609,-0.071417
6.37760,0.048479,-0.002501,-0.074290
6.38860,0.044681,0.000962,-0.088180
6.39660,0.046322,-0.007134,-0.071889
6.40490,0.050344,-0.007745,-0.073120
6.41280,0.047592,-0.012182,-0.070250
6.42890,0.041072,-0.012513,-0.052625
6.43670,0.040890,-0.017888,0.099657
6.44580,0.040317,-0.014210,0.067782
6.45290,0.039909,-0.017415,-0.046472
6.46920,0.036680,-0.016520,-0.143043
6.47780,0.036951,-0.021732,-0.111044
6.48530,0.034389,-0.019348,-0.071349
6.49370,0.030612,-0.025221,-0.051937
6.51040,0.024397,-0.021715,-0.072151
6.51810,0.020841,-0.023905,-0.094550
6.52610,0.018516,-0.024012,-0.082143
6.53380,0.014013,-0.027029,-0.091489
6.54400,0.013282,-0.029727,-0.080628
6.55750,0.005051,-0.026285,-0.068857
6.56590,0.001519,-0.033326,-0.079271
6.57850,-0.006299,-0.029912,-0.077509
6.58210,-0.008927,-0.030532,-0.072373
6.59890,-0.006566,-0.033030,-0.075594
6.60650,-0.010247,-0.027394,-0.084834
6.61450,-0.016080,-0.026247,-0.079274
6.63030,-0.023074,-0.029423,-0.077300
6.63860,-0.023172,-0.025255,-0.067295
6.64460,-0.027817,-0.023368,-0.075590
6.65550,-0.033261,-0.018835,-0.070287
6.66360,-0.028473,-0.018841,-0.079385
6.67870,-0.034156,-0.021509,-0.074987
6.68760,-0.040729,-0.019632,-0.077034
6.69540,-0.042426,-0.015563,-0.072045
6.70300,-0.045077,-0.012432,-0.071696
6.71930,-0.045167,-0.013248,-0.074208
6.72750,-0.051105,-0.011453,-0.069501
6.73460,-0.046032,-0.004541,-0.070469
6.74620,-0.051088,-0.005181,-0.062690
6.75360,-0.048109,-0.006687,-0.072379
6.76810,-0.047651,-0.003309,-0.065374
6.77890,-0.046720,-0.000986,-0.070714
6.78400,-0.053037,-0.000786,-0.061923
6.80040,-0.050308,0.008079,-0.064950
6.81200,-0.042848,0.010057,-0.059276
6.82580,-0.043737,0.010730,-0.068985
6.83420,-0.041171,0.016227,-0.064959
6.84650,-0.037913,0.015754,-0.069077
6.85790,-0.040336,0.016979,-0.063385
6.86620,-0.033504,0.019711,-0.057005
6.87960,-0.031594,0.021076,-0.056433
6.89050,-0.031336,0.026977,-0.053508
6.89860,-0.029463,0.022564,-0.054738
6.90630,-0.023288,0.028435,-0.069562
6.91400,-0.019608,0.022704,-0.066478
6.92280,-0.020686,0.024619,-0.054371
6.93870,-0.008619,0.030014,-0.057163
6.94480,-0.014838,0.027007,-0.062970
6.95450,-0.005151,0.030773,-0.059226
6.97030,-0.000339,0.031216,-0.054786
6.97780,0.002601,0.026163,0.215958
6.98680,0.002480,0.030617,0.221366
6.99490,0.008746,0.030705,-0.020194
7.00230,0.009574,0.027807,-0.191188
7.01810,0.013251,0.032108,-0.079730
7.02830,0.018626,0.026246,0.036203
7.03640,0.023317,0.030936,0.009276
7.04440,0.027995,0.025809,-0.051593
7.05230,0.034319,0.025806,-0.087350
7.06890,0.036949,0.022969,-0.054295
7.07820,0.035628,0.024303,-0.049602
7.08550,0.034096,0.020160,-0.054708
7.09370,0.038183,0.012391,-0.053600
7.11360,0.047813,0.017056,-0.047073
7.12690,0.048248,0.009078,-0.036372
7.13520,0.047685,0.008594,-0.045700
7.14490,0.046593,0.010330,-0.043032
7.15990,0.053666,0.004097,-0.045118
7.16840,0.053224,0.001415,-0.049807
7.17800,0.049792,-0.001786,-0.048932
7.18490,0.051671,-0.004836,-0.036660
7.19300,0.046840,-0.004629,-0.042897
7.21130,0.050999,-0.012575,-0.037562
7.21800,0.048055,-0.009912,-0.035057
7.22600,0.044492,-0.013015,-0.041448
7.23420,0.044518,-0.017308,0.118100
7.24550,0.040618,-0.011499,0.108671
7.25950,0.040013,-0.020914,-0.075219
7.26780,0.036648,-0.019714,-0.100206
7.27720,0.038712,-0.024259,-0.060623
7.28460,0.034304,-0.025071,-0.033667
7.29310,0.026206,-0.027059,-0.006771
7.31110,0.018962,-0.022897,-0.032401
7.31770,0.024433,-0.024025,-0.036138
7.32600,0.019894,-0.024759,-0.046340
7.33460,0.010115,-0.028058,-0.030698
7.34380,0.012941,-0.026999,-0.028800
7.36020,0.009163,-0.026741,-0.027016
7.36830,0.003392,-0.027097,-0.025233
7.37690,-0.002617,-0.028343,-0.022023
7.38370,-0.004060,-0.028795,-0.027281
7.39360,-0.009240,-0.028628,-0.023703
7.41040,-0.016696,-0.031080,-0.013491
7.41190,-0.019277,-0.029738,-0.024428
7.42650,-0.016195,-0.026394,-0.024309
7.43460,-0.023035,-0.021514,-0.013405
7.44350,-0.025431,-0.020775,-0.022873
7.45850,-0.028640,-0.018556,-0.018646
7.46780,-0.031350,-0.023256,-0.023479
7.47740,-0.033287,-0.024587,-0.023084
7.48420,-0.040011,-0.015545,-0.010420
7.49280,-0.038168,-0.014457,-0.021671
7.51100,-0.046242,-0.014979,-0.007927
7.51630,-0.041322,-0.016421,-0.004630
7.52470,-0.051479,-0.007201,-0.019077
7.53310,-0.046694,-0.009988,-0.002862
7.54370,-0.045322,-0.005549,-0.001637
7.55620,-0.051984,0.000305,-0.016218
7.56490,-0.053334,0.000134,-0.002644
7.57300,-0.054290,-0.003473,-0.012253
7.58850,-0.049239,0.005208,0.000007
7.59340,-0.051730,0.007662,-0.009207
7.60510,-0.048290,0.010205,-0.000222
7.61260,-0.044793,0.011649,-0.009167
7.62870,-0.049678,0.015987,-0.007540
7.63660,-0.047519,0.015626,0.008814
7.64300,-0.038221,0.016468,0.006356
7.65240,-0.035883,0.022356,0.004449
7.66850,-0.031653,0.023590,0.002770
7.67670,-0.038383,0.022856,0.005124
7.68410,-0.027451,0.021785,-0.002274
7.69330,-0.033450,0.023776,-0.002002
7.70380,-0.024998,0.022807,0.002744
7.71850,-0.022296,0.028483,0.002573
7.72680,-0.022027,0.023361,0.010454
7.73470,-0.017001,0.027994,0.020490
7.74340,-0.015762,0.030646,0.004073
7.75870,-0.007703,0.032093,0.004301
7.76730,0.000834,0.029780,0.009085
7.77620,0.004483,0.033010,0.237084
7.78390,0.001739,0.026380,0.335536
7.79980,0.007845,0.024672,-0.079099
7.81000,0.011923,0.025175,-0.136443
7.81490,0.015943,0.031989,-0.066563
7.82420,0.024605,0.022877,0.067206
7.83240,0.022982,0.030113,0.106282
7.84250,0.026781,0.027633,0.038645
7.85600,0.034412,0.019115,-0.022030
7.86430,0.036467,0.018932,0.003123
7.87680,0.036206,0.022672,0.016984
7.88970,0.039116,0.016097,0.026326
7.89790,0.046348,0.020267,0.030387
7.90620,0.038583,0.019548,0.035906
7.91420,0.045483,0.016523,0.030929
7.92260,0.050712,0.006885,0.034614
7.93890,0.045622,0.007785,0.027346
7.94320,0.052802,0.003676,0.036991
7.95440,0.044647,0.008248,0.040807
7.96300,0.053445,0.000074,0.038288
7.97650,0.045901,-0.000177,0.034716
7.98780,0.053665,-0.004405,0.028237
7.99600,0.046589,-0.003345,0.043538
8.00410,0.052569,-0.005916,0.028661
8.02040,0.048333,-0.006577,0.042125
8.02860,0.048073,-0.016835,0.071192
8.03700,0.048461,-0.011039,0.215025
8.04310,0.043708,-0.016938,0.210769
8.05350,0.039743,-0.021977,0.066926
8.07020,0.037331,-0.021451,-0.021848
8.07790,0.029708,-0.023331,0.003315
8.08210,0.032323,-0.021145,0.035245
8.09500,0.027449,-0.028366,0.071648
8.10300,0.024931,-0.027740,0.073479
8.11300,0.025559,-0.022781,0.048771
8.12750,0.016927,-0.030018,0.040250
8.13550,0.017643,-0.026566,0.050974
8.14460,0.005984,-0.025411,0.056236
8.16010,0.006512,-0.031847,0.045332
8.16720,-0.002659,-0.032536,0.043545
8.17790,-0.002511,-0.033866,0.052287
8.18470,-0.009058,-0.027022,0.055477
8.19320,-0.004659,-0.033034,0.050156
8.21150,-0.015256,-0.025001,0.043231
8.22630,-0.016642,-0.022595,0.051811
8.23450,-0.021024,-0.024913,0.054917
8.24530,-0.027458,-0.020260,0.057800
8.25770,-0.031745,-0.027412,0.051762
8.26630,-0.029007,-0.020267,0.064028
8.27710,-0.039896,-0.017279,0.060320
8.28220,-0.038109,-0.017671,0.063767
8.29760,-0.043148,-0.019868,0.055235
8.30600,-0.043626,-0.012751,0.057204
8.31400,-0.044785,-0.015187,0.051215
8.32990,-0.052124,-0.012280,0.060665
8.33840,-0.053117,-0.011887,0.053855
8.34340,-0.045725,-0.002062,0.059776
8.35480,-0.048526,-0.003256,0.062289
8.36300,-0.045915,0.001515,0.052926
8.37760,-0.052193,0.000139,0.069716
8.38760,-0.047962,0.005949,0.071168
8.39490,-0.046210,0.006236,0.070264
8.40290,-0.048815,0.003207,0.066991
8.41830,-0.049114,0.012589,0.055394
8.42270,-0.046366,0.007477,0.067336
8.43600,-0.042647,0.013193,0.066143
8.44490,-0.038050,0.014048,0.073084
8.45300,-0.038597,0.017842,0.065222
8.46950,-0.037226,0.022022,0.063765
8.47820,-0.038034,0.022334,0.059599
8.48470,-0.028808,0.020296,0.064703
8.49370,-0.025394,0.027885,0.072659
8.50310,-0.021609,0.025068,0.067643
8.51800,-0.022704,0.029834,0.077105
8.52590,-0.019283,0.028869,0.077660
8.53370,-0.015715,0.024175,0.067262
8.54460,-0.009477,0.026272,0.074449
8.55760,-0.004389,0.032887,0.067048
8.56290,-0.000731,0.025391,0.065342
8.57720,-0.001266,0.033679,0.323811
8.58360,0.006533,0.027726,0.392965
8.59900,0.012251,0.025405,-0.013042
8.60230,0.012168,0.030358,-0.081206
8.61540,0.016019,0.028742,0.000290
8.62360,0.022223,0.025479,0.116577
8.63390,0.020515,0.027326,0.153216
8.64420,0.028195,0.020311,0.070377
8.65250,0.027751,0.026334,0.032121
8.66480,0.033923,0.019675,0.063134
8.67270,0.037864,0.025921,0.066282
8.68940,0.039073,0.019027,0.083804
8.69750,0.042330,0.015654,0.076046
8.70570,0.044227,0.011464,0.083928
8.71310,0.040201,0.012499,0.082160
8.73000,0.048269,0.009391,0.082582
8.73820,0.051441,0.009779,0.087828
8.74430,0.050168,0.010723,0.068485
8.75380,0.047655,0.000326,0.070250
8.76200,0.048522,0.005794,0.081793
8.77710,0.051986,0.003648,0.078438
8.78280,0.052286,-0.000469,0.069428
8.79530,0.045013,-0.003092,0.080266
8.80350,0.044078,-0.005880,0.074750
8.82020,0.045087,-0.009991,0.072118
8.82850,0.041314,-0.011288,0.097373
8.83670,0.042176,-0.011807,0.247778
8.84420,0.038576,-0.014684,0.232166
8.85270,0.037655,-0.014725,0.118538
8.86920,0.038529,-0.025141,0.016107
8.87850,0.037861,-0.022029,0.045760
8.88420,0.028040,-0.023338,0.081670
8.89310,0.030599,-0.026889,0.110834
8.91120,0.022162,-0.026700,0.071977
8.91770,0.017481,-0.024211,0.070881
8.92570,0.013417,-0.031602,0.069774
8.93360,0.018904,-0.024756,0.075167
8.94370,0.011863,-0.027544,0.088183
8.95760,0.003323,-0.030681,0.078713
8.96270,0.008014,-0.030520,0.083718
8.98050,-0.000483,-0.034355,0.087265
8.98260,-0.004248,-0.033694,0.078616
8.99810,-0.012906,-0.031479,0.076192
9.01230,-0.018533,-0.023717,0.072363
9.02370,-0.016357,-0.027194,0.078208
9.03940,-0.025285,-0.029475,0.081138
9.04410,-0.026880,-0.026190,0.085270
9.05620,-0.025833,-0.024511,0.073513
9.06430,-0.029307,-0.024669,0.074778
9.07280,-0.032838,-0.016213,0.074745
9.08950,-0.037457,-0.022612,0.073969
9.09620,-0.046423,-0.017373,0.086981
9.10580,-0.047008,-0.019756,0.071508
9.11420,-0.045989,-0.010541,0.072168
9.12250,-0.046546,-0.014598,0.081506
9.13930,-0.050874,-0.007621,0.079629
9.14520,-0.049191,-0.008542,0.084189
9.15530,-0.050102,0.000777,0.083139
9.16250,-0.054728,-0.006293,0.081637
9.17760,-0.052314,-0.000971,0.078185
9.18800,-0.052462,0.003914,0.072477
9.19620,-0.049602,0.010226,0.075892
9.20460,-0.046509,0.005570,0.069793
9.21210,-0.048934,0.004468,0.083479
9.22950,-0.041075,0.008914,0.068447
9.23780,-0.039544,0.010387,0.074196
9.24420,-0.040699,0.016747,0.074634
9.25440,-0.041016,0.016346,0.076637
9.26290,-0.039229,0.021959,0.068417
9.27750,-0.032410,0.021123,0.076444
9.28730,-0.033547,0.021277,0.070170
9.29530,-0.029822,0.027802,0.070225
9.30290,-0.025732,0.022648,0.067823
9.31840,-0.020183,0.028126,0.062218
9.32630,-0.019268,0.028981,0.062016
9.33390,-0.016920,0.030423,0.072503
9.34300,-0.011735,0.027453,0.065699
9.35810,-0.002711,0.034206,0.063053
9.36750,-0.005668,0.025784,0.070406
9.37740,0.004001,0.027624,0.323792
9.38430,0.007389,0.024905,0.380351
9.39950,0.015412,0.032760,-0.039900
9.40940,0.011683,0.030039,-0.081968
9.41510,0.014312,0.025488,-0.008213
9.42530,0.021035,0.027338,0.134281
9.43380,0.018934,0.024332,0.154154
9.44270,0.027441,0.023677,0.074541
9.45740,0.029280,0.020356,0.026874
9.46440,0.030818,0.027231,0.040800
9.47340,0.032887,0.021268,0.061582
9.48910,0.044744,0.020662,0.056036
9.49750,0.046390,0.015856,0.052951
9.50600,0.043468,0.018815,0.057770
9.51400,0.048285,0.013364,0.054244
9.52210,0.049557,0.015907,0.064027
9.53820,0.046449,0.004472,0.060240
9.54400,0.047212,0.004167,0.060593
9.55430,0.051317,-0.000246,0.059859
9.57110,0.053100,-0.004686,0.067232
9.57710,0.048895,0.002715,0.059622
9.58690,0.050801,-0.002804,0.056790
9.59530,0.048435,-0.004031,0.054429
9.60320,0.048567,-0.010873,0.048033
9.61880,0.045227,-0.007256,0.057807
9.62710,0.045588,-0.014084,0.049235
9.63570,0.044861,-0.016817,0.220156
9.64320,0.041081,-0.014578,0.223372
9.65990,0.036617,-0.019095,0.012004
9.66800,0.036446,-0.020049,-0.026341
9.67780,0.035536,-0.019767,0.021134
9.68410,0.031240,-0.024341,0.057917
9.69350,0.027537,-0.029221,0.076464
9.71000,0.028103,-0.023658,0.042410
9.71490,0.018751,-0.026063,0.035684
9.72340,0.018179,-0.028248,0.033590
9.73900,0.007743,-0.029851,0.045529
9.74300,0.010629,-0.025413,0.047501
9.75620,0.005605,-0.031982,0.050607
9.76420,0.003626,-0.029629,0.034208
9.77250,-0.000028,-0.028069,0.033382
9.78920,-0.008359,-0.028871,0.041210
9.79740,-0.014021,-0.025180,0.047146
9.80550,-0.015028,-0.025954,0.035588
9.81320,-0.011222,-0.028462,0.029906
9.82900,-0.023896,-0.026574,0.034805
9.83730,-0.028965,-0.026825,0.028108
9.84440,-0.031551,-0.028673,0.038458
9.85370,-0.033401,-0.026712,0.043911
9.87030,-0.038120,-0.019126,0.040085
9.87710,-0.039501,-0.023662,0.034562
9.88680,-0.041561,-0.018675,0.026361
9.89440,-0.041490,-0.019024,0.031932
9.90970,-0.042980,-0.009693,0.021247
9.91760,-0.048708,-0.013456,0.037125
9.92610,-0.050324,-0.011915,0.024147
9.93420,-0.049483,-0.007429,0.027106
9.94340,-0.046755,-0.005142,0.030812
9.95810,-0.045374,-0.001588,0.023968
9.96660,-0.045399,0.000836,0.030999
9.97760,-0.054291,0.002935,0.019365
9.98310,-0.052945,0.002181,0.022513
9.99210,-0.047240,0.008523,0.016076
10.01030,-0.052427,0.013610,0.025846
10.01540,-0.042346,0.013679,0.021292
10.02460,-0.045628,0.014544,0.015135
10.03290,-0.043845,0.013841,0.013996
10.04420,-0.047125,0.013250,0.018614
10.05230,-0.042937,0.013538,0.020132
10.06570,-0.039206,0.025039,0.020941
10.07750,-0.037132,0.023867,0.021438
10.08950,-0.033883,0.024014,0.018023
10.09760,-0.024204,0.026215,0.004140
10.10630,-0.027995,0.028803,0.012826
10.11460,-0.017418,0.024150,0.015967
10.12280,-0.017633,0.025677,0.015946
10.13930,-0.009564,0.026841,0.019614
10.14480,-0.010249,0.030827,0.018350
10.15600,-0.002748,0.031990,0.000088
10.16350,-0.004822,0.031787,0.016908
10.17670,0.002383,0.033205,0.238857
10.18820,0.006742,0.032636,0.250119
10.19620,0.005947,0.031120,-0.006626
10.20430,0.015404,0.027544,-0.166665
10.21280,0.011140,0.023891,-0.106767
10.22950,0.024523,0.023907,0.083638
10.23670,0.028126,0.030427,0.057868
10.24360,0.030036,0.028158,-0.003600
10.25360,0.028715,0.022535,-0.055989
10.27020,0.036097,0.025426,-0.003649
10.27670,0.035936,0.025130,-0.004768
10.28290,0.039084,0.022117,-0.011708
10.29550,0.038788,0.018084,-0.003726
10.30350,0.038185,0.015038,-0.008751
10.32040,0.049829,0.011192,-0.003682
10.32850,0.051181,0.011487,-0.009145
10.33650,0.049481,0.008778,-0.000229
10.34450,0.045328,0.009216,-0.012449
10.35260,0.052679,0.008701,-0.002765
10.36920,0.048766,0.004283,-0.007435
10.37740,0.047057,-0.000982,-0.006127
10.38560,0.050262,0.000133,-0.016260
10.39380,0.046097,-0.009775,-0.008995
10.41110,0.046591,-0.012384,-0.016398
10.41710,0.045879,-0.010659,-0.024749
10.42640,0.042336,-0.011950,-0.016032
10.43450,0.043501,-0.011536,0.130280
10.44410,0.041042,-0.015694,0.149380
10.45830,0.042984,-0.017346,-0.039967
10.46680,0.032122,-0.021232,-0.093054
10.47690,0.037786,-0.018932,-0.070132
10.48260,0.030343,-0.024693,-0.020204
10.49980,0.023392,-0.024655,0.011120
10.50990,0.019934,-0.025197,-0.020154
10.51620,0.019550,-0.024787,-0.025315
10.52450,0.015221,-0.028196,-0.037600
10.53270,0.012953,-0.025752,-0.026493
10.54390,0.013535,-0.032692,-0.024702
10.55740,0.000754,-0.027047,-0.030257
10.56540,0.000871,-0.028466,-0.032940
10.57370,0.004066,-0.026338,-0.039448
10.58980,-0.002959,-0.026638,-0.032900
10.59780,-0.009365,-0.029321,-0.038105
10.60610,-0.010486,-0.033361,-0.031898
10.61430,-0.016489,-0.028100,-0.027634
10.62260,-0.016157,-0.027796,-0.027463
10.63880,-0.023606,-0.021835,-0.046677
10.64400,-0.029068,-0.028832,-0.037958
10.65500,-0.028500,-0.021224,-0.045296
10.66290,-0.031145,-0.025553,-0.039068
10.67630,-0.039269,-0.020076,-0.046860
10.68570,-0.038787,-0.021851,-0.044410
10.69480,-0.036338,-0.014720,-0.040939
10.70320,-0.039651,-0.020259,-0.034152
10.71970,-0.042364,-0.016888,-0.045702
10.72810,-0.048445,-0.012198,-0.054005
10.73590,-0.049722,-0.013084,-0.046202
10.74360,-0.044559,-0.005003,-0.045242
10.75250,-0.048951,-0.000743,-0.048241
10.76800,-0.052751,0.001222,-0.048576
10.77710,-0.045435,0.001677,-0.043073
10.78490,-0.049526,0.001219,-0.054873
10.79310,-0.051169,0.001765,-0.044206
10.81100,-0.048933,0.006039,-0.041266
10.81800,-0.044882,0.014376,-0.043339
10.82630,-0.044013,0.011757,-0.043223
10.83450,-0.044731,0.017215,-0.048020
10.84410,-0.040892,0.017444,-0.062191
10.85860,-0.038168,0.017059,-0.054489
10.86700,-0.034445,0.017930,-0.059885
10.87670,-0.033154,0.025215,-0.056693
10.88370,-0.034127,0.019352,-0.055944
10.90060,-0.024962,0.029950,-0.056044
10.91030,-0.027775,0.030238,-0.066661
10.91640,-0.020332,0.024783,-0.048374
10.92430,-0.022250,0.032594,-0.053693
10.93260,-0.018030,0.030356,-0.053914
10.94390,-0.015089,0.031105,-0.060608
10.95760,-0.005566,0.029128,-0.063306
10.96530,-0.005044,0.031102,-0.058958
10.97290,0.001923,0.029491,0.003174
10.98890,0.010576,0.032004,0.154161
10.99630,0.014319,0.027796,-0.069297
11.00440,0.013698,0.029189,-0.225768
11.01270,0.017979,0.033230,-0.179853
11.02920,0.019922,0.023104,0.017274
11.03750,0.021209,0.030464,-0.020966
11.04280,0.022531,0.022232,-0.051194
11.05400,0.032542,0.021131,-0.115734
11.06220,0.031123,0.018641,-0.092092
11.07670,0.037286,0.022420,-0.069281
11.08250,0.033607,0.016942,-0.077348
11.09520,0.037099,0.016545,-0.075643
11.10350,0.042273,0.012900,-0.063661
11.11970,0.041857,0.015173,-0.077159
11.12810,0.042413,0.013523,-0.075909
11.13640,0.047817,0.008874,-0.066937
11.14260,0.052740,0.003530,-0.072541
11.15340,0.052446,-0.000643,-0.078123
11.16960,0.049746,0.005255,-0.069275
11.17660,0.048408,-0.004099,-0.071521
11.18650,0.048302,0.000977,-0.078686
11.19460,0.046674,-0.006767,-0.068028
11.20280,0.047324,-0.002839,-0.080794
11.21970,0.043941,-0.015514,-0.064017
11.22790,0.049444,-0.011463,-0.077637
11.23490,0.041981,-0.015481,0.091190
11.24320,0.047069,-0.011160,0.090049
11.25240,0.035481,-0.017781,-0.022185
11.26910,0.033046,-0.017888,-0.141858
11.27630,0.030206,-0.024908,-0.127281
11.28560,0.030367,-0.024842,-0.076525
11.29390,0.028464,-0.028226,-0.056565
11.30230,0.026034,-0.029680,-0.060438
11.31810,0.023019,-0.028540,-0.081490
11.32660,0.018757,-0.030692,-0.091918
11.33480,0.014452,-0.025058,-0.077769
11.34310,0.015940,-0.026490,-0.084403
11.35320,0.008521,-0.028405,-0.073802
11.36530,0.005807,-0.026644,-0.083034
11.37630,-0.003049,-0.033356,-0.085226
11.38350,-0.000013,-0.030418,-0.069129
11.39990,-0.006039,-0.025690,-0.085628
11.41030,-0.011123,-0.025023,-0.081769
11.41570,-0.021801,-0.028748,-0.087381
11.42370,-0.016592,-0.026651,-0.073242
11.44010,-0.029314,-0.027159,-0.086662
11.44280,-0.022461,-0.025714,-0.074549
11.45610,-0.027896,-0.024932,-0.071812
11.46410,-0.030950,-0.027094,-0.074069
11.47250,-0.037546,-0.019828,-0.070413
11.48900,-0.040136,-0.018619,-0.078099
11.49740,-0.043438,-0.017827,-0.083278
11.50550,-0.041919,-0.013267,-0.074330
11.51410,-0.043495,-0.017212,-0.082416
11.52240,-0.048024,-0.016044,-0.075595
11.53330,-0.049418,-0.004691,-0.083640
11.54400,-0.046246,-0.008769,-0.072346
11.55530,-0.050248,-0.003780,-0.077786
11.56370,-0.051609,0.001058,-0.081608
11.57750,-0.053555,-0.002198,-0.079603
11.58830,-0.051508,0.008575,-0.077334
11.59610,-0.047288,0.009872,-0.075062
11.60420,-0.050363,0.005565,-0.073554
11.61220,-0.050914,0.012975,-0.082050
11.62830,-0.043638,0.007907,-0.088966
11.63670,-0.045093,0.011449,-0.080840
11.64400,-0.040339,0.013062,-0.082678
11.65310,-0.038925,0.018220,-0.072307
11.66940,-0.038545,0.024742,-0.083161
11.67770,-0.028711,0.018583,-0.082374
11.68540,-0.031836,0.024965,-0.081507
11.69380,-0.026922,0.028028,-0.081930
11.71080,-0.024018,0.029853,-0.072705
11.71760,-0.016077,0.026104,-0.080517
11.72600,-0.016054,0.032718,-0.087830
11.73410,-0.015515,0.026848,-0.075693
11.74470,-0.006125,0.027067,-0.084447
11.75840,-0.009719,0.029190,-0.073492
11.76600,-0.003621,0.026716,-0.082280
11.77790,-0.000253,0.028206,0.204413
11.78260,-0.000672,0.030414,0.260620
11.79940,0.010490,0.033855,-0.163630
11.80760,0.010498,0.024138,-0.246344
11.81200,0.010600,0.032873,-0.197801
11.82380,0.019678,0.029150,-0.020099
11.83980,0.027114,0.022405,-0.048712
11.84510,0.029535,0.024441,-0.084860
11.85580,0.033474,0.024115,-0.112549
11.86440,0.032654,0.025631,-0.083367
11.87230,0.035163,0.024781,-0.081766
11.88860,0.037521,0.019422,-0.070439
11.89660,0.036673,0.012873,-0.066336
11.90520,0.043164,0.016172,-0.071096
11.91290,0.044583,0.014952,-0.078060
11.92890,0.052091,0.011288,-0.065065
11.93720,0.046450,0.004600,-0.070430
11.94440,0.051212,0.006220,-0.080396
11.95400,0.047141,0.005107,-0.060988
11.97050,0.046191,-0.000269,-0.066894
11.97730,0.053461,-0.003327,-0.068062
11.98630,0.054371,-0.002764,-0.075843
11.99490,0.051280,-0.007590,-0.076279
12.00300,0.046690,-0.008523,-0.074845
12.01920,0.047824,-0.008044,-0.077341
12.02720,0.046882,-0.013430,-0.058870
12.03450,0.048040,-0.010631,0.089303
12.04440,0.038543,-0.015058,0.097653
12.05950,0.038858,-0.015930,-0.099870
12.06780,0.033406,-0.016300,-0.131070
12.07810,0.032615,-0.021336,-0.088806
12.08480,0.033467,-0.019976,-0.060503
12.10020,0.028957,-0.029247,-0.038301
12.11140,0.020579,-0.026980,-0.070914
12.12570,0.019661,-0.031242,-0.080501
12.13410,0.015378,-0.031767,-0.066701
12.14640,0.011303,-0.031938,-0.052949
12.15840,0.005430,-0.027007,-0.062517
12.16670,0.003176,-0.026854,-0.063086
12.18000,-0.000518,-0.030313,-0.060302
12.18310,-0.009262,-0.034729,-0.062118
12.19960,-0.011280,-0.025161,-0.063721
12.21200,-0.013817,-0.028477,-0.064597
12.22380,-0.015324,-0.026987,-0.047823
12.23230,-0.027459,-0.026627,-0.055500
12.24520,-0.024362,-0.026682,-0.060637
12.25810,-0.034385,-0.018576,-0.050033
12.26490,-0.034444,-0.025121,-0.062147
12.27410,-0.033007,-0.022538,-0.047631
12.29090,-0.039835,-0.018256,-0.040804
12.29850,-0.040291,-0.014342,-0.056793
12.30680,-0.048287,-0.013550,-0.048165
12.31270,-0.042402,-0.012533,-0.040242
12.32370,-0.049903,-0.006692,-0.057373
12.34010,-0.044781,-0.006853,-0.037803
12.34300,-0.047494,-0.002926,-0.053191
12.35580,-0.048669,-0.000783,-0.047266
12.36290,-0.051815,-0.002968,-0.043383
12.37700,-0.051129,-0.003521,-0.039164
12.38840,-0.045057,0.004175,-0.051929
12.39630,-0.046036,0.010157,-0.035180
12.40430,-0.047238,0.002736,-0.037863
12.41230,-0.045734,0.008602,-0.033858
12.42900,-0.043458,0.013951,-0.031908
12.43680,-0.048093,0.015605,-0.045083
12.44370,-0.043302,0.011379,-0.043962
12.45300,-0.041951,0.022107,-0.031113
12.46890,-0.031643,0.017633,-0.034541
12.47710,-0.033628,0.022517,-0.028408
12.48510,-0.029766,0.024959,-0.026287
12.49310,-0.033870,0.021085,-0.029957
12.51020,-0.023026,0.028978,-0.023573
12.51640,-0.020261,0.030657,-0.030098
12.52530,-0.021810,0.032261,-0.034364
12.53360,-0.013744,0.027235,-0.021642
12.54270,-0.009969,0.032860,-0.036799
12.55860,-0.000789,0.025077,-0.024544
12.56680,-0.000901,0.033144,-0.019083
12.57590,0.000663,0.026647,0.175996
12.58330,0.000950,0.026020,0.304635
12.60030,0.016032,0.026078,-0.130091
12.61010,0.019736,0.032469,-0.167555
12.61660,0.013458,0.028864,-0.070430
12.62500,0.023127,0.023240,0.038145
12.63310,0.027625,0.022769,0.063587
12.64340,0.028158,0.020860,-0.007885
12.65750,0.030538,0.025685,-0.063203
12.66610,0.037055,0.019107,-0.026550
12.67310,0.039974,0.019206,-0.018957
12.68250,0.038460,0.016361,-0.007196
12.69760,0.044178,0.021070,-0.021721
12.70960,0.039430,0.009384,-0.009055
12.71490,0.040226,0.017745,-0.009487
12.72310,0.044011,0.011628,-0.008054
12.73960,0.049916,0.003492,-0.007892
12.74320,0.046251,0.009931,-0.016982
12.75600,0.052638,0.001481,-0.009216
12.76400,0.049916,-0.002798,-0.003726
12.77290,0.047179,-0.001743,-0.004738
12.78870,0.053498,-0.003087,-0.004167
12.79690,0.051516,-0.009134,0.002248
12.80460,0.048590,-0.006722,0.004599
12.81230,0.050696,-0.009478,-0.006698
12.82860,0.044664,-0.009018,0.026476
12.83670,0.045028,-0.017428,0.163529
12.84430,0.043104,-0.013905,0.160232
12.85350,0.039032,-0.020299,0.032449
12.87010,0.032939,-0.024855,-0.075121
12.87790,0.031341,-0.019513,-0.028453
12.88700,0.029137,-0.024087,0.021347
12.89530,0.027493,-0.026458,0.030270
12.90390,0.028103,-0.022308,0.019428
12.91970,0.018129,-0.024625,-0.004093
12.92790,0.013216,-0.030199,0.005902
12.93600,0.017158,-0.031857,0.012174
12.94380,0.008012,-0.029308,-0.001598
12.95990,0.002720,-0.025810,0.006192
12.96840,0.004242,-0.025728,0.011358
12.97870,0.002167,-0.025157,0.017395
12.98510,-0.003304,-0.029965,0.005863
12.99330,-0.009199,-0.026840,0.012543
13.01210,-0.012213,-0.029477,0.008343
13.02500,-0.021357,-0.024528,0.021356
13.03520,-0.028836,-0.026033,0.006871
13.04460,-0.030905,-0.020798,0.019784
13.06050,-0.028692,-0.018455,0.009753
13.06890,-0.036035,-0.021923,0.023865
13.07770,-0.034680,-0.024590,0.011590
13.08390,-0.038850,-0.014568,0.023439
13.09310,-0.042550,-0.020559,0.031786
13.11130,-0.042292,-0.008878,0.015906
13.11800,-0.043911,-0.014488,0.017268
13.12630,-0.045415,-0.012115,0.024885
13.13460,-0.045022,-0.011823,0.026383
13.14630,-0.050037,-0.006717,0.021484
13.15890,-0.052164,-0.005691,0.037881
13.16710,-0.052240,0.001981,0.020095
13.17820,-0.048212,0.003253,0.023247
13.18380,-0.052331,0.004042,0.034480
13.19880,-0.049333,0.008411,0.037951
13.21130,-0.043091,0.005844,0.042462
13.21410,-0.045162,0.010858,0.034005
13.22300,-0.043815,0.013752,0.040456
13.23950,-0.043615,0.013034,0.028591
13.24360,-0.037879,0.018163,0.032098
13.25600,-0.040955,0.015680,0.046583
13.26420,-0.037678,0.016192,0.029401
13.27250,-0.034017,0.019451,0.047288
13.28880,-0.028435,0.021857,0.041775
13.29720,-0.026530,0.029779,0.034819
13.30530,-0.025100,0.027942,0.037735
13.31250,-0.021871,0.030727,0.037978
13.33030,-0.020547,0.031208,0.042193
13.33880,-0.011050,0.025681,0.049573
13.34510,-0.013773,0.026035,0.038278
13.35480,-0.002318,0.027171,0.050003
13.36310,-0.000362,0.032999,0.039512
13.37780,0.001134,0.033238,0.311307
13.38700,0.007535,0.029128,0.319232
13.39530,0.008688,0.027947,0.067070
13.40390,0.009430,0.028095,-0.115939
13.41220,0.013037,0.024403,-0.071231
13.42920,0.022194,0.024318,0.135924
13.43760,0.022105,0.022807,0.114603
13.44370,0.026344,0.027876,0.058273
13.45360,0.026363,0.025268,-0.000894
13.47070,0.038965,0.024799,0.061176
13.47650,0.037331,0.021504,0.058648
13.48620,0.040902,0.022374,0.064485
13.49220,0.042592,0.018313,0.062753
13.50440,0.046902,0.015181,0.064931
13.51250,0.049373,0.009226,0.061690
13.52890,0.047126,0.005207,0.063292
13.53730,0.047304,0.006104,0.057947
13.54470,0.047115,0.003430,0.059268
13.55360,0.049801,0.003345,0.053899
13.57040,0.053372,-0.001827,0.051340
13.57730,0.045072,0.002273,0.052562
13.58720,0.048953,0.000807,0.063978
13.59530,0.046006,-0.008202,0.067812
13.60370,0.043722,-0.005317,0.067568
13.62070,0.047358,-0.013288,0.065722
13.62870,0.048438,-0.017287,0.082376
13.63690,0.041931,-0.014720,0.246455
13.64430,0.041758,-0.013369,0.220441
13.65340,0.042302,-0.015702,0.103938
13.66980,0.039934,-0.024766,-0.004036
13.67810,0.034032,-0.025807,0.040007
13.68610,0.031646,-0.023541,0.074807
13.69390,0.026776,-0.025425,0.088225
13.70210,0.022632,-0.030473,0.080936
13.71750,0.017107,-0.027472,0.057220
13.72580,0.022431,-0.026841,0.049989
13.73410,0.011019,-0.025586,0.073040
13.74440,0.009900,-0.031968,0.061946
13.75910,0.008427,-0.033513,0.080488
13.76700,0.005195,-0.028458,0.066789
13.77680,0.000960,-0.028283,0.076479
13.78380,-0.002980,-0.028105,0.073776
13.80000,-0.014072,-0.025598,0.080108
13.81040,-0.012382,-0.032297,0.076069
13.81640,-0.015628,-0.025357,0.065535
13.82490,-0.022882,-0.024576,0.063527
13.83300,-0.027978,-0.021822,0.067618
13.84460,-0.023104,-0.025402,0.083084
13.85810,-0.033296,-0.027859,0.076663
13.86610,-0.034317,-0.019487,0.080054
13.87740,-0.034158,-0.020028,0.073011
13.89070,-0.039464,-0.022660,0.083886
13.89940,-0.046844,-0.012412,0.074107
13.90770,-0.044091,-0.018997,0.083215
13.91250,-0.040630,-0.017185,0.082303
13.92260,-0.045448,-0.013925,0.084557
13.94060,-0.044913,-0.003892,0.067082
13.94540,-0.047285,-0.008405,0.085383
13.95820,-0.050603,-0.004932,0.069431
13.96530,-0.054329,0.000436,0.083236
13.97380,-0.051179,0.000657,0.073862
13.98260,-0.046364,0.002371,0.080797
13.99910,-0.052797,0.002338,0.082135
14.00780,-0.047115,0.006266,0.075711
14.01260,-0.049282,0.009472,0.076346
14.02370,-0.041196,0.011349,0.068961
14.04070,-0.041970,0.015821,0.074244
14.04550,-0.036911,0.020047,0.073500
14.05740,-0.034358,0.016720,0.088708
14.06580,-0.032015,0.016483,0.072667
14.07910,-0.028470,0.021892,0.082699
14.08300,-0.032123,0.022216,0.087760
14.09970,-0.029852,0.020933,0.088433
14.11190,-0.018093,0.029325,0.078087
14.12490,-0.017001,0.030003,0.076783
14.13310,-0.019642,0.032575,0.085033
14.14440,-0.012408,0.030712,0.081728
14.15770,-0.003659,0.033408,0.073973
14.16790,-0.002510,0.031976,0.084295
14.17830,0.003922,0.025407,0.355697
14.18350,0.004295,0.029300,0.403376
14.20030,0.007901,0.034099,-0.043491
14.21390,0.012377,0.025626,-0.009240
14.22510,0.024992,0.031336,0.149887
14.23370,0.020901,0.029429,0.157801
14.24570,0.026580,0.024886,0.066736
14.25870,0.027385,0.026396,0.049294
14.26690,0.030508,0.019795,0.069873
14.27920,0.034246,0.021007,0.087402
14.28220,0.038205,0.022047,0.084456
14.29990,0.038999,0.012608,0.087501
14.31220,0.042782,0.017287,0.073447
14.32550,0.042647,0.015125,0.084490
14.33380,0.049624,0.004107,0.086300
14.34630,0.051845,0.006978,0.078429
14.35860,0.050620,0.006569,0.087612
14.36690,0.052933,0.004805,0.084561
14.37830,0.048804,0.002883,0.074258
14.38340,0.053102,0.001735,0.076925
14.40040,0.047064,-0.011171,0.073354
14.41150,0.047492,-0.004288,0.070573
14.42320,0.049467,-0.015678,0.084317
14.43290,0.040169,-0.008912,0.206505
14.44480,0.046223,-0.013434,0.225992
14.45730,0.036203,-0.021974,0.058098
14.46540,0.032323,-0.021389,0.003899
14.47410,0.033460,-0.018542,0.020902
14.48980,0.029795,-0.022514,0.091237
14.49790,0.028408,-0.021549,0.103710
14.50690,0.020914,-0.021800,0.092710
14.51200,0.025983,-0.027255,0.078343
14.52380,0.022342,-0.029132,0.053129
14.54480,0.007657,-0.030853,0.076588
14.55730,0.010417,-0.032935,0.069925
14.56500,0.006844,-0.032717,0.065329
14.57350,0.003096,-0.033545,0.071716
14.58280,-0.005929,-0.030300,0.076899
14.59840,-0.011975,-0.024739,0.065889
14.60590,-0.014583,-0.023950,0.073212
14.61350,-0.016145,-0.023574,0.076908
14.62250,-0.021113,-0.025291,0.069440
14.63920,-0.021214,-0.022034,0.077414
14.64490,-0.026449,-0.022889,0.064285
14.65550,-0.034644,-0.019181,0.056711
14.66380,-0.028362,-0.021136,0.059288
14.67840,-0.038966,-0.023629,0.058559
14.68870,-0.041876,-0.021447,0.061446
14.69690,-0.041936,-0.018413,0.057493
14.70530,-0.039137,-0.014660,0.062598
14.71370,-0.049700,-0.014696,0.058160
14.73010,-0.046788,-0.005941,0.054046
14.73860,-0.052971,-0.011726,0.063811
14.74490,-0.046019,-0.005702,0.070784
14.75500,-0.051008,-0.000619,0.068017
14.76340,-0.054876,-0.004094,0.069316
14.77830,-0.051160,0.001234,0.061505
14.78760,-0.049809,0.001568,0.056366
14.79590,-0.051632,0.001230,0.067316
14.80410,-0.044420,0.006750,0.048295
14.81250,-0.042884,0.006495,0.064251
14.82920,-0.049116,0.009105,0.049816
14.83750,-0.038589,0.015686,0.047361
14.84550,-0.038332,0.019639,0.052987
14.85390,-0.035364,0.015716,0.059449
14.86250,-0.042305,0.020984,0.057095
14.87780,-0.030988,0.023101,0.046587
14.88710,-0.026972,0.020190,0.060308
14.89550,-0.024096,0.021665,0.053156
14.90360,-0.026490,0.027334,0.059905
14.91960,-0.018935,0.027264,0.053637
14.92790,-0.018474,0.025704,0.048378
14.93610,-0.012539,0.033002,0.056358
14.94490,-0.015130,0.034145,0.051592
14.95250,-0.010053,0.028293,0.047181
14.96950,-0.003329,0.028818,0.055617
14.97780,0.003728,0.029159,0.313823
14.98640,0.009409,0.032661,0.335983
14.99430,0.005048,0.024685,0.081525
15.00290,0.013041,0.032469,-0.112062
15.01930,0.019836,0.030875,0.037496
15.02750,0.021130,0.030646,0.125004
15.03600,0.029006,0.024064,0.109738
15.04300,0.024059,0.025663,0.042186
15.05920,0.034739,0.027409,0.000354
15.06700,0.032223,0.024111,0.042333
15.07650,0.040545,0.024845,0.029175
15.08360,0.039600,0.017736,0.042390
15.09980,0.037796,0.020337,0.042265
15.10960,0.043918,0.013889,0.031094
15.11590,0.045012,0.017492,0.041716
15.12410,0.047394,0.011403,0.031438
15.13240,0.052561,0.005313,0.034689
15.14460,0.045195,0.002276,0.031581
15.15720,0.045215,0.005380,0.029948
15.16540,0.052671,-0.001021,0.019244
15.17790,0.053561,-0.000089,0.037379
15.19080,0.052114,-0.004986,0.028111
15.19820,0.046079,-0.009596,0.023032
15.20640,0.049063,-0.004428,0.023849
15.21330,0.048072,-0.006055,0.029828
15.22270,0.050566,-0.010548,0.017710
15.23270,0.044557,-0.016125,0.147170
15.24680,0.037008,-0.021590,0.154678
15.25760,0.035523,-0.014378,-0.005778
15.26570,0.034108,-0.016179,-0.048447
15.27480,0.036984,-0.024554,-0.028046
15.28290,0.029114,-0.024592,0.022623
15.29840,0.024059,-0.023111,0.045871
15.30630,0.019821,-0.026546,0.024468
15.31470,0.018227,-0.028530,0.000563
15.32280,0.022770,-0.025570,0.000275
15.33920,0.013784,-0.025194,0.014653
15.34470,0.006772,-0.028586,0.009658
15.35750,0.009047,-0.031150,0.011781
15.36390,0.001434,-0.031325,0.020566
15.37250,-0.003024,-0.029823,0.000969
15.38890,-0.002155,-0.025155,0.014931
15.39710,-0.011465,-0.033763,0.002612
15.40550,-0.009376,-0.028119,0.001036
15.41340,-0.017580,-0.033134,0.010860
15.42200,-0.022571,-0.025587,-0.004555
15.43310,-0.021848,-0.026483,-0.000949
15.44410,-0.030118,-0.022300,-0.004723
15.45820,-0.030152,-0.028089,-0.002144
15.46640,-0.037090,-0.023588,-0.002333
15.47840,-0.032392,-0.022935,0.007915
15.48250,-0.040983,-0.014517,0.006552
15.49920,-0.038030,-0.019565,-0.011048
15.51160,-0.045301,-0.009582,-0.007529
15.52380,-0.044196,-0.013247,-0.010338
15.54010,-0.047102,-0.007314,0.001557
15.54370,-0.052051,-0.005880,-0.012922
15.55590,-0.044924,-0.000824,-0.001379
15.56420,-0.048916,0.001893,-0.018361
15.57250,-0.054471,0.000299,-0.019030
15.58780,-0.051606,0.005966,-0.012616
15.59690,-0.051751,0.007023,-0.018074
15.60290,-0.047853,0.008533,-0.016009
15.61230,-0.043146,0.007894,-0.019984
15.62900,-0.043455,0.010559,-0.023036
15.63700,-0.048535,0.012680,-0.013087
15.64260,-0.039832,0.017655,-0.015277
15.65380,-0.041946,0.019730,-0.014874
15.67030,-0.031626,0.018124,-0.023961
15.67600,-0.035928,0.018135,-0.017456
15.68710,-0.033440,0.019722,-0.028304
15.69560,-0.033086,0.029051,-0.024375
15.70370,-0.028811,0.021765,-0.027485
15.72000,-0.015569,0.030681,-0.024635
15.72730,-0.018372,0.030754,-0.032155
15.73590,-0.013115,0.031573,-0.017591
15.74320,-0.007678,0.031268,-0.029798
15.75250,-0.009088,0.031772,-0.021720
15.76910,0.000229,0.030221,-0.027436
15.77810,0.005885,0.026673,0.258592
15.78640,0.003202,0.032298,0.261943
15.79440,0.009252,0.025997,0.012257
15.80250,0.013324,0.032058,-0.174902
15.81410,0.018922,0.026715,-0.131134
15.82790,0.023679,0.023898,0.055417
15.83590,0.027688,0.028405,0.025225
15.84470,0.026650,0.023046,-0.032234
15.85990,0.032837,0.024935,-0.063555
15.86890,0.033091,0.024896,-0.041745
15.87800,0.034469,0.021396,-0.033045
15.88530,0.042744,0.015055,-0.028795
15.89560,0.044416,0.017443,-0.032554
15.90400,0.046219,0.019622,-0.037954
15.91190,0.048763,0.012494,-0.044650
15.92830,0.050071,0.013947,-0.035757
15.93690,0.048729,0.008872,-0.046944
15.94430,0.052791,0.007564,-0.039245
15.95330,0.052616,0.000614,-0.045526
15.96840,0.048268,-0.000705,-0.037859
15.97810,0.053407,0.001433,-0.044305
15.98540,0.049984,0.001307,-0.055831
15.99440,0.048912,-0.002174,-0.046153
16.00260,0.046651,-0.007332,-0.045060
16.01210,0.049535,-0.005536,-0.053471
16.02720,0.049352,-0.014933,-0.042705
16.03590,0.045991,-0.016034,0.123485
16.04660,0.040983,-0.012816,0.081474
16.06050,0.035614,-0.016150,-0.091777
16.06960,0.034707,-0.025122,-0.122610
16.07990,0.030214,-0.022393,-0.083058
16.08600,0.032837,-0.025425,-0.048760
16.09440,0.029182,-0.022086,-0.014628
16.10270,0.027521,-0.024616,-0.033174
16.11200,0.022337,-0.023265,-0.052535
16.12760,0.016969,-0.032865,-0.076668
16.13570,0.010275,-0.025043,-0.067166
16.14440,0.015207,-0.033960,-0.058644
16.16050,0.004046,-0.032525,-0.060819
16.16880,0.000887,-0.033644,-0.060027
16.17780,-0.005084,-0.028455,-0.055027
16.18520,-0.010041,-0.028227,-0.066796
16.19340,-0.011992,-0.025639,-0.057287
16.21130,-0.020065,-0.030637,-0.069494
16.21820,-0.014342,-0.032268,-0.056210
16.22610,-0.022503,-0.032184,-0.063280
16.23480,-0.021058,-0.021971,-0.058194
16.24510,-0.030738,-0.023083,-0.059236
16.25990,-0.031026,-0.022720,-0.066802
16.26790,-0.034855,-0.023968,-0.063720
16.28060,-0.038939,-0.015164,-0.062133
16.28250,-0.042605,-0.022987,-0.072956
16.29270,-0.039203,-0.019790,-0.073316
16.31160,-0.046779,-0.014766,-0.076950
16.32630,-0.050289,-0.012570,-0.077112
16.33380,-0.044392,-0.012802,-0.076496
16.34530,-0.046311,-0.010753,-0.075524
16.35870,-0.049869,-0.000799,-0.068710
16.36690,-0.054879,0.003572,-0.060680
16.37840,-0.051421,0.001244,-0.060966
16.38240,-0.049830,-0.000806,-0.073785
16.39860,-0.050306,0.008901,-0.074301
16.40710,-0.047401,0.003653,-0.081602
16.41530,-0.044142,0.009917,-0.065128
16.42300,-0.050675,0.013547,-0.067419
16.43930,-0.044373,0.013252,-0.070652
16.44380,-0.042260,0.014962,-0.071421
16.45610,-0.034786,0.018187,-0.076649
16.46420,-0.037265,0.020072,-0.071226
16.47220,-0.032530,0.025062,-0.065063
16.48880,-0.034745,0.020113,-0.066153
16.49700,-0.024604,0.021774,-0.071231
16.50550,-0.022171,0.028053,-0.081206
16.51210,-0.027569,0.025263,-0.085420
16.53040,-0.012659,0.023846,-0.070670
16.53210,-0.018834,0.025041,-0.067245
16.54510,-0.012078,0.033841,-0.079144
16.55470,-0.004580,0.025434,-0.067583
16.57070,0.003518,0.028916,-0.071602
16.57760,0.006346,0.026025,0.187968
16.58670,0.006744,0.026453,0.193342
16.59470,0.006823,0.031708,-0.036149
16.60300,0.009185,0.029115,-0.228223
16.61280,0.019397,0.030300,-0.198423
16.62620,0.017566,0.029998,0.001602
16.63560,0.019483,0.026114,-0.001879
16.64420,0.030735,0.020406,-0.087314
16.65220,0.033137,0.021899,-0.120191
16.66850,0.036593,0.021080,-0.085927
16.68060,0.035856,0.021416,-0.075650
16.68510,0.042963,0.019294,-0.073629
16.69340,0.044679,0.016545,-0.081763
16.71300,0.045449,0.011657,-0.081091
16.72670,0.050945,0.005941,-0.089368
16.73490,0.045030,0.012523,-0.087933
16.74430,0.051091,0.011388,-0.076725
16.75940,0.049982,0.002981,-0.089035
16.76760,0.051647,0.005139,-0.072621
16.77730,0.049048,-0.004180,-0.079577
16.78340,0.051953,0.000299,-0.084367
16.79980,0.045267,-0.005175,-0.086644
16.81120,0.051121,-0.006873,-0.088440
16.81620,0.045487,-0.014216,-0.081885
16.82430,0.050492,-0.011556,-0.078737
16.83260,0.041813,-0.015523,0.044222
16.84500,0.039446,-0.012617,0.076715
16.85700,0.039817,-0.019978,-0.090077
16.86540,0.037831,-0.020513,-0.147122
16.87390,0.031056,-0.022038,-0.145132
16.88230,0.031692,-0.018590,-0.094124
16.89870,0.028418,-0.020912,-0.049731
16.90690,0.029091,-0.023350,-0.060061
16.91530,0.025787,-0.026031,-0.080716
16.92420,0.014389,-0.029209,-0.093886
16.93240,0.018702,-0.029079,-0.085755
16.94590,0.012936,-0.028592,-0.075037
16.95770,0.004398,-0.028828,-0.076220
16.96510,0.005116,-0.031136,-0.073334
16.97870,-0.006516,-0.028368,-0.068932
16.98990,-0.004118,-0.025491,-0.079458
16.99850,-0.005752,-0.028734,-0.068848
17.00670,-0.012736,-0.026651,-0.085954
17.01210,-0.015468,-0.024524,-0.069636
17.02350,-0.023081,-0.030151,-0.085401
17.03850,-0.028265,-0.024662,-0.084153
17.04460,-0.030938,-0.021902,-0.073455
17.05590,-0.029313,-0.025122,-0.072676
17.06400,-0.030698,-0.026388,-0.077892
17.07260,-0.034686,-0.016551,-0.066522
17.08870,-0.043000,-0.016970,-0.071027
17.09710,-0.038546,-0.018041,-0.074698
17.10570,-0.046828,-0.015636,-0.066202
17.11390,-0.046943,-0.011421,-0.064753
17.12250,-0.047036,-0.014517,-0.078370
17.13820,-0.048051,-0.006105,-0.077858
17.14430,-0.046091,-0.010404,-0.079489
17.15580,-0.052163,-0.006021,-0.074949
17.16420,-0.054809,-0.005628,-0.072893
17.17260,-0.051939,-0.002892,-0.073414
17.18910,-0.053639,0.000166,-0.064127
17.19760,-0.049402,0.007921,-0.067666
17.20530,-0.051310,0.006431,-0.074414
17.21290,-0.047701,0.013086,-0.064254
17.22940,-0.044866,0.015345,-0.073298
17.23750,-0.046343,0.016791,-0.075770
17.24420,-0.044972,0.015070,-0.062762
17.25370,-0.042398,0.019725,-0.073624
17.27050,-0.035599,0.018329,-0.066794
17.27800,-0.037465,0.024076,-0.069033
17.28670,-0.033124,0.026796,-0.063209
17.29490,-0.025368,0.019839,-0.071347
17.30340,-0.024724,0.021399,-0.073012
17.31370,-0.022818,0.030418,-0.072771
17.32800,-0.019891,0.031599,-0.054492
17.33660,-0.010946,0.028783,-0.056336
17.34480,-0.010449,0.027797,-0.057314
17.36060,-0.002000,0.028918,-0.059653
17.36890,-0.002860,0.034079,-0.061557
17.37820,0.005875,0.032664,0.208731
17.38580,0.003443,0.025585,0.234850
17.39290,0.009263,0.033575,0.035110
17.41100,0.017133,0.027782,-0.189797
17.41830,0.018559,0.026795,-0.090841
17.42620,0.015821,0.022931,0.022855
17.43480,0.025256,0.028174,0.008616
17.44490,0.028633,0.021326,-0.061187
17.45960,0.029623,0.019643,-0.094538
17.46790,0.036220,0.020357,-0.052375
17.47840,0.041736,0.023879,-0.061640
17.48400,0.042172,0.018377,-0.051174
17.50050,0.044098,0.012717,-0.054487
17.51200,0.047843,0.014197,-0.047353
17.52570,0.045494,0.015244,-0.049959
17.53400,0.050432,0.011572,-0.054928
17.54510,0.052432,0.003817,-0.057862
17.55890,0.045424,0.006373,-0.050129
17.56750,0.054874,0.004010,-0.041722
17.57820,0.053152,-0.002439,-0.037728
17.58340,0.053904,0.002116,-0.039337
17.59980,0.049413,-0.007826,-0.050838
17.61160,0.047212,-0.013574,-0.047532
17.62530,0.041372,-0.008199,-0.038747
17.63230,0.048526,-0.017127,0.074605
17.64540,0.042449,-0.012308,0.096171
17.65690,0.035508,-0.021109,-0.042397
17.66510,0.041790,-0.018169,-0.104333
17.67350,0.033113,-0.023726,-0.091221
17.68190,0.032103,-0.022203,-0.053928
17.69850,0.028066,-0.024795,-0.002145
17.70760,0.020207,-0.024518,-0.017695
17.71230,0.020067,-0.026854,-0.026801
17.72340,0.021410,-0.027172,-0.044662
17.73980,0.008693,-0.027651,-0.034090
17.74410,0.007175,-0.025702,-0.035349
17.75690,0.008116,-0.033982,-0.038744
17.76470,0.004791,-0.024971,-0.028978
17.77420,-0.001448,-0.025401,-0.035801
17.78860,-0.003653,-0.033625,-0.025441
17.79740,-0.008043,-0.030021,-0.035125
17.80460,-0.015815,-0.029940,-0.022495
17.81360,-0.013771,-0.031119,-0.035152
17.82240,-0.019632,-0.029899,-0.017688
17.83920,-0.029873,-0.025154,-0.014441
17.84390,-0.022155,-0.028825,-0.031228
17.85650,-0.029528,-0.022858,-0.023415
17.86460,-0.031522,-0.017404,-0.014408
17.87270,-0.039570,-0.023094,-0.025922
17.88930,-0.036529,-0.014168,-0.014594
17.89750,-0.043272,-0.018852,-0.025808
17.90550,-0.042850,-0.018322,-0.021019
17.91400,-0.044096,-0.011464,-0.017914
17.92210,-0.047261,-0.009518,-0.012078
17.93890,-0.048722,-0.009644,-0.012498
17.94540,-0.047791,-0.008501,-0.010544
17.95540,-0.046895,-0.001621,-0.011459
17.96350,-0.052798,-0.005765,-0.021628
17.97830,-0.047471,0.005230,-0.003640
17.98810,-0.049258,0.004929,-0.013434
17.99650,-0.050342,0.004613,0.000140
18.00470,-0.045205,0.005578,-0.010681
18.01320,-0.043795,0.007668,-0.014984
18.02920,-0.049767,0.009054,-0.013202
18.03670,-0.039082,0.013819,-0.010940
18.04360,-0.037345,0.012985,-0.005586
18.05230,-0.039341,0.022643,0.003246
18.06890,-0.032152,0.025714,0.000198
18.07700,-0.034538,0.022849,-0.001688
18.08600,-0.026484,0.024373,-0.007150
18.09290,-0.027336,0.020230,-0.003611
18.10220,-0.023549,0.022491,0.000166
18.11310,-0.023196,0.027360,0.004261
18.12610,-0.021247,0.032140,-0.006904
18.13440,-0.012516,0.028361,0.004644
18.14510,-0.009678,0.032078,0.013795
18.15990,-0.007006,0.026371,0.015593
18.16790,0.002801,0.033935,0.015286
18.17780,0.001871,0.032548,0.271381
18.18450,0.002537,0.028218,0.332975
18.20050,0.013029,0.025020,-0.108282
18.21140,0.016997,0.024844,-0.128910
18.21580,0.020752,0.029399,-0.050377
18.22470,0.016885,0.029499,0.080400
18.23300,0.021449,0.027583,0.086723
18.24470,0.025643,0.027428,0.016264
18.25240,0.033228,0.025789,-0.023789
18.26350,0.036578,0.025522,-0.003910
18.27830,0.041600,0.021826,0.026396
18.28340,0.034515,0.015212,0.016763
18.30040,0.047099,0.018970,0.026883
18.31100,0.045184,0.013218,0.022065
18.31560,0.049316,0.008079,0.014852
18.32390,0.042229,0.010548,0.014378
18.33920,0.049412,0.010731,0.016392
18.34530,0.048585,0.005117,0.033196
18.35480,0.054450,0.005118,0.019236
18.36520,0.050430,-0.000824,0.025368
18.37780,0.047837,0.002914,0.029306
18.38940,0.051252,-0.007068,0.022428
18.39760,0.047497,-0.010973,0.023262
18.40570,0.043401,-0.003361,0.026803
18.41420,0.051257,-0.013610,0.034222
18.43090,0.041409,-0.011369,0.109319
18.43920,0.047038,-0.013372,0.216104
18.44360,0.039346,-0.012955,0.206568
18.45560,0.044159,-0.019599,0.032137
18.46420,0.033918,-0.020287,-0.036867
18.47350,0.038132,-0.021620,-0.030949
18.48900,0.030221,-0.026728,0.060887
18.49730,0.024753,-0.021801,0.060407
18.50540,0.024585,-0.029371,0.055095
18.51360,0.024899,-0.029342,0.026065
18.52940,0.015698,-0.030682,0.036014
18.53820,0.016036,-0.029008,0.029333
18.54470,0.010214,-0.032799,0.044311
18.55440,0.002520,-0.032687,0.035075
18.57090,0.001803,-0.027689,0.051808
18.57720,-0.003034,-0.033003,0.042732
18.58710,-0.004482,-0.031912,0.041599
18.59520,-0.007869,-0.033518,0.037223
18.60320,-0.013870,-0.024418,0.041704
18.62000,-0.014334,-0.026452,0.042728
18.62810,-0.020774,-0.024783,0.038821
18.63640,-0.025202,-0.030964,0.052815
18.64400,-0.025844,-0.024154,0.052498
18.65210,-0.030500,-0.027874,0.046346
18.66870,-0.030420,-0.017823,0.043156
18.67720,-0.040612,-0.015634,0.048182
18.68480,-0.034980,-0.016800,0.048627
18.69320,-0.036156,-0.014971,0.050968
18.71100,-0.040168,-0.017977,0.047532
18.71850,-0.046543,-0.008873,0.046483
18.72640,-0.043071,-0.010182,0.059786
18.73510,-0.052495,-0.012864,0.049222
18.74420,-0.047714,-0.008672,0.064768
18.75960,-0.046938,-0.002709,0.048661
18.76600,-0.051854,-0.001249,0.066005
18.77660,-0.047036,0.005354,0.050220
18.78330,-0.053839,0.004640,0.053721
18.79980,-0.048272,0.005260,0.061667
18.81010,-0.043071,0.011659,0.065042
18.81620,-0.042280,0.012602,0.069783
18.82330,-0.042203,0.016519,0.070252
18.83330,-0.046283,0.014303,0.064186
18.84220,-0.043327,0.010879,0.072396
18.85820,-0.039491,0.014054,0.072817
18.86620,-0.035449,0.021274,0.064785
18.87590,-0.035921,0.023230,0.055938
18.88270,-0.028539,0.018516,0.074617
18.89830,-0.032119,0.023144,0.062393
18.90940,-0.026038,0.022570,0.072678
18.91470,-0.024110,0.024974,0.068363
18.92300,-0.018659,0.029985,0.075598
18.94340,-0.008500,0.030249,0.075283
18.96010,-0.006428,0.029067,0.076119
18.96370,-0.002210,0.032610,0.066057
18.97810,0.004032,0.034265,0.344972
18.98840,0.004186,0.030146,0.299531
18.99660,0.009262,0.026580,0.048513
19.00490,0.008736,0.030674,-0.093300
19.01330,0.013470,0.030448,-0.029568
19.03010,0.023953,0.031010,0.157024
19.03250,0.021583,0.025945,0.151940
19.04510,0.023335,0.027035,0.065423
19.05490,0.028264,0.023914,0.026832
19.06340,0.035874,0.026849,0.052511
19.07740,0.036198,0.018741,0.082639
19.08730,0.035404,0.013888,0.082123
19.09560,0.042406,0.014528,0.076571
19.10400,0.038386,0.015037,0.079082
19.12000,0.049873,0.007216,0.065564
19.12840,0.051896,0.013378,0.080524
19.13700,0.048165,0.011976,0.075772
19.14440,0.053201,0.002372,0.073640
19.15380,0.052459,0.005082,0.073804
19.16960,0.054938,0.000711,0.071877
19.17750,0.046632,-0.006201,0.074084
19.18470,0.052798,0.001461,0.068650
19.19340,0.048219,-0.007578,0.080108
19.21200,0.042890,-0.012521,0.072490
19.22720,0.042451,-0.011677,0.069916
19.23570,0.047076,-0.017820,0.250494
19.24410,0.046929,-0.015432,0.231398
19.26010,0.042744,-0.021478,0.037143
19.26850,0.039656,-0.020009,-0.001223
19.27770,0.037764,-0.022809,0.042944
19.28420,0.033729,-0.022670,0.083863
19.29310,0.028037,-0.027315,0.115898
19.31150,0.027007,-0.026277,0.078046
19.32690,0.016442,-0.029431,0.077888
19.33450,0.016866,-0.027665,0.067199
19.34570,0.006402,-0.030515,0.078037
19.35940,0.003516,-0.031134,0.081888
19.36740,0.004350,-0.025750,0.080662
19.37780,-0.003769,-0.031125,0.072591
19.38400,-0.008982,-0.030832,0.082595
19.39990,-0.010174,-0.026169,0.071873
19.41080,-0.012271,-0.025685,0.075458
19.41630,-0.017513,-0.030009,0.072577
19.42470,-0.019645,-0.028517,0.071244
19.43320,-0.020297,-0.022963,0.079367
19.44460,-0.026179,-0.020701,0.075829
19.45820,-0.031496,-0.023763,0.076558
19.46670,-0.030756,-0.017712,0.085012
19.47890,-0.036855,-0.023464,0.085234
19.48320,-0.038751,-0.020784,0.088707
19.49940,-0.044989,-0.018174,0.080723
19.51090,-0.041513,-0.016026,0.079296
19.51300,-0.041337,-0.016541,0.076171
19.52390,-0.047088,-0.007957,0.081011
19.54550,-0.046678,-0.002038,0.069673
19.55720,-0.054044,-0.002955,0.069214
19.56520,-0.051348,0.002851,0.085642
19.57670,-0.046524,0.001144,0.069734
19.58220,-0.046650,0.000762,0.072856
19.59880,-0.044090,0.005784,0.084558
19.61090,-0.050080,0.006443,0.083624
19.61500,-0.048492,0.008033,0.084033
19.62320,-0.043153,0.014698,0.078016
19.63930,-0.047147,0.012436,0.079559
19.64410,-0.039515,0.015948,0.078687
19.65540,-0.040011,0.019455,0.079537
19.66350,-0.037576,0.021268,0.076160
19.67740,-0.029903,0.024650,0.078100
19.68860,-0.031685,0.024400,0.072240
19.69710,-0.030278,0.027491,0.070028
19.70520,-0.027151,0.027357,0.076562
19.71380,-0.019681,0.028146,0.070983
19.73050,-0.017090,0.030678,0.077962
19.73890,-0.008716,0.031267,0.065809
19.74380,-0.015677,0.031678,0.063569
19.75520,-0.010187,0.031616,0.068284
19.76340,-0.006133,0.025993,0.075750
19.77760,0.001740,0.029197,0.326744
19.78880,0.006213,0.033497,0.306393
19.79710,0.007058,0.034159,0.032216
19.80560,0.016751,0.032286,-0.099166
19.81410,0.013797,0.024338,-0.020294
19.82230,0.014422,0.029474,0.105091
19.83890,0.029934,0.029121,0.117792
19.84320,0.025556,0.020476,0.065666
19.85530,0.033484,0.024598,0.032120
19.86350,0.034853,0.023786,0.050744
19.87800,0.036723,0.018861,0.075776
19.88740,0.038370,0.017304,0.064528
19.89550,0.039583,0.015009,0.074173
19.90400,0.038982,0.017341,0.056553
19.91210,0.048770,0.012892,0.057476
19.92890,0.047869,0.005671,0.059331
19.93700,0.045121,0.006731,0.060213
19.94460,0.051358,0.004546,0.073110
19.95220,0.046188,0.004996,0.057594
19.97740,0.054718,-0.000606,0.068626
19.98500,0.046902,-0.005236,0.062084
19.99210,0.046667,-0.008991,0.064496
20.01050,0.047704,-0.013629,0.056211
20.01670,0.045461,-0.009386,0.053952
20.02490,0.040894,-0.008088,0.065940
20.03310,0.047711,-0.017428,0.192411
20.04610,0.040575,-0.011820,0.184848
20.05790,0.036702,-0.016559,0.040566
20.06600,0.038947,-0.017165,-0.007858
20.07740,0.030210,-0.018444,0.023111
20.08260,0.030928,-0.024895,0.056167
20.09950,0.026870,-0.028516,0.071156
20.11030,0.018641,-0.021686,0.060783
20.11630,0.023741,-0.029433,0.054323
20.12460,0.013803,-0.029311,0.039386
20.13290,0.011440,-0.026572,0.040001
20.14360,0.014374,-0.029155,0.042144
20.15650,0.009449,-0.033305,0.050072
20.16600,0.004167,-0.026394,0.056615
20.17690,0.000024,-0.027834,0.051365
20.18280,-0.003202,-0.029157,0.048804
20.19890,-0.014309,-0.029318,0.049911
20.20740,-0.010776,-0.032886,0.050897
20.21540,-0.021645,-0.027652,0.048285
20.22400,-0.022774,-0.030143,0.039071
20.24310,-0.029454,-0.028755,0.045097
20.25650,-0.034176,-0.022058,0.048022
20.26490,-0.037797,-0.020100,0.039694
20.27730,-0.037782,-0.024204,0.040176
20.29000,-0.042207,-0.013041,0.033562
20.29780,-0.039909,-0.012935,0.044858
20.30550,-0.045273,-0.017455,0.028194
20.31310,-0.049179,-0.008942,0.027868
20.32910,-0.044816,-0.012569,0.032801
20.33740,-0.047856,-0.005041,0.031203
20.34520,-0.047996,-0.008079,0.039288
20.35360,-0.048768,-0.005359,0.034087
20.37070,-0.047959,-0.001785,0.036611
20.37690,-0.052927,0.002681,0.030122
20.38720,-0.051351,0.007720,0.024034
20.39530,-0.051525,0.009151,0.038463
20.40390,-0.043724,0.002609,0.025068
20.41210,-0.046739,0.004360,0.020311
20.42860,-0.048520,0.015863,0.035912
20.43670,-0.047559,0.016317,0.022756
20.44340,-0.044836,0.012182,0.017740
20.45270,-0.039600,0.013356,0.017065
20.46940,-0.036158,0.015865,0.032430
20.47710,-0.035070,0.017186,0.020082
20.48580,-0.030532,0.021188,0.014813
20.49360,-0.024477,0.027697,0.016522
20.51090,-0.022369,0.023349,0.013232
20.51820,-0.018299,0.031667,0.023150
20.52340,-0.015359,0.029314,0.023756
20.53450,-0.014207,0.031605,0.021108
20.54350,-0.006418,0.033742,0.016633
20.55900,-0.003935,0.029814,0.009838
20.56750,-0.004818,0.028666,0.022354
20.57650,0.006125,0.028224,0.248259
20.58430,0.005077,0.027612,0.332599
20.60070,0.012524,0.031662,-0.116199
20.61010,0.017663,0.027566,-0.137414
20.61660,0.017820,0.028931,-0.052368
20.62470,0.019493,0.023219,0.076058
20.63310,0.026501,0.023002,0.095912
20.64440,0.026427,0.023151,0.002516
20.65730,0.027537,0.024619,-0.035547
20.66530,0.036616,0.024246,-0.015132
20.67690,0.034839,0.016910,0.011364
20.68990,0.035850,0.018997,0.001969
20.69850,0.043502,0.018298,-0.003677
20.70710,0.039711,0.015765,-0.006506
20.71460,0.048352,0.016738,-0.005789
20.72430,0.042044,0.010776,-0.009405
20.73980,0.052856,0.006676,-0.005261
20.74280,0.049811,0.011137,-0.011142
20.75570,0.046629,0.004695,0.001247
20.76440,0.048552,-0.000098,-0.004956
20.77270,0.046841,-0.000741,0.004048
20.79010,0.044710,-0.000595,-0.013720
20.79740,0.049661,-0.002342,-0.002953
20.80570,0.051288,-0.008778,-0.016765
20.81400,0.043827,-0.014035,-0.001646
20.82240,0.045865,-0.007487,-0.019453
20.83840,0.040497,-0.010539,0.163528
20.84390,0.037519,-0.011232,0.153415
20.85520,0.040962,-0.015005,0.000859
20.86380,0.042279,-0.020070,-0.081542
20.87740,0.029869,-0.021197,-0.060348
20.88840,0.029604,-0.022992,-0.005599
20.89550,0.026678,-0.019980,0.017916
20.90380,0.022181,-0.028657,0.007424
20.91200,0.023248,-0.027569,-0.017042
20.92860,0.018405,-0.024148,-0.021568
20.93650,0.009640,-0.026925,-0.032617
20.94530,0.006794,-0.028007,-0.030082
20.96180,0.000111,-0.027327,-0.029910
20.97650,0.002054,-0.030887,-0.030061
20.98530,-0.000978,-0.034685,-0.023882
20.99330,-0.009373,-0.028275,-0.028021
21.01080,-0.010796,-0.030728,-0.037208
21.01780,-0.019611,-0.026313,-0.029751
21.02620,-0.021578,-0.029372,-0.038667
21.03450,-0.020180,-0.030734,-0.032402
21.04670,-0.026335,-0.029113,-0.037181
21.05260,-0.032117,-0.019321,-0.027102
21.06810,-0.035166,-0.023611,-0.042195
21.07760,-0.039512,-0.020572,-0.033877
21.08470,-0.036045,-0.015912,-0.043687
21.10110,-0.046634,-0.014447,-0.043657
21.11210,-0.043903,-0.010409,-0.038664
21.12670,-0.043556,-0.013427,-0.039735
21.13490,-0.052913,-0.011328,-0.031607
21.14430,-0.049265,-0.009275,-0.030239
21.15400,-0.046175,-0.008502,-0.034124
21.16730,-0.045679,-0.000781,-0.033887
21.17730,-0.052253,-0.000761,-0.050122
21.18430,-0.051023,0.004182,-0.051433
21.19220,-0.044567,0.008721,-0.049595
21.21090,-0.043456,0.006391,-0.039197
21.21760,-0.046459,0.013485,-0.039338
21.22480,-0.041316,0.013217,-0.043712
21.23370,-0.046613,0.009085,-0.039012
21.24450,-0.046381,0.018980,-0.038813
21.25780,-0.036535,0.017529,-0.056493
21.26640,-0.033890,0.022879,-0.041238
21.27800,-0.030849,0.018617,-0.051056
21.28210,-0.030399,0.024919,-0.060334
21.29890,-0.029843,0.025838,-0.055739
21.30690,-0.021919,0.026849,-0.056362
21.31550,-0.026381,0.026760,-0.059094
21.32370,-0.015665,0.032076,-0.056920
21.34080,-0.013983,0.032460,-0.060412
21.34580,-0.014990,0.026681,-0.055289
21.35610,-0.007842,0.033186,-0.065683
21.36520,-0.006742,0.034807,-0.047791
21.37330,-0.003794,0.030260,0.018613
21.39020,0.011647,0.027685,0.123907
21.39830,0.006605,0.029372,-0.133914
21.41080,0.017138,0.026657,-0.203237
21.41550,0.012741,0.030025,-0.127617
21.42290,0.021763,0.028388,-0.020714
21.43920,0.026373,0.026559,-0.013694
21.44460,0.023057,0.020331,-0.069989
21.45530,0.027253,0.022876,-0.117170
21.46370,0.030598,0.026877,-0.080687
21.47800,0.041962,0.021726,-0.062212
21.48900,0.042268,0.013711,-0.064757
21.49590,0.039016,0.015315,-0.072630
21.50510,0.040891,0.012791,-0.060111
21.51290,0.042450,0.013417,-0.064397
21.52830,0.046759,0.007555,-0.064075
21.53690,0.044546,0.013024,-0.063864
21.54360,0.043887,0.005124,-0.060816
21.55370,0.050331,0.008664,-0.061166
21.57020,0.052924,0.002532,-0.060688
21.57630,0.048655,0.002795,-0.062749
21.58250,0.054671,0.000553,-0.073237
21.59480,0.053975,-0.004309,-0.062291
21.60290,0.052692,-0.004458,-0.065397
21.61910,0.044435,-0.011178,-0.075703
21.62730,0.050300,-0.009802,-0.061751
21.63530,0.046298,-0.009525,0.093597
21.64330,0.041246,-0.011246,0.101423
21.65970,0.038475,-0.016358,-0.110570
21.66780,0.039445,-0.021568,-0.151682
21.67720,0.037029,-0.024402,-0.121036
21.68460,0.028863,-0.025226,-0.067048
21.70090,0.025639,-0.022903,-0.039745
21.71140,0.025942,-0.023796,-0.069801
21.71800,0.022546,-0.023422,-0.081949
21.72650,0.019988,-0.025405,-0.090516
21.73450,0.011653,-0.025347,-0.083110
21.74610,0.012485,-0.031454,-0.065733
21.75950,0.005045,-0.033815,-0.067744
21.76760,-0.001087,-0.030138,-0.082239
21.77760,0.000899,-0.028819,-0.080541
21.78370,-0.005115,-0.025176,-0.079155
21.80100,-0.008179,-0.032598,-0.068343
21.81290,-0.018162,-0.025063,-0.070864
21.82510,-0.024954,-0.025922,-0.071912
21.83360,-0.026035,-0.025628,-0.078046
21.84480,-0.022695,-0.024386,-0.069706
21.85870,-0.027030,-0.024431,-0.078165
21.86670,-0.029120,-0.024392,-0.088219
21.87950,-0.039491,-0.020278,-0.075446
21.88290,-0.042509,-0.018684,-0.072798
21.89970,-0.042794,-0.014720,-0.078799
21.90970,-0.047634,-0.011476,-0.079388
21.91640,-0.040610,-0.014938,-0.075032
21.92380,-0.046122,-0.011628,-0.081389
21.93250,-0.051010,-0.005006,-0.076779
21.94340,-0.053502,-0.005536,-0.075713
21.95730,-0.049304,-0.002555,-0.084085
21.96480,-0.047461,-0.001921,-0.073347
21.97310,-0.045172,0.001394,-0.079474
21.98980,-0.046369,0.003210,-0.086519
21.99780,-0.045490,0.008447,-0.077633
22.00590,-0.050662,0.005874,-0.075984
22.01410,-0.044300,0.011977,-0.075959
22.02240,-0.047259,0.012313,-0.077998
22.03900,-0.044918,0.012203,-0.076926
22.04330,-0.043033,0.011580,-0.083945
22.05580,-0.042519,0.018006,-0.077449
22.06430,-0.033589,0.018872,-0.080867
22.07260,-0.033582,0.021643,-0.076613
22.08870,-0.028276,0.022961,-0.075297
22.09630,-0.027815,0.027845,-0.078877
22.10520,-0.024596,0.030303,-0.070582
22.11260,-0.018484,0.023129,-0.075758
22.12910,-0.015059,0.026673,-0.073137
22.13740,-0.010598,0.025998,-0.083958
22.14490,-0.010599,0.033821,-0.085759
22.15410,-0.007364,0.029730,-0.082121
22.17010,-0.002757,0.025307,-0.075268
22.17660,0.003752,0.034809,0.155624
22.18530,0.004109,0.034073,0.232405
22.19270,0.003573,0.031708,0.015210
22.21000,0.019675,0.028881,-0.231852
22.21730,0.012499,0.032630,-0.119913
22.22510,0.022541,0.031431,-0.009322
22.23350,0.023613,0.028370,0.001584
22.24340,0.022182,0.021332,-0.077569
22.25790,0.028712,0.026684,-0.117218
22.26610,0.036003,0.023039,-0.092978
22.27660,0.036748,0.019381,-0.066401
22.28250,0.035196,0.024183,-0.066214
22.29970,0.039759,0.017969,-0.069620
22.31080,0.042429,0.017840,-0.078097
22.31510,0.042542,0.015751,-0.078468
22.32360,0.048397,0.008965,-0.077216
22.34030,0.053129,0.009220,-0.067831
22.34330,0.053289,0.006922,-0.070711
22.35650,0.053521,0.002112,-0.065687
22.36450,0.049938,0.002973,-0.064602
22.37260,0.047650,-0.000176,-0.064603
22.38950,0.051786,-0.006537,-0.070543
22.39730,0.050244,-0.005877,-0.080631
22.40570,0.052481,-0.006966,-0.078149
22.41190,0.046394,-0.006142,-0.076577
22.42390,0.048597,-0.016238,-0.069282
22.43980,0.042503,-0.011933,0.114498
22.44520,0.039789,-0.011731,0.070728
22.45670,0.039171,-0.016024,-0.075267
22.46510,0.038006,-0.024768,-0.131786
22.47320,0.035993,-0.018358,-0.133260
22.49010,0.031788,-0.022836,-0.050624
22.49800,0.027429,-0.028658,-0.047599
22.50650,0.022543,-0.024625,-0.044953
22.51430,0.025380,-0.023436,-0.079692
22.53100,0.013583,-0.029487,-0.075586
22.53280,0.013642,-0.033287,-0.068791
22.54500,0.009674,-0.032588,-0.068351
22.55580,0.001626,-0.031500,-0.057001
22.56410,0.000449,-0.032122,-0.069459
22.57220,0.003029,-0.027758,-0.072436
22.58880,-0.007127,-0.034051,-0.071590
22.59710,-0.009818,-0.027815,-0.068458
22.60590,-0.016631,-0.026035,-0.062165
22.61380,-0.018386,-0.030336,-0.069405
22.63070,-0.024659,-0.029804,-0.050279
22.63900,-0.023743,-0.030852,-0.050200
22.64410,-0.028915,-0.024793,-0.054157
22.65560,-0.027107,-0.027263,-0.059623
22.66280,-0.027859,-0.024213,-0.063350
22.67880,-0.037774,-0.020577,-0.048410
22.68740,-0.035031,-0.019899,-0.064881
22.69360,-0.036364,-0.017449,-0.063628
22.70370,-0.040582,-0.011887,-0.048982
22.72010,-0.048902,-0.010796,-0.056876
22.72850,-0.050063,-0.007918,-0.046494
22.73630,-0.052922,-0.011928,-0.056665
22.74420,-0.047389,-0.004532,-0.057429
22.75260,-0.049926,-0.004188,-0.048721
22.76890,-0.046610,-0.000727,-0.051019
22.77770,-0.046837,-0.001987,-0.055449
22.78550,-0.046383,-0.000647,-0.044169
22.79340,-0.053649,0.004019,-0.051406
22.81090,-0.051418,0.006429,-0.041504
22.81200,-0.045147,0.009511,-0.052140
22.82590,-0.046157,0.013365,-0.043398
22.83430,-0.045476,0.011323,-0.050477
22.84340,-0.040851,0.011642,-0.038425
22.85910,-0.036689,0.015335,-0.038452
22.86740,-0.037196,0.022942,-0.043453
22.87660,-0.034446,0.023904,-0.041409
22.88370,-0.027792,0.021305,-0.035260
22.90010,-0.025410,0.020756,-0.037691
22.90950,-0.022809,0.027240,-0.045322
22.91610,-0.017010,0.022547,-0.038644
22.92440,-0.016114,0.031318,-0.038024
22.93270,-0.013117,0.032654,-0.029406
22.94650,-0.010082,0.027784,-0.032683
22.95740,-0.005116,0.031976,-0.025416
22.96460,-0.003895,0.026008,-0.036024
22.97390,0.005450,0.030967,0.084246
22.98890,0.001830,0.031043,0.184174
22.99740,0.005447,0.027671,-0.087152
23.00550,0.011637,0.030418,-0.205998
23.01420,0.016689,0.023636,-0.127024
23.03010,0.024990,0.026721,0.060834
23.03190,0.026741,0.025935,0.057755
23.04290,0.023758,0.023794,-0.022741
23.05510,0.030993,0.023947,-0.067089
23.06360,0.036592,0.018123,-0.040778
23.07600,0.038356,0.015524,-0.017410
23.08830,0.044332,0.016749,-0.013955
23.09680,0.038281,0.017496,-0.018745
23.10470,0.039185,0.016100,-0.020475
23.11290,0.041711,0.014343,-0.020431
23.12640,0.048010,0.011352,-0.021059
23.13770,0.049430,0.010573,-0.016777
23.14600,0.049231,0.003730,-0.016820
23.15440,0.045099,0.005771,-0.012623
23.17020,0.053637,-0.002371,-0.007973
23.17610,0.053799,-0.002382,-0.023565
23.18680,0.050032,-0.003826,-0.005699
23.19510,0.044930,-0.007085,-0.020592
23.20330,0.049491,-0.011296,-0.009607
23.21400,0.048542,-0.010758,-0.003659
23.22750,0.042706,-0.012887,-0.001227
23.23590,0.047711,-0.011446,0.157257
23.24230,0.041804,-0.017086,0.172905
23.25220,0.041328,-0.013025,0.036812
23.26830,0.035713,-0.021109,-0.089345
23.27540,0.038934,-0.023686,-0.050443
23.28410,0.030622,-0.021968,-0.006905
23.29200,0.033336,-0.027192,0.029678
23.30850,0.023950,-0.029721,0.015235
23.31370,0.022535,-0.025847,-0.003435
23.32480,0.017444,-0.027752,-0.006987
23.33280,0.015814,-0.030779,-0.005948
23.34240,0.016171,-0.027309,-0.008393
23.35680,0.008691,-0.034314,-0.006455
23.36490,0.007366,-0.027543,-0.003554
23.37350,-0.004368,-0.032284,0.008335
23.39020,-0.009961,-0.030603,0.006669
23.39800,-0.005613,-0.024541,0.008635
23.40580,-0.009148,-0.028114,0.006535
23.41320,-0.018264,-0.026497,0.008963
23.42380,-0.015630,-0.027340,0.011815
23.44000,-0.026179,-0.020802,0.007708
23.44350,-0.023832,-0.025033,0.012169
23.45580,-0.030599,-0.022868,0.003380
23.46370,-0.034431,-0.021978,0.012142
23.47360,-0.036506,-0.025143,0.011093
23.48830,-0.042289,-0.016077,0.009020
23.49580,-0.037972,-0.017354,0.012909
23.50420,-0.038920,-0.017205,0.012908
23.51260,-0.046757,-0.014636,0.008663
23.52890,-0.043950,-0.009275,0.013283
23.53750,-0.045630,-0.004570,0.020953
23.54440,-0.045420,-0.004657,0.011891
23.55280,-0.049965,-0.007507,0.011367
23.56970,-0.047591,-0.004284,0.022941
23.57650,-0.046889,-0.002904,0.014498
23.58630,-0.053316,0.004049,0.021058
23.59470,-0.051866,0.001941,0.020367
23.60300,-0.044080,0.010465,0.019452
23.61930,-0.044220,0.006031,0.024719
23.62800,-0.048294,0.013817,0.028981
23.63610,-0.040636,0.009886,0.036661
23.64360,-0.043587,0.020648,0.028519
23.65300,-0.043946,0.020660,0.029243
23.66940,-0.031225,0.023359,0.029981
23.67640,-0.036582,0.026086,0.023955
23.68580,-0.029286,0.024709,0.033755
23.69380,-0.027099,0.026869,0.039565
23.70190,-0.022548,0.025026,0.038862
23.71860,-0.024880,0.029217,0.030437
23.72690,-0.018973,0.026052,0.036184
23.73540,-0.009979,0.030782,0.042672
23.74350,-0.014957,0.025910,0.044581
23.75960,-0.002486,0.026922,0.029473
23.76770,0.001070,0.028108,0.048352
23.77680,0.004668,0.027525,0.270446
23.78270,-0.000611,0.026950,0.380207
23.80120,0.008632,0.033862,-0.080847
23.81030,0.015233,0.032065,-0.111248
23.81630,0.019470,0.030819,-0.009958
23.82580,0.017090,0.024711,0.107698
23.83380,0.020419,0.029423,0.123319
23.84580,0.025159,0.029728,0.036358
23.85820,0.035906,0.024108,0.016470
23.86470,0.036668,0.024583,0.031662
23.87740,0.041007,0.023985,0.041865
23.88290,0.041055,0.016309,0.048478
23.89950,0.040136,0.020233,0.044008
23.91170,0.046560,0.011561,0.041903
23.92380,0.044187,0.008470,0.060766
23.93220,0.051937,0.011582,0.050771
23.94440,0.048300,0.004088,0.052811
23.95720,0.050133,-0.000636,0.060984
23.96460,0.051494,0.005345,0.054967
23.97900,0.053139,-0.000481,0.054015
23.98980,0.054365,-0.001133,0.059371
23.99820,0.051837,-0.006128,0.051364
24.00650,0.050843,-0.011035,0.048736
24.01460,0.048451,-0.014201,0.055270
24.02300,0.041707,-0.015283,0.051337
24.03930,0.039902,-0.018856,0.243714
24.04410,0.046991,-0.017240,0.229618
24.05550,0.042791,-0.016409,0.065706
24.06380,0.037158,-0.024320,-0.010516
24.07730,0.032137,-0.022995,0.017202
24.08890,0.028722,-0.019092,0.083057
24.09680,0.032354,-0.026833,0.083829
24.10500,0.027814,-0.029422,0.087967
24.11310,0.019628,-0.021885,0.061465
24.12970,0.019972,-0.030125,0.054235
24.13790,0.013553,-0.029566,0.070106
24.14380,0.007067,-0.024970,0.075542
24.15350,0.007292,-0.030688,0.071084
24.17010,0.002188,-0.030211,0.066746
24.17720,-0.000144,-0.033663,0.072616
24.18640,-0.006177,-0.027592,0.065386
24.19430,-0.007476,-0.032862,0.059782
24.20280,-0.011872,-0.033465,0.068617
24.21950,-0.015975,-0.028363,0.060999
24.22780,-0.025287,-0.028309,0.076808
24.23590,-0.021175,-0.022450,0.062880
24.24490,-0.025741,-0.023833,0.063888
24.25240,-0.034107,-0.027161,0.072782
24.26900,-0.034225,-0.025487,0.080790
24.27700,-0.039145,-0.016818,0.065309
24.28430,-0.041370,-0.022295,0.069066
24.29680,-0.045344,-0.014867,0.067712
24.30490,-0.041267,-0.011294,0.070651
24.31310,-0.042070,-0.017739,0.079014
24.32980,-0.046777,-0.010396,0.073213
24.33800,-0.047340,-0.006478,0.066251
24.34390,-0.045724,-0.007506,0.081819
24.35460,-0.047995,0.000533,0.067638
24.36350,-0.045636,-0.001280,0.065994
24.37650,-0.053930,-0.003183,0.073659
24.38760,-0.048947,0.007036,0.077879
24.39600,-0.052730,0.007868,0.083979
24.40440,-0.046608,0.008124,0.067907
24.41300,-0.048566,0.013704,0.068752
24.42880,-0.044745,0.011079,0.074545
24.43720,-0.043768,0.012539,0.070619
24.44290,-0.042030,0.012120,0.078079
24.45320,-0.038477,0.019325,0.084067
24.46980,-0.038844,0.016709,0.082478
24.47660,-0.032780,0.021370,0.073785
24.48650,-0.033604,0.022865,0.076106
24.49470,-0.029149,0.028535,0.087727
24.50310,-0.021582,0.021990,0.075544
24.52000,-0.016561,0.028792,0.071763
24.52810,-0.017591,0.028924,0.072963
24.53640,-0.009004,0.029571,0.085919
24.54400,-0.013846,0.030318,0.076981
24.55310,-0.007425,0.026738,0.083887
24.56930,0.001555,0.025939,0.088076
24.57690,0.001767,0.033582,0.314922
24.58270,0.008990,0.026406,0.402827
24.59480,0.010638,0.026212,0.117658
24.60280,0.010351,0.032467,-0.063056
24.61950,0.018341,0.028705,0.079626
24.62770,0.024586,0.031966,0.167560
24.63590,0.026069,0.022736,0.137153
24.64370,0.024398,0.024149,0.085199
24.66050,0.035764,0.027631,0.040105
24.66870,0.038320,0.025405,0.087266
24.67680,0.032523,0.016981,0.070212
24.68490,0.034069,0.017144,0.076257
24.69340,0.037363,0.016148,0.084259
24.71090,0.042793,0.018354,0.076232
24.71880,0.046925,0.010559,0.076688
24.72700,0.049221,0.012007,0.073730
24.73530,0.049842,0.007562,0.085742
24.74290,0.049883,0.007574,0.073561
24.75990,0.051609,0.002345,0.085306
24.76800,0.045456,-0.001596,0.075383
24.77630,0.049417,-0.003876,0.079524
24.78450,0.053804,0.001281,0.083420
24.79270,0.049588,-0.002442,0.077405
24.81040,0.046762,-0.004356,0.088133
24.81810,0.046863,-0.009625,0.080465
24.82590,0.044012,-0.009642,0.087661
24.83420,0.048158,-0.016040,0.233816
24.84450,0.039632,-0.018061,0.225152
24.85800,0.038696,-0.017011,0.060672
24.86560,0.035185,-0.024829,-0.003347
24.87610,0.030488,-0.019839,0.037252
24.88890,0.028985,-0.025094,0.106688
24.89820,0.022879,-0.022378,0.107600
24.90440,0.022972,-0.026786,0.085815
24.91460,0.023151,-0.022878,0.063593
24.92340,0.018147,-0.022918,0.064958
24.93890,0.012830,-0.031327,0.077125
24.94380,0.014781,-0.033776,0.065750
24.95570,0.003315,-0.031071,0.065560
24.96400,0.007490,-0.027389,0.065980
24.97220,0.004154,-0.030638,0.081866
24.98960,-0.003972,-0.026174,0.073537
24.99730,-0.014421,-0.027075,0.078690
25.00550,-0.013008,-0.029543,0.070436
25.01400,-0.020855,-0.023961,0.065278
25.02240,-0.014908,-0.023330,0.070837
25.03860,-0.021268,-0.022449,0.061144
25.04440,-0.023121,-0.023469,0.070251
25.05710,-0.033052,-0.021397,0.078646
25.06520,-0.030440,-0.025941,0.071819
25.07740,-0.040124,-0.018629,0.070477
25.09040,-0.039573,-0.014742,0.062570
25.09890,-0.043840,-0.019459,0.062277
25.11130,-0.042409,-0.011685,0.067522
25.11560,-0.048895,-0.012719,0.068876
25.12360,-0.047977,-0.006140,0.062193
25.13960,-0.050940,-0.010745,0.066507
25.14440,-0.050301,-0.010895,0.068054
25.15570,-0.050179,-0.004615,0.059807
25.16380,-0.049659,0.002066,0.068757
25.17730,-0.045831,-0.001037,0.070816
25.18690,-0.049557,0.006918,0.057828
25.19450,-0.046650,0.000842,0.063797
25.20270,-0.046470,0.005795,0.061366
25.21880,-0.047407,0.011307,0.064117
25.22690,-0.042220,0.012761,0.050965
25.23430,-0.045807,0.010045,0.066374
25.24280,-0.043953,0.018681,0.062898
25.25970,-0.038156,0.019888,0.055755
25.26810,-0.040949,0.023758,0.064976
25.27620,-0.035513,0.021093,0.054755
25.28510,-0.032988,0.025642,0.064029
25.29300,-0.028815,0.019487,0.056103
25.31020,-0.025113,0.027087,0.064381
25.31810,-0.023916,0.031485,0.062528
25.32610,-0.016738,0.023705,0.048324
25.33430,-0.012188,0.025938,0.046509
25.34360,-0.014311,0.025856,0.060646
25.35890,-0.006223,0.027076,0.044681
25.36720,-0.006112,0.033013,0.060928
25.37770,0.004834,0.025402,0.311190
25.38370,0.009218,0.033103,0.373643
25.40050,0.007773,0.025506,-0.063422
25.41060,0.011071,0.024053,-0.101734
25.41640,0.016342,0.023967,-0.005369
25.42470,0.023452,0.028977,0.116365
25.43310,0.020658,0.031588,0.136751
25.44520,0.029095,0.028672,0.034234
25.45650,0.026423,0.022305,0.001149
25.46480,0.038066,0.022250,0.038174
25.47650,0.031993,0.022966,0.036601
25.48990,0.042580,0.020082,0.051322
25.49800,0.041705,0.020927,0.045192
25.51000,0.040126,0.015375,0.040600
25.51440,0.043073,0.013264,0.048116
25.52310,0.049915,0.016087,0.030065
25.54010,0.048144,0.003103,0.036639
25.54410,0.050429,0.004843,0.027936
25.55660,0.053473,0.001817,0.042960
25.56490,0.054742,-0.003101,0.032685
25.57400,0.046034,0.002083,0.039267
25.58840,0.047510,-0.006785,0.025247
25.59670,0.044491,-0.009150,0.041563
25.60460,0.049020,-0.007580,0.036853
25.61250,0.045733,-0.009669,0.033227
25.62920,0.042968,-0.008576,0.077675
25.63710,0.045565,-0.015167,0.200013
25.64300,0.038787,-0.014025,0.204561
25.65340,0.040312,-0.022538,0.070441
25.66970,0.034747,-0.021242,-0.051161
25.67660,0.032538,-0.018786,-0.011453
25.68620,0.030921,-0.022732,0.042264
25.69460,0.031004,-0.027598,0.061249
25.70290,0.024895,-0.021581,0.037679
25.71920,0.022462,-0.025543,0.014185
25.72750,0.018053,-0.033012,0.003880
25.73580,0.014022,-0.025096,0.014309
25.74360,0.008499,-0.033636,0.014887
25.75410,0.003505,-0.030684,0.009931
25.76220,0.006006,-0.029560,0.023233
25.77650,-0.004404,-0.027932,0.011408
25.78670,-0.010734,-0.030289,0.006971
25.79530,-0.010837,-0.024815,0.013353
25.80400,-0.011759,-0.032298,0.006789
25.81990,-0.014573,-0.028719,0.018443
25.82840,-0.023192,-0.024311,0.012992
25.83630,-0.025761,-0.022159,0.016218
25.84340,-0.030871,-0.027399,0.020024
25.85260,-0.028483,-0.027609,0.011840
25.86950,-0.034893,-0.018355,0.005227
25.87740,-0.035790,-0.021458,-0.003191
25.88560,-0.034929,-0.016528,0.002747
25.89350,-0.038221,-0.020649,0.001482
25.90990,-0.045230,-0.009767,0.005589
25.91760,-0.042326,-0.010115,0.000649
25.92610,-0.048640,-0.007998,0.006729
25.93420,-0.047657,-0.012698,-0.007627
25.94320,-0.046944,-0.006058,0.003279
25.95860,-0.053819,-0.001250,0.005264
25.96690,-0.052163,-0.000778,-0.008552
25.97730,-0.052660,0.005793,-0.011080
25.98250,-0.049719,-0.002088,-0.005904
25.99830,-0.046890,0.009429,0.002884
26.00630,-0.045287,0.004079,-0.013554
26.01390,-0.051977,0.005233,-0.000060
26.03040,-0.044697,0.009402,-0.014783
26.03210,-0.049332,0.010409,-0.008635
26.04450,-0.041692,0.013682,-0.002586
26.05490,-0.043015,0.014873,-0.015990
26.06340,-0.032877,0.020895,-0.005091
26.07670,-0.031667,0.025202,-0.002884
26.08780,-0.034299,0.020049,-0.016444
26.09600,-0.025302,0.029395,-0.021037
26.10450,-0.022967,0.024996,-0.022311
26.11270,-0.018054,0.028623,-0.025001
26.12910,-0.018665,0.024934,-0.011905
26.13730,-0.016043,0.030691,-0.022439
26.14350,-0.015458,0.025863,-0.022119
26.15380,-0.011714,0.025782,-0.022052
26.17000,-0.005343,0.026167,-0.024905
26.17770,-0.000103,0.027746,0.249459
26.18660,0.003560,0.033084,0.260178
26.19470,0.009984,0.027819,0.018937
26.20320,0.007887,0.025994,-0.186374
26.21990,0.020606,0.023574,-0.028806
26.22790,0.019574,0.029739,0.056394
26.23590,0.028325,0.030486,0.041921
26.24380,0.024507,0.023886,-0.035069
26.25250,0.031321,0.019863,-0.081701
26.26880,0.037194,0.019781,-0.032179
26.27690,0.039714,0.022495,-0.030341
26.28500,0.039682,0.023841,-0.030224
26.29350,0.037885,0.013611,-0.022498
26.31110,0.048555,0.010131,-0.040652
26.31820,0.043117,0.015154,-0.034131
26.32610,0.045771,0.011245,-0.042709
26.33430,0.050445,0.004972,-0.028679
26.34290,0.053569,0.007060,-0.029766
26.35940,0.046133,-0.001769,-0.045437
26.36770,0.046607,0.000570,-0.032616
26.37700,0.051463,-0.005621,-0.045219
26.38380,0.049752,-0.001122,-0.036856
26.40040,0.047866,-0.009116,-0.034009
26.41140,0.049511,-0.004810,-0.046009
26.41640,0.049987,-0.010624,-0.044120
26.42470,0.044084,-0.014635,-0.034341
26.43350,0.041189,-0.017016,0.098250
26.44580,0.041668,-0.015885,0.093866
26.45700,0.039728,-0.020716,-0.061841
26.46560,0.036937,-0.018121,-0.126761
26.47730,0.030340,-0.018729,-0.091036
26.48220,0.036927,-0.018116,-0.056559
26.49900,0.031227,-0.022708,-0.025336
26.51130,0.019761,-0.026966,-0.040456
26.51520,0.026378,-0.028099,-0.064466
26.52350,0.018792,-0.023656,-0.061393
26.54460,0.007273,-0.026394,-0.049645
26.55580,0.008293,-0.024780,-0.048316
26.56520,-0.000628,-0.029818,-0.055866
26.57620,0.002939,-0.026815,-0.049508
26.58970,-0.007926,-0.027417,-0.053155
26.59790,-0.007124,-0.027672,-0.052972
26.60620,-0.014316,-0.033907,-0.057780
26.61460,-0.019586,-0.024556,-0.055197
26.62300,-0.023595,-0.029949,-0.065378
26.63980,-0.029031,-0.021939,-0.066378
26.64350,-0.022480,-0.025889,-0.067274
26.65630,-0.029523,-0.024361,-0.058201
26.66410,-0.033440,-0.024734,-0.050955
26.67280,-0.030759,-0.025651,-0.063590
26.68880,-0.037334,-0.014759,-0.053885
26.69660,-0.036797,-0.013264,-0.059086
26.70500,-0.039326,-0.012422,-0.067469
26.71310,-0.043993,-0.017822,-0.060513
26.73000,-0.043861,-0.012523,-0.063636
26.73840,-0.045908,-0.007665,-0.065192
26.74320,-0.046310,-0.006430,-0.059187
26.75440,-0.045094,-0.000679,-0.071780
26.76290,-0.051853,-0.004265,-0.060719
26.77700,-0.048424,-0.001513,-0.064318
26.78700,-0.054217,0.004050,-0.074867
26.79540,-0.049601,0.006310,-0.062764
26.80340,-0.043596,0.008344,-0.066366
26.82030,-0.048046,0.007733,-0.073912
26.82870,-0.045968,0.012334,-0.071488
26.83680,-0.042871,0.016560,-0.061882
26.84310,-0.040233,0.020095,-0.078252
26.85360,-0.036085,0.013866,-0.074590
26.87000,-0.036892,0.023434,-0.063177
26.87640,-0.037167,0.017906,-0.063144
26.88650,-0.035933,0.021312,-0.063319
26.89520,-0.023900,0.029080,-0.075882
26.90340,-0.021548,0.027930,-0.068425
26.91940,-0.015678,0.026553,-0.079473
26.92780,-0.021632,0.033079,-0.073920
26.93580,-0.017088,0.025328,-0.081171
26.94430,-0.015573,0.033046,-0.079146
26.95980,-0.006857,0.028319,-0.084179
26.96820,-0.005243,0.025805,-0.083646
26.97780,-0.000705,0.026105,0.193559
26.98420,0.001518,0.030724,0.243120
26.99230,0.006076,0.031412,0.042634
27.01130,0.014496,0.024583,-0.208196
27.01770,0.015251,0.024966,-0.114462
27.02440,0.018227,0.025343,-0.025913
27.03330,0.023164,0.031084,0.003385
27.04530,0.023038,0.027545,-0.082022
27.05720,0.031951,0.027320,-0.110445
27.06630,0.030324,0.023240,-0.092274
27.07770,0.040157,0.024643,-0.082561
27.08360,0.035867,0.018022,-0.073516
27.10010,0.042248,0.019224,-0.080253
27.11080,0.039632,0.012409,-0.086017
27.11630,0.046081,0.016499,-0.076199
27.12440,0.048508,0.009275,-0.074449
27.13290,0.047823,0.005433,-0.075616
27.14400,0.051661,0.005352,-0.085125
27.15720,0.049612,0.003418,-0.074899
27.16540,0.052890,0.000690,-0.083099
27.17710,0.052212,0.000882,-0.078019
27.18980,0.052372,-0.003122,-0.083117
27.19840,0.044003,-0.001385,-0.080814
27.20650,0.047228,-0.012126,-0.079338
27.21460,0.051916,-0.005014,-0.080927
27.23090,0.046289,-0.009019,0.005632
27.23980,0.040847,-0.018945,0.108202
27.24370,0.038841,-0.014078,0.077934
27.25560,0.040076,-0.017531,-0.071542
27.26370,0.039340,-0.016902,-0.142588
27.27770,0.031302,-0.019019,-0.121880
27.28830,0.034754,-0.025274,-0.054904
27.29620,0.030059,-0.021052,-0.057716
27.30450,0.023429,-0.028424,-0.068346
27.31280,0.023543,-0.026319,-0.080705
27.32970,0.019088,-0.032480,-0.085294
27.33790,0.009918,-0.027977,-0.077224
27.34420,0.007257,-0.024761,-0.071168
27.35500,0.005549,-0.034459,-0.083317
27.36340,0.008120,-0.027052,-0.076428
27.37630,-0.001431,-0.025064,-0.071600
27.38960,-0.005918,-0.024842,-0.078571
27.39740,-0.010225,-0.030562,-0.088742
27.40550,-0.015367,-0.025276,-0.082727
27.41400,-0.011376,-0.025078,-0.085758
27.42230,-0.023449,-0.025669,-0.080897
27.43870,-0.023509,-0.020986,-0.082825
27.44490,-0.023510,-0.022449,-0.082630
27.45500,-0.026279,-0.025104,-0.086369
27.46350,-0.030904,-0.024767,-0.087495
27.47590,-0.032517,-0.019168,-0.076315
27.48860,-0.043957,-0.022351,-0.075991
27.49660,-0.043242,-0.014914,-0.081961
27.50500,-0.040100,-0.012760,-0.078461
27.51320,-0.044868,-0.012381,-0.083678
27.52950,-0.043010,-0.012862,-0.079417
27.53800,-0.048658,-0.008985,-0.071479
27.54410,-0.044872,-0.002119,-0.080494
27.55360,-0.048166,0.000515,-0.080196
27.57020,-0.053308,0.002332,-0.083291
27.57710,-0.051084,0.004124,-0.080136
27.58680,-0.050856,-0.001401,-0.068693
27.59520,-0.049108,0.010354,-0.081804
27.60360,-0.044080,0.006936,-0.077876
27.62000,-0.047028,0.007681,-0.076403
27.62800,-0.043314,0.017000,-0.068957
27.63650,-0.045479,0.019506,-0.078869
27.64410,-0.044715,0.017558,-0.075997
27.65360,-0.037256,0.018903,-0.061785
27.66980,-0.040202,0.024306,-0.073785
27.67660,-0.036548,0.017866,-0.069636
27.68540,-0.027816,0.022196,-0.062725
27.69460,-0.031922,0.020203,-0.068881
27.70280,-0.021165,0.021113,-0.064557
27.71950,-0.019344,0.023562,-0.076440
27.72800,-0.019882,0.027888,-0.065777
27.73620,-0.011499,0.029987,-0.070366
27.74340,-0.011974,0.029851,-0.061952
27.75340,-0.009483,0.031139,-0.057814
27.76980,-0.003842,0.031434,-0.070646
27.77760,0.001511,0.025966,0.190517
27.78650,0.008158,0.027008,0.226029
27.79410,0.009679,0.028278,-0.003785
27.80240,0.010761,0.032880,-0.203596
27.81210,0.013224,0.033305,-0.187140
27.82440,0.021946,0.030292,-0.009612
27.83550,0.019125,0.022402,0.011562
27.84260,0.021985,0.029237,-0.060356
27.85890,0.032426,0.026035,-0.096946
27.86640,0.031814,0.026323,-0.059992
27.87550,0.037502,0.022400,-0.057051
27.88480,0.035469,0.014514,-0.065079
27.89310,0.036994,0.017149,-0.055474
27.90970,0.047218,0.010250,-0.052524
27.91340,0.042342,0.011856,-0.050107
27.92580,0.045679,0.013157,-0.046687
27.93390,0.045150,0.009147,-0.061798
27.94300,0.052636,0.011652,-0.049563
27.95800,0.049210,0.007400,-0.050415
27.96650,0.049086,0.002719,-0.046568
27.97650,0.049762,0.001786,-0.047655
27.99040,0.050545,-0.005745,-0.047517
27.99850,0.053553,-0.004307,-0.050803
28.00980,0.052788,-0.009682,-0.058812
28.01520,0.044963,-0.014495,-0.054182
28.02290,0.045501,-0.011206,-0.046901
28.04350,0.037731,-0.016615,0.114659
28.05620,0.036715,-0.018807,-0.044224
28.06430,0.033649,-0.015289,-0.124066
28.07240,0.030421,-0.019183,-0.099392
28.08930,0.026071,-0.027309,-0.017584
28.09720,0.032223,-0.023472,-0.021607
28.10540,0.023102,-0.026846,-0.032487
28.11330,0.021636,-0.025612,-0.043664
28.12980,0.013403,-0.023889,-0.051731
28.13810,0.017563,-0.029466,-0.033782
28.14290,0.013253,-0.026132,-0.046595
28.15370,0.007170,-0.033244,-0.044004
28.17040,0.004541,-0.029233,-0.042463
28.17590,-0.000125,-0.034755,-0.033662
28.18330,-0.005547,-0.028736,-0.026161
28.19470,-0.005421,-0.030312,-0.031432
28.20280,-0.015222,-0.028852,-0.038055
28.21980,-0.017736,-0.023640,-0.041219
28.22740,-0.020103,-0.027195,-0.023027
28.23540,-0.019985,-0.023162,-0.032538
28.24340,-0.026133,-0.020782,-0.029456
28.25840,-0.028140,-0.018801,-0.025396
28.26670,-0.034749,-0.020012,-0.037035
28.27640,-0.035980,-0.016242,-0.034093
28.28260,-0.034766,-0.015504,-0.034686
28.29770,-0.038554,-0.013642,-0.028496
28.30610,-0.043572,-0.014948,-0.032804
28.31450,-0.047848,-0.017302,-0.029201
28.32280,-0.048577,-0.006335,-0.016789
28.33900,-0.051171,-0.002861,-0.017548
28.34280,-0.048982,-0.007061,-0.020213
28.35500,-0.044679,-0.006850,-0.018302
28.36320,-0.045874,0.001726,-0.011567
28.37610,-0.045644,-0.002542,-0.016497
28.38780,-0.046818,0.007583,-0.018347
28.39600,-0.046355,0.003621,-0.018752
28.40410,-0.046510,0.006762,-0.022091
28.42090,-0.049876,0.009930,-0.023351
28.42880,-0.040217,0.009530,-0.012779
28.43690,-0.040853,0.010773,-0.002775
28.44270,-0.043272,0.017391,-0.010952
28.45310,-0.044867,0.015631,-0.015794
28.46380,-0.040219,0.024653,-0.008449
28.47840,-0.037038,0.019184,-0.011972
28.48670,-0.029104,0.022406,-0.002927
28.49490,-0.028580,0.021442,0.000471
28.50290,-0.026786,0.025228,-0.003886
28.51970,-0.019547,0.022931,-0.004669
28.52790,-0.020501,0.023874,0.001149
28.53580,-0.018697,0.028194,-0.007038
28.54430,-0.007383,0.029743,-0.008985
28.55300,-0.011799,0.032567,0.005078
28.56910,-0.000123,0.031332,-0.005770
28.57720,0.002836,0.032775,0.257760
28.58500,0.001664,0.026229,0.317986
28.59330,0.008772,0.028253,0.076067
28.61080,0.017027,0.032279,-0.135243
28.61650,0.013468,0.024617,-0.053350
28.62560,0.015841,0.028404,0.077634
28.63380,0.022923,0.022951,0.083985
28.64480,0.030898,0.024566,-0.006075
28.65790,0.034550,0.021026,-0.041959
28.66690,0.029476,0.021072,-0.000744
28.67300,0.033184,0.020093,0.002250
28.68360,0.039711,0.016344,0.006631
28.69340,0.041150,0.012373,0.019769
28.71110,0.045268,0.013158,0.022673
28.71470,0.041283,0.015594,0.014104
28.72290,0.045609,0.006330,0.013478
28.73850,0.052788,0.008650,0.012490
28.74280,0.048995,0.006312,0.016353
28.75530,0.048367,0.003380,0.015635
28.76370,0.050930,0.006849,0.014900
28.77650,0.052553,-0.002687,0.012320
28.78870,0.048275,-0.008129,0.026811
28.79710,0.049384,-0.007327,0.012121
28.80510,0.043983,-0.012426,0.030478
28.81330,0.046665,-0.008528,0.022340
28.82980,0.043973,-0.017097,0.085670
28.83790,0.040734,-0.016629,0.202473
28.84220,0.041639,-0.015599,0.195128
28.85440,0.037342,-0.022043,0.037983
28.86260,0.039795,-0.020101,-0.035495
28.87650,0.032260,-0.018350,-0.009382
28.88630,0.032479,-0.025220,0.046517
28.89470,0.023806,-0.020754,0.066575
28.90290,0.026435,-0.029457,0.056069
28.91890,0.015821,-0.024647,0.013756
28.92670,0.016194,-0.029135,0.013473
28.93490,0.012846,-0.025851,0.028414
28.94380,0.008462,-0.024298,0.030076
28.95980,0.001658,-0.025243,0.037335
28.96730,0.003847,-0.027602,0.038883
28.97790,-0.004612,-0.026059,0.040758
28.98320,-0.006526,-0.033418,0.041762
28.99290,-0.007639,-0.025976,0.045840
29.01120,-0.011982,-0.030731,0.042500
29.01690,-0.018004,-0.026046,0.049018
29.02630,-0.021416,-0.023326,0.051711
29.03450,-0.024828,-0.028506,0.043345
29.04430,-0.022732,-0.023896,0.033827
29.05930,-0.027183,-0.027323,0.053818
29.06740,-0.031085,-0.022011,0.042602
29.07710,-0.039579,-0.018246,0.055913
29.08280,-0.038907,-0.020037,0.050668
29.09280,-0.041137,-0.014203,0.055418
29.11130,-0.040140,-0.012973,0.044001
29.11280,-0.047334,-0.010403,0.046919
29.12710,-0.043679,-0.006643,0.046100
29.13540,-0.046067,-0.004912,0.043574
29.14360,-0.050593,-0.007306,0.060104
29.15320,-0.045290,-0.008843,0.057828
29.16730,-0.053710,0.002047,0.054338
29.17610,-0.048601,0.000019,0.062677
29.18200,-0.048146,-0.000422,0.062590
29.19230,-0.046713,0.007776,0.064124
29.20880,-0.048355,0.004058,0.056817
29.21690,-0.049108,0.010827,0.062906
29.22520,-0.048697,0.012381,0.061501
29.23350,-0.045054,0.014308,0.050050
29.24300,-0.040912,0.011598,0.048237
29.25860,-0.042692,0.021758,0.062273
29.26660,-0.033423,0.024778,0.051730
29.27670,-0.034665,0.021612,0.055465
29.28210,-0.029339,0.021297,0.062897
29.29740,-0.029378,0.024676,0.069930
29.30620,-0.022215,0.024221,0.055403
29.31310,-0.021657,0.030798,0.069933
29.32960,-0.019281,0.029842,0.060243
29.33910,-0.011951,0.026099,0.057816
29.34360,-0.010914,0.027809,0.064536
29.35540,-0.004229,0.031355,0.067570
29.36270,0.001074,0.032748,0.068101
29.37610,-0.002711,0.029062,0.281838
29.38310,0.006129,0.032496,0.391220
29.39570,0.005043,0.026562,0.071255
29.40370,0.015729,0.032980,-0.084429
29.41340,0.018845,0.031199,-0.028870
29.42810,0.018556,0.024157,0.157534
29.43640,0.019659,0.024022,0.137627
29.44390,0.024656,0.024325,0.066418
29.45280,0.027538,0.023456,0.024763
29.46910,0.036442,0.025224,0.066725
29.47950,0.040055,0.024449,0.064611
29.48590,0.041610,0.020981,0.078678
29.49410,0.038184,0.013267,0.080439
29.50220,0.043349,0.014273,0.079569
29.51850,0.044475,0.015384,0.073749
29.52540,0.046874,0.010394,0.074785
29.53370,0.051107,0.008039,0.079631
29.54410,0.050128,0.009373,0.079399
29.55780,0.045049,0.005811,0.070742
29.56610,0.048701,0.004424,0.083124
29.57690,0.054216,-0.006037,0.077045
29.58230,0.052794,-0.000127,0.077725
29.59890,0.052738,-0.002903,0.071444
29.60670,0.051973,-0.003806,0.082171
29.61550,0.045097,-0.009071,0.077922
29.62370,0.048718,-0.013124,0.069323
29.64420,0.041876,-0.016298,0.232573
29.65690,0.039654,-0.022284,0.058404
29.66430,0.042029,-0.017100,0.008871
29.67800,0.033710,-0.017411,0.046764
29.68270,0.031990,-0.026912,0.062097
29.69980,0.030030,-0.027228,0.108081
29.71110,0.018124,-0.023636,0.088984
29.71580,0.023299,-0.029639,0.079975
29.72330,0.018182,-0.023935,0.071622
29.73950,0.012745,-0.026742,0.083463
29.74260,0.009854,-0.029237,0.085998
29.75510,0.009314,-0.030534,0.072244
29.76360,0.000706,-0.025195,0.083242
29.77530,0.002366,-0.031072,0.082280
29.78760,-0.010779,-0.031875,0.085151
29.79690,-0.007251,-0.028075,0.084282
29.80540,-0.011904,-0.026317,0.071766
29.81340,-0.020557,-0.031855,0.076587
29.82990,-0.025397,-0.025327,0.083409
29.83820,-0.025768,-0.028377,0.089159
29.84290,-0.027357,-0.026316,0.077500
29.85450,-0.028008,-0.025853,0.077832
29.86260,-0.032222,-0.017726,0.087149
29.87590,-0.038616,-0.024239,0.075048
29.88750,-0.040166,-0.020737,0.074009
29.89560,-0.039407,-0.013400,0.087908
29.90320,-0.038314,-0.020198,0.084459
29.91900,-0.050417,-0.016832,0.086269
29.92750,-0.045887,-0.009187,0.074021
29.93550,-0.042990,-0.006757,0.078666
29.94310,-0.052150,-0.008451,0.069756
29.95200,-0.051578,-0.007656,0.072978
29.96870,-0.045968,0.000044,0.077235
29.97760,-0.049463,-0.001641,0.088743
29.98460,-0.048707,0.001071,0.083158
30.00150,-0.052820,0.004537,0.087339
