timestamp,x,y,z
0.02510,0.049410,-0.015765,9.778360
0.03960,0.041651,-0.014753,9.977815
0.04410,0.037642,-0.012804,9.934122
0.05610,0.036451,-0.015891,9.778696
0.06480,0.032362,-0.019754,9.704516
0.07300,0.039484,-0.020370,9.714172
0.08950,0.034901,-0.020133,9.803061
0.09760,0.022618,-0.021116,9.813736
0.10590,0.022739,-0.027646,9.788992
0.11230,0.025123,-0.026822,9.775489
0.12250,0.022068,-0.027969,9.761757
0.13900,0.015785,-0.032002,9.778406
0.14290,0.007577,-0.029212,9.768010
0.15550,0.002243,-0.026535,9.780231
0.16360,0.001580,-0.033327,9.781489
0.17650,-0.003001,-0.033152,9.774611
0.18780,-0.010449,-0.034598,9.778362
0.19610,-0.004489,-0.029592,9.770453
0.20460,-0.011261,-0.024504,9.776671
0.21220,-0.016190,-0.032135,9.768660
0.22800,-0.020286,-0.031849,9.776260
0.23630,-0.028518,-0.023581,9.776158
0.24290,-0.027035,-0.022159,9.774208
0.25320,-0.026499,-0.028860,9.757636
0.27230,-0.039013,-0.022162,9.755666
0.28540,-0.042339,-0.019163,9.762789
0.29550,-0.040425,-0.012999,9.757420
0.30400,-0.040857,-0.011437,9.762593
0.31210,-0.044419,-0.016272,9.754935
0.32830,-0.043478,-0.007585,9.762464
0.33640,-0.052462,-0.005586,9.752831
0.34290,-0.044462,-0.005241,9.757194
0.35340,-0.047379,-0.008348,9.766910
0.36930,-0.054381,0.002502,9.751554
0.37630,-0.045664,0.005832,9.760267
0.38620,-0.049165,0.006613,9.756192
0.39380,-0.049137,0.006084,9.745432
0.40940,-0.045993,0.004740,9.759794
0.41890,-0.048992,0.011092,9.745569
0.42690,-0.046919,0.014325,9.749424
0.43510,-0.039949,0.013158,9.750180
0.44270,-0.042582,0.012349,9.753500
0.45980,-0.037908,0.021713,9.747649
0.46790,-0.032861,0.022845,9.754944
0.47640,-0.036492,0.018569,9.749515
0.48410,-0.034598,0.024786,9.746367
0.49230,-0.024705,0.028002,9.740381
0.50960,-0.020995,0.025926,9.746978
0.51730,-0.023179,0.029956,9.752113
0.52550,-0.015278,0.030603,9.749402
0.53310,-0.009979,0.029209,9.752135
0.54320,-0.006304,0.024715,9.743392
0.55720,-0.006436,0.032494,9.753804
0.56540,-0.000583,0.033664,9.737429
0.57660,0.005864,0.030136,9.985193
0.58240,0.000454,0.028622,10.074845
0.59870,0.008072,0.032426,9.669059
0.60720,0.013838,0.027965,9.569280
0.61540,0.014448,0.032070,9.676720
0.62380,0.019392,0.029508,9.794399
0.63230,0.020264,0.027250,9.835009
0.64290,0.022157,0.026757,9.756910
0.65560,0.029355,0.021696,9.687763
0.66390,0.030924,0.021918,9.712491
0.67210,0.031470,0.023424,9.732791
0.68840,0.043770,0.022987,9.744519
0.69660,0.041258,0.019693,9.733557
0.70480,0.043106,0.012346,9.738561
0.71210,0.047654,0.011016,9.735969
0.72990,0.050552,0.007134,9.734073
0.73760,0.046976,0.007516,9.738228
0.74300,0.048804,0.003645,9.727271
0.75290,0.047160,-0.000288,9.729482
0.77030,0.051645,-0.001171,9.736806
0.77620,0.048171,-0.005552,9.743516
0.78580,0.050905,-0.005577,9.731164
0.79260,0.049194,-0.003013,9.742384
0.80290,0.051110,-0.009771,9.743136
0.81240,0.046086,-0.005996,9.743479
0.82710,0.044845,-0.011689,9.743380
0.83410,0.042021,-0.009216,9.880161
0.84270,0.041667,-0.016120,9.905112
0.85770,0.035972,-0.013725,9.721130
0.86290,0.037787,-0.020999,9.673611
0.87620,0.031883,-0.021280,9.685796
0.88320,0.029082,-0.020967,9.728440
0.90000,0.022464,-0.020770,9.761955
0.90970,0.025504,-0.030723,9.728462
0.91320,0.022507,-0.023229,9.728589
0.92490,0.014141,-0.032540,9.727380
0.93310,0.018230,-0.023910,9.723157
0.94310,0.015115,-0.033306,9.737216
0.95780,0.008071,-0.024939,9.733327
0.96560,0.000956,-0.025117,9.740077
0.97310,-0.003869,-0.026721,9.726736
0.98980,-0.002841,-0.029097,9.724518
0.99810,-0.014620,-0.027326,9.729719
1.00640,-0.008798,-0.028085,9.739355
1.01190,-0.012641,-0.030131,9.734834
1.02250,-0.017640,-0.030008,9.734808
1.03920,-0.021551,-0.026205,9.739341
1.04400,-0.029399,-0.025438,9.721711
1.05500,-0.034690,-0.021649,9.738872
1.06310,-0.031314,-0.021238,9.725057
1.07670,-0.033584,-0.017101,9.724330
1.08800,-0.035401,-0.018771,9.726979
1.09590,-0.040401,-0.017263,9.736661
1.10320,-0.044491,-0.015996,9.739951
1.11320,-0.049011,-0.010972,9.729044
1.12850,-0.045696,-0.011035,9.732398
1.13690,-0.048438,-0.005590,9.726313
1.14540,-0.052547,-0.005048,9.723503
1.15390,-0.050537,-0.002610,9.730926
1.16960,-0.053479,0.003604,9.727667
1.17760,-0.046037,0.006315,9.737228
1.18570,-0.051079,0.004869,9.733909
1.19380,-0.048866,0.008586,9.734877
1.20250,-0.045390,0.005117,9.733322
1.21810,-0.049367,0.013765,9.724046
1.22620,-0.045913,0.011710,9.724158
1.23380,-0.048548,0.017568,9.725088
1.24220,-0.038888,0.016887,9.721571
1.25890,-0.035077,0.020285,9.726790
1.26720,-0.036586,0.016354,9.727965
1.27510,-0.035026,0.019631,9.733821
1.28360,-0.028597,0.022078,9.723745
1.29240,-0.028422,0.027820,9.732107
1.30800,-0.020611,0.026482,9.743048
1.31760,-0.024586,0.022495,9.741235
1.32590,-0.021210,0.023212,9.731929
1.33400,-0.010211,0.031678,9.737477
1.34210,-0.014124,0.028683,9.729792
1.35780,-0.009310,0.031003,9.728204
1.36620,-0.006874,0.027616,9.725972
1.37470,0.003521,0.033908,9.886746
1.38310,0.004916,0.030440,10.065226
1.39920,0.014220,0.033167,9.649758
1.40760,0.018617,0.033240,9.561671
1.41670,0.012687,0.023826,9.685077
1.42350,0.015077,0.032095,9.796774
1.43970,0.023734,0.021341,9.764897
1.44740,0.032676,0.026243,9.711771
1.45550,0.032941,0.026250,9.696762
1.46300,0.029876,0.021814,9.708598
1.47600,0.039245,0.025246,9.748423
1.48350,0.040875,0.017972,9.733277
1.49380,0.036791,0.015658,9.735478
1.50780,0.039743,0.012116,9.748144
1.51850,0.041221,0.007380,9.739344
1.52700,0.049480,0.011065,9.746054
1.53390,0.046478,0.011370,9.740270
1.54430,0.053472,0.001855,9.747449
1.55210,0.045281,0.001949,9.741594
1.56860,0.050062,-0.003830,9.739712
1.57460,0.048562,-0.003660,9.749734
1.58500,0.049376,-0.003341,9.752596
1.59200,0.054285,-0.009336,9.742548
1.61070,0.050003,-0.012889,9.755125
1.61740,0.047116,-0.014837,9.745964
1.62560,0.042188,-0.009607,9.737946
1.63410,0.046382,-0.014644,9.894026
1.64410,0.041548,-0.012231,9.902655
1.65910,0.042650,-0.022475,9.716097
1.66750,0.038462,-0.017552,9.672059
1.67720,0.030655,-0.024247,9.720696
1.68410,0.036234,-0.025696,9.744176
1.69210,0.029169,-0.021016,9.770523
1.71140,0.026797,-0.023295,9.758652
1.71620,0.023642,-0.024650,9.741107
1.72440,0.019478,-0.031994,9.750621
1.73300,0.011661,-0.027496,9.747816
1.74400,0.012307,-0.032174,9.755221
1.75800,0.003397,-0.033842,9.759007
1.76630,-0.002551,-0.028888,9.747160
1.77740,-0.003610,-0.032343,9.762777
1.78250,-0.007538,-0.034446,9.763662
1.79940,-0.013635,-0.026114,9.764126
1.80750,-0.018454,-0.032383,9.752033
1.81600,-0.019882,-0.028857,9.757482
1.82390,-0.022434,-0.027370,9.767669
1.83210,-0.021584,-0.028191,9.761026
1.84470,-0.028709,-0.024102,9.751800
1.85710,-0.029062,-0.021889,9.755828
1.86550,-0.037465,-0.023480,9.768395
1.87380,-0.033137,-0.019901,9.772762
1.88210,-0.042060,-0.019977,9.770579
1.89890,-0.044217,-0.012064,9.756909
1.90710,-0.048645,-0.010578,9.765110
1.91430,-0.049514,-0.013650,9.770340
1.92380,-0.042770,-0.010336,9.772995
1.93990,-0.045214,-0.005187,9.776666
1.94330,-0.047687,-0.010467,9.774664
1.95730,-0.053969,-0.002248,9.779560
1.96520,-0.046961,-0.002610,9.762955
1.97370,-0.047258,0.003425,9.777920
1.98960,-0.051077,0.001763,9.765841
1.99750,-0.048109,0.010371,9.781970
2.00620,-0.046651,0.008468,9.772413
2.01440,-0.047011,0.008773,9.783511
2.03100,-0.040673,0.011417,9.773282
2.03270,-0.043398,0.018634,9.785383
2.04680,-0.042183,0.012250,9.782036
2.05580,-0.043875,0.016439,9.771794
2.06400,-0.042159,0.018995,9.770833
2.07240,-0.032034,0.016397,9.781375
2.08870,-0.031993,0.021049,9.789589
2.09710,-0.023984,0.029570,9.774675
2.10560,-0.027157,0.028560,9.784464
2.11380,-0.017480,0.029575,9.777333
2.12210,-0.022436,0.023060,9.785560
2.13890,-0.014676,0.025822,9.787286
2.14450,-0.008414,0.032516,9.791649
2.15560,-0.003951,0.030093,9.782257
2.16380,-0.005351,0.034066,9.797264
2.17760,0.003058,0.031593,10.055626
2.18860,0.008243,0.032085,10.029185
2.19630,0.006669,0.027676,9.787386
2.20430,0.012500,0.028655,9.623156
2.21260,0.010967,0.025303,9.667599
2.22820,0.019126,0.031386,9.885465
2.23660,0.024692,0.023757,9.851251
2.24450,0.023036,0.024878,9.788458
2.25250,0.033687,0.024412,9.745932
2.26910,0.034930,0.025604,9.790859
2.27730,0.037242,0.019627,9.807594
2.28540,0.038362,0.019432,9.801867
2.29340,0.043703,0.018854,9.798576
2.31150,0.040901,0.018630,9.807156
2.32650,0.048436,0.013111,9.804753
2.33500,0.044925,0.012117,9.803969
2.34490,0.051645,0.010554,9.806954
2.35900,0.050038,0.006676,9.808511
2.36690,0.050335,-0.001989,9.817267
2.37780,0.050593,0.000366,9.802061
2.38340,0.048029,0.000565,9.804905
2.40010,0.044345,-0.003359,9.808069
2.41110,0.046329,-0.007205,9.803630
2.41540,0.051352,-0.006754,9.809075
2.42480,0.042956,-0.011257,9.813384
2.43290,0.043307,-0.018409,9.946175
2.44630,0.039792,-0.018616,9.945169
2.45750,0.036486,-0.017295,9.790830
2.46590,0.033322,-0.019299,9.735894
2.47420,0.030914,-0.025621,9.755494
2.48970,0.027642,-0.022388,9.834890
2.49820,0.031189,-0.026541,9.854086
2.50640,0.029108,-0.024653,9.837488
2.51490,0.018323,-0.031502,9.815209
2.52290,0.020148,-0.030005,9.820398
2.53930,0.009344,-0.024766,9.831627
2.54340,0.011858,-0.030645,9.831818
2.55540,0.010505,-0.031020,9.828764
2.56370,0.001967,-0.033557,9.833178
2.57860,-0.001596,-0.032136,9.825707
2.58900,-0.008830,-0.025126,9.821306
2.59690,-0.013120,-0.032626,9.831408
2.60510,-0.011138,-0.027246,9.832675
2.61210,-0.020103,-0.026222,9.824216
2.62880,-0.022641,-0.025752,9.837965
2.63400,-0.024236,-0.024087,9.837270
2.64460,-0.022437,-0.026791,9.838507
2.65420,-0.034249,-0.022267,9.834112
2.66280,-0.029132,-0.017895,9.834686
2.67820,-0.034780,-0.022993,9.843402
2.68770,-0.039525,-0.014381,9.845946
2.69590,-0.039610,-0.018225,9.836516
2.70420,-0.041068,-0.013384,9.848738
2.71210,-0.047725,-0.012858,9.834751
2.72830,-0.044524,-0.011946,9.840199
2.73630,-0.050086,-0.011593,9.834225
2.74560,-0.050944,-0.003432,9.850977
2.75260,-0.051920,-0.007808,9.851859
2.76880,-0.047817,0.001738,9.848854
2.77870,-0.053917,0.001484,9.856130
2.78490,-0.054324,-0.000198,9.850813
2.79310,-0.046564,0.003067,9.853648
2.81110,-0.044366,0.007718,9.840875
2.81700,-0.047046,0.013903,9.846028
2.82570,-0.045396,0.012131,9.859423
2.83380,-0.042184,0.014073,9.858923
2.84370,-0.045753,0.014468,9.843958
2.85850,-0.037833,0.019709,9.854827
2.86670,-0.039103,0.018845,9.853465
2.87750,-0.034215,0.023512,9.848440
2.88340,-0.032666,0.020843,9.849945
2.90000,-0.028250,0.027791,9.860446
2.91080,-0.018818,0.023365,9.860439
2.91660,-0.017872,0.028599,9.855586
2.92450,-0.020207,0.026384,9.864389
2.93280,-0.016753,0.031793,9.849283
2.94470,-0.012045,0.032239,9.857765
2.95710,-0.003986,0.034691,9.851656
2.96450,-0.007048,0.028862,9.859270
2.97270,-0.003148,0.030624,9.919284
2.98860,0.008505,0.030775,10.088074
2.99720,0.014038,0.032406,9.813113
3.00390,0.008086,0.028416,9.692840
3.01240,0.012149,0.025906,9.752281
3.02850,0.018247,0.028163,9.942707
3.03600,0.021565,0.027117,9.939644
3.04560,0.031089,0.026644,9.854261
3.05210,0.031278,0.025947,9.813682
3.06870,0.035108,0.023947,9.858569
3.07710,0.039646,0.023704,9.872861
3.08510,0.039815,0.015193,9.866660
3.09350,0.043786,0.022249,9.871931
3.10990,0.042976,0.013048,9.873451
3.11850,0.046338,0.014745,9.868154
3.12660,0.047749,0.010572,9.876795
3.13420,0.048689,0.006203,9.863228
3.14360,0.044970,0.003566,9.874553
3.15850,0.051102,0.001431,9.875289
3.16700,0.047769,0.003927,9.867313
3.17710,0.052392,0.002306,9.879283
3.18350,0.051727,-0.000637,9.870341
3.20030,0.048582,-0.001961,9.882189
3.21010,0.046701,-0.010733,9.884905
3.21690,0.051703,-0.009475,9.874559
3.22510,0.045892,-0.008767,9.868801
3.23450,0.040465,-0.015309,10.027145
3.24350,0.039423,-0.013745,10.039229
3.25920,0.035649,-0.020144,9.843880
3.26790,0.040485,-0.021295,9.797155
3.27770,0.031860,-0.022684,9.839061
3.28370,0.027453,-0.026868,9.872853
3.29950,0.029649,-0.026314,9.914152
3.31030,0.018901,-0.030491,9.884490
3.31490,0.022206,-0.026136,9.874065
3.32430,0.022491,-0.032761,9.876348
3.33280,0.014450,-0.032987,9.878469
3.34390,0.012797,-0.027744,9.884287
3.35710,0.002994,-0.026007,9.879094
3.36530,0.006875,-0.032035,9.886452
3.37350,0.002624,-0.030528,9.886686
3.38900,-0.005853,-0.025186,9.884068
3.39720,-0.005046,-0.027159,9.884783
3.40490,-0.013933,-0.030153,9.880775
3.41290,-0.019763,-0.029623,9.884254
3.42840,-0.023026,-0.026982,9.877012
3.43670,-0.020502,-0.028676,9.886012
3.44380,-0.029989,-0.022956,9.884051
3.45900,-0.029675,-0.027158,9.885188
3.46270,-0.029373,-0.018835,9.880374
3.47820,-0.035827,-0.018834,9.889223
3.48460,-0.041040,-0.023072,9.882402
3.49300,-0.045321,-0.017040,9.882224
3.50210,-0.038569,-0.014570,9.896544
3.51370,-0.040866,-0.015656,9.892651
3.52510,-0.048219,-0.013253,9.891513
3.53330,-0.045298,-0.010652,9.894588
3.54370,-0.053638,-0.003915,9.883180
3.55670,-0.049054,0.000029,9.889644
3.56660,-0.049867,-0.005806,9.884452
3.57690,-0.050762,0.003789,9.893649
3.58350,-0.047726,0.003505,9.892866
3.60010,-0.047370,0.005134,9.880149
3.61030,-0.048412,0.011386,9.887151
3.61650,-0.049765,0.009345,9.884463
3.62490,-0.048014,0.012975,9.884405
3.63240,-0.039522,0.014195,9.885158
3.64280,-0.046152,0.012915,9.893780
3.65800,-0.039544,0.021714,9.883384
3.66620,-0.038925,0.023576,9.892036
3.67670,-0.036366,0.019399,9.886362
3.68280,-0.029021,0.022241,9.886110
3.69830,-0.030306,0.024770,9.895332
3.70950,-0.020636,0.027834,9.895037
3.71660,-0.017431,0.028319,9.895545
3.72490,-0.020452,0.027253,9.879989
3.73300,-0.017821,0.026508,9.896948
3.74260,-0.013780,0.026035,9.887098
3.75780,-0.003675,0.028279,9.892981
3.76620,-0.000371,0.025228,9.890438
3.77610,0.005540,0.026494,10.098343
3.78330,0.004240,0.030385,10.210347
3.80010,0.014188,0.029299,9.786624
3.81030,0.012301,0.025996,9.750362
3.81680,0.012512,0.030935,9.832880
3.82500,0.017374,0.031719,9.963082
3.83310,0.021255,0.026665,9.981067
3.84450,0.022745,0.021123,9.883604
3.85740,0.034697,0.021361,9.838658
3.86550,0.037129,0.023631,9.879995
3.87410,0.034307,0.021280,9.884473
3.88220,0.035436,0.022797,9.892448
3.89830,0.040203,0.018167,9.884671
3.90690,0.046841,0.012536,9.897151
3.91520,0.043987,0.011363,9.884620
3.92350,0.046906,0.011977,9.877894
3.93970,0.051316,0.003351,9.878194
3.94430,0.045431,0.006367,9.889622
3.95600,0.052610,0.004797,9.892287
3.96300,0.046828,0.004901,9.881801
3.97240,0.050765,-0.001830,9.877996
3.98930,0.052858,0.000665,9.881689
3.99800,0.048547,-0.010070,9.882084
4.00580,0.046927,-0.010987,9.877094
4.01220,0.051370,-0.013120,9.877958
4.03040,0.049530,-0.014112,9.953325
4.03230,0.040240,-0.014438,10.001830
4.04740,0.044447,-0.014378,10.006358
4.05480,0.038998,-0.019444,9.899421
4.06300,0.037336,-0.019238,9.816314
4.07880,0.030223,-0.021568,9.854962
4.08820,0.026396,-0.020502,9.897239
4.09650,0.026457,-0.024362,9.902478
4.10480,0.022013,-0.029666,9.906341
4.11230,0.024854,-0.027769,9.886331
4.12970,0.021032,-0.025147,9.872569
4.13780,0.008341,-0.033233,9.880280
4.14530,0.014936,-0.025807,9.886137
4.15450,0.008908,-0.026813,9.874666
4.17120,0.002291,-0.026370,9.881594
4.17740,-0.000655,-0.028828,9.873763
4.18750,-0.010721,-0.026808,9.884209
4.19560,-0.006474,-0.029876,9.881196
4.20380,-0.016749,-0.026595,9.871229
4.21240,-0.010916,-0.031952,9.868304
4.22900,-0.022744,-0.023028,9.881871
4.23700,-0.028114,-0.024875,9.867143
4.24440,-0.023480,-0.024990,9.871016
4.25340,-0.034270,-0.027229,9.869812
4.26940,-0.036181,-0.018552,9.873391
4.27830,-0.034803,-0.017414,9.874667
4.28540,-0.040279,-0.018479,9.863912
4.29370,-0.042402,-0.012649,9.867353
4.31250,-0.043445,-0.013427,9.876915
4.32800,-0.046806,-0.006785,9.872712
4.33630,-0.044383,-0.005020,9.868146
4.34570,-0.046519,-0.006063,9.856927
4.35280,-0.047523,-0.006651,9.864212
4.36910,-0.053075,-0.001313,9.875156
4.37840,-0.050818,-0.002763,9.868751
4.38580,-0.051051,0.000837,9.860093
4.39330,-0.049846,0.007956,9.871244
4.41210,-0.046819,0.006856,9.863286
4.42710,-0.047672,0.010689,9.868221
4.43510,-0.044362,0.009761,9.863777
4.44490,-0.040463,0.013176,9.858182
4.45930,-0.036210,0.020392,9.857151
4.46740,-0.032499,0.018455,9.858185
4.47820,-0.029241,0.019709,9.862458
4.48360,-0.033337,0.020862,9.851860
4.50020,-0.029936,0.021247,9.859658
4.51140,-0.024873,0.023963,9.846968
4.51660,-0.020518,0.026572,9.850161
4.52470,-0.019857,0.031535,9.858169
4.53280,-0.012714,0.032183,9.850526
4.54420,-0.006587,0.029751,9.845447
4.55780,-0.009099,0.030082,9.842188
4.56580,-0.004446,0.033769,9.853077
4.57390,0.004276,0.026070,9.962975
4.59070,0.007400,0.028336,10.021893
4.59830,0.005423,0.026559,9.785202
4.60670,0.009531,0.031410,9.678752
4.61430,0.016805,0.025414,9.757537
4.62350,0.023981,0.030912,9.900059
4.63810,0.023008,0.025408,9.894730
4.64580,0.029587,0.025603,9.838396
4.65360,0.026717,0.028375,9.792032
4.66330,0.030843,0.023539,9.823111
4.67240,0.036575,0.024511,9.831397
4.68290,0.034554,0.018898,9.846730
4.69240,0.036093,0.018146,9.836867
4.70410,0.039620,0.012128,9.838060
4.71220,0.048547,0.015139,9.827714
4.72870,0.042716,0.006372,9.839975
4.73690,0.050228,0.004892,9.831848
4.74570,0.050622,0.004153,9.843714
4.75290,0.051451,0.005471,9.823935
4.76980,0.045196,0.003170,9.839572
4.77830,0.050550,0.002023,9.836085
4.78620,0.045022,-0.006252,9.831901
4.79450,0.045080,-0.004285,9.837552
4.80270,0.044899,-0.006973,9.836836
4.81220,0.047394,-0.013732,9.835305
4.82690,0.046049,-0.009979,9.824275
4.83540,0.045154,-0.015306,9.988502
4.84400,0.039543,-0.018482,9.976235
4.85970,0.036343,-0.023290,9.784637
4.86720,0.033061,-0.022811,9.743692
4.87680,0.038571,-0.024928,9.777111
4.88340,0.030363,-0.027759,9.825488
4.90010,0.023849,-0.028951,9.854001
4.91010,0.026467,-0.023882,9.828263
4.91620,0.022584,-0.028330,9.804448
4.92380,0.021390,-0.024944,9.813160
4.93300,0.017690,-0.027084,9.808153
4.94320,0.012598,-0.026177,9.814147
4.95730,0.006199,-0.031757,9.805638
4.96530,0.006558,-0.030675,9.822229
4.97370,0.002089,-0.032584,9.807282
4.98200,-0.006888,-0.032042,9.819007
4.99850,-0.014063,-0.033215,9.817797
5.00600,-0.013194,-0.028470,9.801901
5.01490,-0.014941,-0.031323,9.799000
5.02340,-0.021017,-0.025268,9.799805
5.04400,-0.025153,-0.027617,9.806396
5.05720,-0.028881,-0.026511,9.804466
5.06480,-0.036921,-0.020748,9.796730
5.07300,-0.032827,-0.017233,9.800084
5.08920,-0.036065,-0.018314,9.794351
5.09770,-0.043420,-0.011502,9.802011
5.10630,-0.042951,-0.011487,9.797154
5.11230,-0.042664,-0.011638,9.807215
5.12980,-0.047245,-0.011123,9.791973
5.13860,-0.049944,-0.010514,9.800179
5.14390,-0.048425,-0.009611,9.792902
5.15530,-0.046480,-0.000367,9.794527
5.16320,-0.054122,-0.005735,9.796877
5.17720,-0.050080,0.002223,9.802508
5.18730,-0.046222,0.005802,9.795819
5.19590,-0.049377,0.010159,9.798781
5.20390,-0.051235,0.004516,9.784083
5.21280,-0.046294,0.006616,9.794972
5.22880,-0.049777,0.015061,9.796516
5.23720,-0.044865,0.018441,9.791231
5.24410,-0.045999,0.013828,9.787841
5.25370,-0.040805,0.014988,9.791730
5.27060,-0.038495,0.021776,9.784948
5.27930,-0.029249,0.025389,9.781519
5.28700,-0.029054,0.024747,9.778214
5.29560,-0.026472,0.028071,9.787972
5.30390,-0.021727,0.022748,9.783486
5.31220,-0.026082,0.026789,9.780347
5.32890,-0.017959,0.029754,9.783590
5.33620,-0.018644,0.030445,9.781504
5.34550,-0.009040,0.032396,9.779479
5.36120,-0.005962,0.026597,9.775387
5.36910,-0.001320,0.028979,9.772693
5.37880,0.005825,0.031439,10.060457
5.38600,0.003931,0.032068,10.065178
5.39400,0.009525,0.033053,9.825770
5.40290,0.007218,0.032867,9.629330
5.41220,0.013290,0.026553,9.648697
5.42760,0.018646,0.028250,9.850541
5.43570,0.020952,0.025463,9.842510
5.44530,0.030268,0.029832,9.750910
5.45240,0.025480,0.026773,9.720710
5.46860,0.033645,0.018086,9.765014
5.47680,0.041465,0.021781,9.763786
5.48450,0.038825,0.019043,9.774208
5.50010,0.039116,0.012192,9.773219
5.51010,0.041022,0.011387,9.764805
5.51630,0.043276,0.013810,9.761846
5.52460,0.044487,0.007093,9.763482
5.53280,0.051588,0.007383,9.759290
5.54350,0.052304,0.005906,9.760337
5.55780,0.051885,-0.000030,9.762777
5.56570,0.052396,0.005700,9.768370
5.57700,0.049425,-0.005829,9.756227
5.58240,0.053381,0.000907,9.757815
5.59890,0.050288,-0.008731,9.753633
5.60610,0.052753,-0.008335,9.749793
5.61530,0.043844,-0.013232,9.760087
5.62340,0.041945,-0.007215,9.760618
5.63960,0.045580,-0.017575,9.938267
5.64540,0.042875,-0.018611,9.894888
5.65340,0.042443,-0.019059,9.794200
5.66460,0.040737,-0.022286,9.688727
5.67260,0.037375,-0.023610,9.689032
5.68310,0.036061,-0.026662,9.754445
5.69660,0.026881,-0.022343,9.788076
5.70350,0.027574,-0.027912,9.772281
5.71240,0.019081,-0.023640,9.758018
5.72910,0.015395,-0.025540,9.748376
5.73740,0.014634,-0.025176,9.746313
5.74520,0.012002,-0.029082,9.753446
5.75360,0.005613,-0.028008,9.746571
5.77040,-0.001511,-0.034286,9.737520
5.77890,-0.006692,-0.028861,9.736105
5.78740,-0.002350,-0.029429,9.735733
5.79480,-0.011414,-0.028711,9.744837
5.80340,-0.013418,-0.031580,9.735366
5.82070,-0.022328,-0.030769,9.738908
5.82840,-0.023553,-0.026902,9.747586
5.83660,-0.027102,-0.024851,9.745536
5.84530,-0.031671,-0.027634,9.734222
5.85300,-0.032444,-0.022020,9.735895
5.86980,-0.036870,-0.022520,9.741615
5.87880,-0.039987,-0.015643,9.736195
5.88560,-0.036832,-0.016224,9.743758
5.89370,-0.042698,-0.017711,9.747754
5.91260,-0.044674,-0.017181,9.738281
5.92710,-0.047174,-0.010418,9.744558
5.93500,-0.046457,-0.008995,9.733526
5.94520,-0.044593,-0.005134,9.743153
5.95860,-0.047682,-0.003168,9.742928
5.96670,-0.054699,0.001736,9.739177
5.97820,-0.048609,0.004122,9.734207
5.98290,-0.047267,0.001600,9.732878
5.99940,-0.046064,0.005725,9.730290
6.00770,-0.047542,0.010014,9.731655
6.01210,-0.052097,0.013204,9.728707
6.02330,-0.043086,0.013525,9.735540
6.03980,-0.047918,0.015905,9.737712
6.04630,-0.039048,0.014940,9.739913
6.05630,-0.041941,0.014714,9.737377
6.06460,-0.042006,0.023527,9.739007
6.07310,-0.033610,0.023740,9.740191
6.09080,-0.027568,0.019657,9.731424
6.09760,-0.030442,0.027514,9.732868
6.10540,-0.028698,0.025419,9.724092
6.11390,-0.025097,0.024217,9.722331
6.13020,-0.015928,0.023951,9.734133
6.13850,-0.016331,0.031211,9.723319
6.14520,-0.015315,0.032761,9.737254
6.15500,-0.009211,0.028249,9.736589
6.16290,-0.003522,0.027102,9.723185
6.17990,0.002122,0.028076,10.047532
6.18560,0.001945,0.025589,10.040287
6.19330,0.003378,0.028172,9.806740
6.21030,0.015084,0.025059,9.578754
6.21700,0.015970,0.028657,9.691969
6.22510,0.019853,0.025601,9.789471
6.23360,0.022732,0.026258,9.814737
6.24260,0.022222,0.021169,9.750294
6.25720,0.033149,0.025560,9.679659
6.26610,0.028985,0.022041,9.727773
6.27570,0.040426,0.022351,9.732827
6.28290,0.035328,0.020073,9.738803
6.29860,0.045778,0.016085,9.730479
6.30670,0.039997,0.017270,9.739753
6.31520,0.049772,0.009837,9.733608
6.32350,0.042998,0.006873,9.728027
6.34010,0.050506,0.003066,9.732722
6.34350,0.051554,0.004793,9.722422
6.35630,0.048153,-0.000374,9.738397
6.36280,0.051902,0.005609,9.738583
6.37760,0.048479,-0.002501,9.735710
6.38860,0.044681,0.000962,9.721820
6.39660,0.046322,-0.007134,9.738111
6.40490,0.050344,-0.007745,9.736880
6.41280,0.047592,-0.012182,9.739750
6.42890,0.041072,-0.012513,9.757375
6.43670,0.040890,-0.017888,9.909657
6.44580,0.040317,-0.014210,9.877782
6.45290,0.039909,-0.017415,9.763528
6.46920,0.036680,-0.016520,9.666957
6.47780,0.036951,-0.021732,9.698956
6.48530,0.034389,-0.019348,9.738651
6.49370,0.030612,-0.025221,9.758063
6.51040,0.024397,-0.021715,9.737849
6.51810,0.020841,-0.023905,9.715450
6.52610,0.018516,-0.024012,9.727857
6.53380,0.014013,-0.027029,9.718511
6.54400,0.013282,-0.029727,9.729372
6.55750,0.005051,-0.026285,9.741143
6.56590,0.001519,-0.033326,9.730729
6.57850,-0.006299,-0.029912,9.732491
6.58210,-0.008927,-0.030532,9.737627
6.59890,-0.006566,-0.033030,9.734406
6.60650,-0.010247,-0.027394,9.725166
6.61450,-0.016080,-0.026247,9.730726
6.63030,-0.023074,-0.029423,9.732700
6.63860,-0.023172,-0.025255,9.742705
6.64460,-0.027817,-0.023368,9.734410
6.65550,-0.033261,-0.018835,9.739713
6.66360,-0.028473,-0.018841,9.730615
6.67870,-0.034156,-0.021509,9.735013
6.68760,-0.040729,-0.019632,9.732966
6.69540,-0.042426,-0.015563,9.737955
6.70300,-0.045077,-0.012432,9.738304
6.71930,-0.045167,-0.013248,9.735792
6.72750,-0.051105,-0.011453,9.740499
6.73460,-0.046032,-0.004541,9.739531
6.74620,-0.051088,-0.005181,9.747310
6.75360,-0.048109,-0.006687,9.737621
6.76810,-0.047651,-0.003309,9.744626
6.77890,-0.046720,-0.000986,9.739286
6.78400,-0.053037,-0.000786,9.748077
6.80040,-0.050308,0.008079,9.745050
6.81200,-0.042848,0.010057,9.750724
6.82580,-0.043737,0.010730,9.741015
6.83420,-0.041171,0.016227,9.745041
6.84650,-0.037913,0.015754,9.740923
6.85790,-0.040336,0.016979,9.746615
6.86620,-0.033504,0.019711,9.752995
6.87960,-0.031594,0.021076,9.753567
6.89050,-0.031336,0.026977,9.756492
6.89860,-0.029463,0.022564,9.755262
6.90630,-0.023288,0.028435,9.740438
6.91400,-0.019608,0.022704,9.743522
6.92280,-0.020686,0.024619,9.755629
6.93870,-0.008619,0.030014,9.752837
6.94480,-0.014838,0.027007,9.747030
6.95450,-0.005151,0.030773,9.750774
6.97030,-0.000339,0.031216,9.755214
6.97780,0.002601,0.026163,10.025958
6.98680,0.002480,0.030617,10.031366
6.99490,0.008746,0.030705,9.789806
7.00230,0.009574,0.027807,9.618812
7.01810,0.013251,0.032108,9.730270
7.02830,0.018626,0.026246,9.846203
7.03640,0.023317,0.030936,9.819276
7.04440,0.027995,0.025809,9.758407
7.05230,0.034319,0.025806,9.722650
7.06890,0.036949,0.022969,9.755705
7.07820,0.035628,0.024303,9.760398
7.08550,0.034096,0.020160,9.755292
7.09370,0.038183,0.012391,9.756400
7.11360,0.047813,0.017056,9.762927
7.12690,0.048248,0.009078,9.773628
7.13520,0.047685,0.008594,9.764300
7.14490,0.046593,0.010330,9.766968
7.15990,0.053666,0.004097,9.764882
7.16840,0.053224,0.001415,9.760193
7.17800,0.049792,-0.001786,9.761068
7.18490,0.051671,-0.004836,9.773340
7.19300,0.046840,-0.004629,9.767103
7.21130,0.050999,-0.012575,9.772438
7.21800,0.048055,-0.009912,9.774943
7.22600,0.044492,-0.013015,9.768552
7.23420,0.044518,-0.017308,9.928100
7.24550,0.040618,-0.011499,9.918671
7.25950,0.040013,-0.020914,9.734781
7.26780,0.036648,-0.019714,9.709794
7.27720,0.038712,-0.024259,9.749377
7.28460,0.034304,-0.025071,9.776333
7.29310,0.026206,-0.027059,9.803229
7.31110,0.018962,-0.022897,9.777599
7.31770,0.024433,-0.024025,9.773862
7.32600,0.019894,-0.024759,9.763660
7.33460,0.010115,-0.028058,9.779302
7.34380,0.012941,-0.026999,9.781200
7.36020,0.009163,-0.026741,9.782984
7.36830,0.003392,-0.027097,9.784767
7.37690,-0.002617,-0.028343,9.787977
7.38370,-0.004060,-0.028795,9.782719
7.39360,-0.009240,-0.028628,9.786297
7.41040,-0.016696,-0.031080,9.796509
7.41190,-0.019277,-0.029738,9.785572
7.42650,-0.016195,-0.026394,9.785691
7.43460,-0.023035,-0.021514,9.796595
7.44350,-0.025431,-0.020775,9.787127
7.45850,-0.028640,-0.018556,9.791354
7.46780,-0.031350,-0.023256,9.786521
7.47740,-0.033287,-0.024587,9.786916
7.48420,-0.040011,-0.015545,9.799580
7.49280,-0.038168,-0.014457,9.788329
7.51100,-0.046242,-0.014979,9.802073
7.51630,-0.041322,-0.016421,9.805370
7.52470,-0.051479,-0.007201,9.790923
7.53310,-0.046694,-0.009988,9.807138
7.54370,-0.045322,-0.005549,9.808363
7.55620,-0.051984,0.000305,9.793782
7.56490,-0.053334,0.000134,9.807356
7.57300,-0.054290,-0.003473,9.797747
7.58850,-0.049239,0.005208,9.810007
7.59340,-0.051730,0.007662,9.800793
7.60510,-0.048290,0.010205,9.809778
7.61260,-0.044793,0.011649,9.800833
7.62870,-0.049678,0.015987,9.802460
7.63660,-0.047519,0.015626,9.818814
7.64300,-0.038221,0.016468,9.816356
7.65240,-0.035883,0.022356,9.814449
7.66850,-0.031653,0.023590,9.812770
7.67670,-0.038383,0.022856,9.815124
7.68410,-0.027451,0.021785,9.807726
7.69330,-0.033450,0.023776,9.807998
7.70380,-0.024998,0.022807,9.812744
7.71850,-0.022296,0.028483,9.812573
7.72680,-0.022027,0.023361,9.820454
7.73470,-0.017001,0.027994,9.830490
7.74340,-0.015762,0.030646,9.814073
7.75870,-0.007703,0.032093,9.814301
7.76730,0.000834,0.029780,9.819085
7.77620,0.004483,0.033010,10.047084
7.78390,0.001739,0.026380,10.145536
7.79980,0.007845,0.024672,9.730901
7.81000,0.011923,0.025175,9.673557
7.81490,0.015943,0.031989,9.743437
7.82420,0.024605,0.022877,9.877206
7.83240,0.022982,0.030113,9.916282
7.84250,0.026781,0.027633,9.848645
7.85600,0.034412,0.019115,9.787970
7.86430,0.036467,0.018932,9.813123
7.87680,0.036206,0.022672,9.826984
7.88970,0.039116,0.016097,9.836326
7.89790,0.046348,0.020267,9.840387
7.90620,0.038583,0.019548,9.845906
7.91420,0.045483,0.016523,9.840929
7.92260,0.050712,0.006885,9.844614
7.93890,0.045622,0.007785,9.837346
7.94320,0.052802,0.003676,9.846991
7.95440,0.044647,0.008248,9.850807
7.96300,0.053445,0.000074,9.848288
7.97650,0.045901,-0.000177,9.844716
7.98780,0.053665,-0.004405,9.838237
7.99600,0.046589,-0.003345,9.853538
8.00410,0.052569,-0.005916,9.838661
8.02040,0.048333,-0.006577,9.852125
8.02860,0.048073,-0.016835,9.881192
8.03700,0.048461,-0.011039,10.025025
8.04310,0.043708,-0.016938,10.020769
8.05350,0.039743,-0.021977,9.876926
8.07020,0.037331,-0.021451,9.788152
8.07790,0.029708,-0.023331,9.813315
8.08210,0.032323,-0.021145,9.845245
8.09500,0.027449,-0.028366,9.881648
8.10300,0.024931,-0.027740,9.883479
8.11300,0.025559,-0.022781,9.858771
8.12750,0.016927,-0.030018,9.850250
8.13550,0.017643,-0.026566,9.860974
8.14460,0.005984,-0.025411,9.866236
8.16010,0.006512,-0.031847,9.855332
8.16720,-0.002659,-0.032536,9.853545
8.17790,-0.002511,-0.033866,9.862287
8.18470,-0.009058,-0.027022,9.865477
8.19320,-0.004659,-0.033034,9.860156
8.21150,-0.015256,-0.025001,9.853231
8.22630,-0.016642,-0.022595,9.861811
8.23450,-0.021024,-0.024913,9.864917
8.24530,-0.027458,-0.020260,9.867800
8.25770,-0.031745,-0.027412,9.861762
8.26630,-0.029007,-0.020267,9.874028
8.27710,-0.039896,-0.017279,9.870320
8.28220,-0.038109,-0.017671,9.873767
8.29760,-0.043148,-0.019868,9.865235
8.30600,-0.043626,-0.012751,9.867204
8.31400,-0.044785,-0.015187,9.861215
8.32990,-0.052124,-0.012280,9.870665
8.33840,-0.053117,-0.011887,9.863855
8.34340,-0.045725,-0.002062,9.869776
8.35480,-0.048526,-0.003256,9.872289
8.36300,-0.045915,0.001515,9.862926
8.37760,-0.052193,0.000139,9.879716
8.38760,-0.047962,0.005949,9.881168
8.39490,-0.046210,0.006236,9.880264
8.40290,-0.048815,0.003207,9.876991
8.41830,-0.049114,0.012589,9.865394
8.42270,-0.046366,0.007477,9.877336
8.43600,-0.042647,0.013193,9.876143
8.44490,-0.038050,0.014048,9.883084
8.45300,-0.038597,0.017842,9.875222
8.46950,-0.037226,0.022022,9.873765
8.47820,-0.038034,0.022334,9.869599
8.48470,-0.028808,0.020296,9.874703
8.49370,-0.025394,0.027885,9.882659
8.50310,-0.021609,0.025068,9.877643
8.51800,-0.022704,0.029834,9.887105
8.52590,-0.019283,0.028869,9.887660
8.53370,-0.015715,0.024175,9.877262
8.54460,-0.009477,0.026272,9.884449
8.55760,-0.004389,0.032887,9.877048
8.56290,-0.000731,0.025391,9.875342
8.57720,-0.001266,0.033679,10.133811
8.58360,0.006533,0.027726,10.202965
8.59900,0.012251,0.025405,9.796958
8.60230,0.012168,0.030358,9.728794
8.61540,0.016019,0.028742,9.810290
8.62360,0.022223,0.025479,9.926577
8.63390,0.020515,0.027326,9.963216
8.64420,0.028195,0.020311,9.880377
8.65250,0.027751,0.026334,9.842121
8.66480,0.033923,0.019675,9.873134
8.67270,0.037864,0.025921,9.876282
8.68940,0.039073,0.019027,9.893804
8.69750,0.042330,0.015654,9.886046
8.70570,0.044227,0.011464,9.893928
8.71310,0.040201,0.012499,9.892160
8.73000,0.048269,0.009391,9.892582
8.73820,0.051441,0.009779,9.897828
8.74430,0.050168,0.010723,9.878485
8.75380,0.047655,0.000326,9.880250
8.76200,0.048522,0.005794,9.891793
8.77710,0.051986,0.003648,9.888438
8.78280,0.052286,-0.000469,9.879428
8.79530,0.045013,-0.003092,9.890266
8.80350,0.044078,-0.005880,9.884750
8.82020,0.045087,-0.009991,9.882118
8.82850,0.041314,-0.011288,9.907373
8.83670,0.042176,-0.011807,10.057778
8.84420,0.038576,-0.014684,10.042166
8.85270,0.037655,-0.014725,9.928538
8.86920,0.038529,-0.025141,9.826107
8.87850,0.037861,-0.022029,9.855760
8.88420,0.028040,-0.023338,9.891670
8.89310,0.030599,-0.026889,9.920834
8.91120,0.022162,-0.026700,9.881977
8.91770,0.017481,-0.024211,9.880881
8.92570,0.013417,-0.031602,9.879774
8.93360,0.018904,-0.024756,9.885167
8.94370,0.011863,-0.027544,9.898183
8.95760,0.003323,-0.030681,9.888713
8.96270,0.008014,-0.030520,9.893718
8.98050,-0.000483,-0.034355,9.897265
8.98260,-0.004248,-0.033694,9.888616
8.99810,-0.012906,-0.031479,9.886192
9.01230,-0.018533,-0.023717,9.882363
9.02370,-0.016357,-0.027194,9.888208
9.03940,-0.025285,-0.029475,9.891138
9.04410,-0.026880,-0.026190,9.895270
9.05620,-0.025833,-0.024511,9.883513
9.06430,-0.029307,-0.024669,9.884778
9.07280,-0.032838,-0.016213,9.884745
9.08950,-0.037457,-0.022612,9.883969
9.09620,-0.046423,-0.017373,9.896981
9.10580,-0.047008,-0.019756,9.881508
9.11420,-0.045989,-0.010541,9.882168
9.12250,-0.046546,-0.014598,9.891506
9.13930,-0.050874,-0.007621,9.889629
9.14520,-0.049191,-0.008542,9.894189
9.15530,-0.050102,0.000777,9.893139
9.16250,-0.054728,-0.006293,9.891637
9.17760,-0.052314,-0.000971,9.888185
9.18800,-0.052462,0.003914,9.882477
9.19620,-0.049602,0.010226,9.885892
9.20460,-0.046509,0.005570,9.879793
9.21210,-0.048934,0.004468,9.893479
9.22950,-0.041075,0.008914,9.878447
9.23780,-0.039544,0.010387,9.884196
9.24420,-0.040699,0.016747,9.884634
9.25440,-0.041016,0.016346,9.886637
9.26290,-0.039229,0.021959,9.878417
9.27750,-0.032410,0.021123,9.886444
9.28730,-0.033547,0.021277,9.880170
9.29530,-0.029822,0.027802,9.880225
9.30290,-0.025732,0.022648,9.877823
9.31840,-0.020183,0.028126,9.872218
9.32630,-0.019268,0.028981,9.872016
9.33390,-0.016920,0.030423,9.882503
9.34300,-0.011735,0.027453,9.875699
9.35810,-0.002711,0.034206,9.873053
9.36750,-0.005668,0.025784,9.880406
9.37740,0.004001,0.027624,10.133792
9.38430,0.007389,0.024905,10.190351
9.39950,0.015412,0.032760,9.770100
9.40940,0.011683,0.030039,9.728032
9.41510,0.014312,0.025488,9.801787
9.42530,0.021035,0.027338,9.944281
9.43380,0.018934,0.024332,9.964154
9.44270,0.027441,0.023677,9.884541
9.45740,0.029280,0.020356,9.836874
9.46440,0.030818,0.027231,9.850800
9.47340,0.032887,0.021268,9.871582
9.48910,0.044744,0.020662,9.866036
9.49750,0.046390,0.015856,9.862951
9.50600,0.043468,0.018815,9.867770
9.51400,0.048285,0.013364,9.864244
9.52210,0.049557,0.015907,9.874027
9.53820,0.046449,0.004472,9.870240
9.54400,0.047212,0.004167,9.870593
9.55430,0.051317,-0.000246,9.869859
9.57110,0.053100,-0.004686,9.877232
9.57710,0.048895,0.002715,9.869622
9.58690,0.050801,-0.002804,9.866790
9.59530,0.048435,-0.004031,9.864429
9.60320,0.048567,-0.010873,9.858033
9.61880,0.045227,-0.007256,9.867807
9.62710,0.045588,-0.014084,9.859235
9.63570,0.044861,-0.016817,10.030156
9.64320,0.041081,-0.014578,10.033372
9.65990,0.036617,-0.019095,9.822004
9.66800,0.036446,-0.020049,9.783659
9.67780,0.035536,-0.019767,9.831134
9.68410,0.031240,-0.024341,9.867917
9.69350,0.027537,-0.029221,9.886464
9.71000,0.028103,-0.023658,9.852410
9.71490,0.018751,-0.026063,9.845684
9.72340,0.018179,-0.028248,9.843590
9.73900,0.007743,-0.029851,9.855529
9.74300,0.010629,-0.025413,9.857501
9.75620,0.005605,-0.031982,9.860607
9.76420,0.003626,-0.029629,9.844208
9.77250,-0.000028,-0.028069,9.843382
9.78920,-0.008359,-0.028871,9.851210
9.79740,-0.014021,-0.025180,9.857146
9.80550,-0.015028,-0.025954,9.845588
9.81320,-0.011222,-0.028462,9.839906
9.82900,-0.023896,-0.026574,9.844805
9.83730,-0.028965,-0.026825,9.838108
9.84440,-0.031551,-0.028673,9.848458
9.85370,-0.033401,-0.026712,9.853911
9.87030,-0.038120,-0.019126,9.850085
9.87710,-0.039501,-0.023662,9.844562
9.88680,-0.041561,-0.018675,9.836361
9.89440,-0.041490,-0.019024,9.841932
9.90970,-0.042980,-0.009693,9.831247
9.91760,-0.048708,-0.013456,9.847125
9.92610,-0.050324,-0.011915,9.834147
9.93420,-0.049483,-0.007429,9.837106
9.94340,-0.046755,-0.005142,9.840812
9.95810,-0.045374,-0.001588,9.833968
9.96660,-0.045399,0.000836,9.840999
9.97760,-0.054291,0.002935,9.829365
9.98310,-0.052945,0.002181,9.832513
9.99210,-0.047240,0.008523,9.826076
10.01030,-0.052427,0.013610,9.835846
10.01540,-0.042346,0.013679,9.831292
10.02460,-0.045628,0.014544,9.825135
10.03290,-0.043845,0.013841,9.823996
10.04420,-0.047125,0.013250,9.828614
10.05230,-0.042937,0.013538,9.830132
10.06570,-0.039206,0.025039,9.830941
10.07750,-0.037132,0.023867,9.831438
10.08950,-0.033883,0.024014,9.828023
10.09760,-0.024204,0.026215,9.814140
10.10630,-0.027995,0.028803,9.822826
10.11460,-0.017418,0.024150,9.825967
10.12280,-0.017633,0.025677,9.825946
10.13930,-0.009564,0.026841,9.829614
10.14480,-0.010249,0.030827,9.828350
10.15600,-0.002748,0.031990,9.810088
10.16350,-0.004822,0.031787,9.826908
10.17670,0.002383,0.033205,10.048857
10.18820,0.006742,0.032636,10.060119
10.19620,0.005947,0.031120,9.803374
10.20430,0.015404,0.027544,9.643335
10.21280,0.011140,0.023891,9.703233
10.22950,0.024523,0.023907,9.893638
10.23670,0.028126,0.030427,9.867868
10.24360,0.030036,0.028158,9.806400
10.25360,0.028715,0.022535,9.754011
10.27020,0.036097,0.025426,9.806351
10.27670,0.035936,0.025130,9.805232
10.28290,0.039084,0.022117,9.798292
10.29550,0.038788,0.018084,9.806274
10.30350,0.038185,0.015038,9.801249
10.32040,0.049829,0.011192,9.806318
10.32850,0.051181,0.011487,9.800855
10.33650,0.049481,0.008778,9.809771
10.34450,0.045328,0.009216,9.797551
10.35260,0.052679,0.008701,9.807235
10.36920,0.048766,0.004283,9.802565
10.37740,0.047057,-0.000982,9.803873
10.38560,0.050262,0.000133,9.793740
10.39380,0.046097,-0.009775,9.801005
10.41110,0.046591,-0.012384,9.793602
10.41710,0.045879,-0.010659,9.785251
10.42640,0.042336,-0.011950,9.793968
10.43450,0.043501,-0.011536,9.940280
10.44410,0.041042,-0.015694,9.959380
10.45830,0.042984,-0.017346,9.770033
10.46680,0.032122,-0.021232,9.716946
10.47690,0.037786,-0.018932,9.739868
10.48260,0.030343,-0.024693,9.789796
10.49980,0.023392,-0.024655,9.821120
10.50990,0.019934,-0.025197,9.789846
10.51620,0.019550,-0.024787,9.784685
10.52450,0.015221,-0.028196,9.772400
10.53270,0.012953,-0.025752,9.783507
10.54390,0.013535,-0.032692,9.785298
10.55740,0.000754,-0.027047,9.779743
10.56540,0.000871,-0.028466,9.777060
10.57370,0.004066,-0.026338,9.770552
10.58980,-0.002959,-0.026638,9.777100
10.59780,-0.009365,-0.029321,9.771895
10.60610,-0.010486,-0.033361,9.778102
10.61430,-0.016489,-0.028100,9.782366
10.62260,-0.016157,-0.027796,9.782537
10.63880,-0.023606,-0.021835,9.763323
10.64400,-0.029068,-0.028832,9.772042
10.65500,-0.028500,-0.021224,9.764704
10.66290,-0.031145,-0.025553,9.770932
10.67630,-0.039269,-0.020076,9.763140
10.68570,-0.038787,-0.021851,9.765590
10.69480,-0.036338,-0.014720,9.769061
10.70320,-0.039651,-0.020259,9.775848
10.71970,-0.042364,-0.016888,9.764298
10.72810,-0.048445,-0.012198,9.755995
10.73590,-0.049722,-0.013084,9.763798
10.74360,-0.044559,-0.005003,9.764758
10.75250,-0.048951,-0.000743,9.761759
10.76800,-0.052751,0.001222,9.761424
10.77710,-0.045435,0.001677,9.766927
10.78490,-0.049526,0.001219,9.755127
10.79310,-0.051169,0.001765,9.765794
10.81100,-0.048933,0.006039,9.768734
10.81800,-0.044882,0.014376,9.766661
10.82630,-0.044013,0.011757,9.766777
10.83450,-0.044731,0.017215,9.761980
10.84410,-0.040892,0.017444,9.747809
10.85860,-0.038168,0.017059,9.755511
10.86700,-0.034445,0.017930,9.750115
10.87670,-0.033154,0.025215,9.753307
10.88370,-0.034127,0.019352,9.754056
10.90060,-0.024962,0.029950,9.753956
10.91030,-0.027775,0.030238,9.743339
10.91640,-0.020332,0.024783,9.761626
10.92430,-0.022250,0.032594,9.756307
10.93260,-0.018030,0.030356,9.756086
10.94390,-0.015089,0.031105,9.749392
10.95760,-0.005566,0.029128,9.746694
10.96530,-0.005044,0.031102,9.751042
10.97290,0.001923,0.029491,9.813174
10.98890,0.010576,0.032004,9.964161
10.99630,0.014319,0.027796,9.740703
11.00440,0.013698,0.029189,9.584232
11.01270,0.017979,0.033230,9.630147
11.02920,0.019922,0.023104,9.827274
11.03750,0.021209,0.030464,9.789034
11.04280,0.022531,0.022232,9.758806
11.05400,0.032542,0.021131,9.694266
11.06220,0.031123,0.018641,9.717908
11.07670,0.037286,0.022420,9.740719
11.08250,0.033607,0.016942,9.732652
11.09520,0.037099,0.016545,9.734357
11.10350,0.042273,0.012900,9.746339
11.11970,0.041857,0.015173,9.732841
11.12810,0.042413,0.013523,9.734091
11.13640,0.047817,0.008874,9.743063
11.14260,0.052740,0.003530,9.737459
11.15340,0.052446,-0.000643,9.731877
11.16960,0.049746,0.005255,9.740725
11.17660,0.048408,-0.004099,9.738479
11.18650,0.048302,0.000977,9.731314
11.19460,0.046674,-0.006767,9.741972
11.20280,0.047324,-0.002839,9.729206
11.21970,0.043941,-0.015514,9.745983
11.22790,0.049444,-0.011463,9.732363
11.23490,0.041981,-0.015481,9.901190
11.24320,0.047069,-0.011160,9.900049
11.25240,0.035481,-0.017781,9.787815
11.26910,0.033046,-0.017888,9.668142
11.27630,0.030206,-0.024908,9.682719
11.28560,0.030367,-0.024842,9.733475
11.29390,0.028464,-0.028226,9.753435
11.30230,0.026034,-0.029680,9.749562
11.31810,0.023019,-0.028540,9.728510
11.32660,0.018757,-0.030692,9.718082
11.33480,0.014452,-0.025058,9.732231
11.34310,0.015940,-0.026490,9.725597
11.35320,0.008521,-0.028405,9.736198
11.36530,0.005807,-0.026644,9.726966
11.37630,-0.003049,-0.033356,9.724774
11.38350,-0.000013,-0.030418,9.740871
11.39990,-0.006039,-0.025690,9.724372
11.41030,-0.011123,-0.025023,9.728231
11.41570,-0.021801,-0.028748,9.722619
11.42370,-0.016592,-0.026651,9.736758
11.44010,-0.029314,-0.027159,9.723338
11.44280,-0.022461,-0.025714,9.735451
11.45610,-0.027896,-0.024932,9.738188
11.46410,-0.030950,-0.027094,9.735931
11.47250,-0.037546,-0.019828,9.739587
11.48900,-0.040136,-0.018619,9.731901
11.49740,-0.043438,-0.017827,9.726722
11.50550,-0.041919,-0.013267,9.735670
11.51410,-0.043495,-0.017212,9.727584
11.52240,-0.048024,-0.016044,9.734405
11.53330,-0.049418,-0.004691,9.726360
11.54400,-0.046246,-0.008769,9.737654
11.55530,-0.050248,-0.003780,9.732214
11.56370,-0.051609,0.001058,9.728392
11.57750,-0.053555,-0.002198,9.730397
11.58830,-0.051508,0.008575,9.732666
11.59610,-0.047288,0.009872,9.734938
11.60420,-0.050363,0.005565,9.736446
11.61220,-0.050914,0.012975,9.727950
11.62830,-0.043638,0.007907,9.721034
11.63670,-0.045093,0.011449,9.729160
11.64400,-0.040339,0.013062,9.727322
11.65310,-0.038925,0.018220,9.737693
11.66940,-0.038545,0.024742,9.726839
11.67770,-0.028711,0.018583,9.727626
11.68540,-0.031836,0.024965,9.728493
11.69380,-0.026922,0.028028,9.728070
11.71080,-0.024018,0.029853,9.737295
11.71760,-0.016077,0.026104,9.729483
11.72600,-0.016054,0.032718,9.722170
11.73410,-0.015515,0.026848,9.734307
11.74470,-0.006125,0.027067,9.725553
11.75840,-0.009719,0.029190,9.736508
11.76600,-0.003621,0.026716,9.727720
11.77790,-0.000253,0.028206,10.014413
11.78260,-0.000672,0.030414,10.070620
11.79940,0.010490,0.033855,9.646370
11.80760,0.010498,0.024138,9.563656
11.81200,0.010600,0.032873,9.612199
11.82380,0.019678,0.029150,9.789901
11.83980,0.027114,0.022405,9.761288
11.84510,0.029535,0.024441,9.725140
11.85580,0.033474,0.024115,9.697451
11.86440,0.032654,0.025631,9.726633
11.87230,0.035163,0.024781,9.728234
11.88860,0.037521,0.019422,9.739561
11.89660,0.036673,0.012873,9.743664
11.90520,0.043164,0.016172,9.738904
11.91290,0.044583,0.014952,9.731940
11.92890,0.052091,0.011288,9.744935
11.93720,0.046450,0.004600,9.739570
11.94440,0.051212,0.006220,9.729604
11.95400,0.047141,0.005107,9.749012
11.97050,0.046191,-0.000269,9.743106
11.97730,0.053461,-0.003327,9.741938
11.98630,0.054371,-0.002764,9.734157
11.99490,0.051280,-0.007590,9.733721
12.00300,0.046690,-0.008523,9.735155
12.01920,0.047824,-0.008044,9.732659
12.02720,0.046882,-0.013430,9.751130
12.03450,0.048040,-0.010631,9.899303
12.04440,0.038543,-0.015058,9.907653
12.05950,0.038858,-0.015930,9.710130
12.06780,0.033406,-0.016300,9.678930
12.07810,0.032615,-0.021336,9.721194
12.08480,0.033467,-0.019976,9.749497
12.10020,0.028957,-0.029247,9.771699
12.11140,0.020579,-0.026980,9.739086
12.12570,0.019661,-0.031242,9.729499
12.13410,0.015378,-0.031767,9.743299
12.14640,0.011303,-0.031938,9.757051
12.15840,0.005430,-0.027007,9.747483
12.16670,0.003176,-0.026854,9.746914
12.18000,-0.000518,-0.030313,9.749698
12.18310,-0.009262,-0.034729,9.747882
12.19960,-0.011280,-0.025161,9.746279
12.21200,-0.013817,-0.028477,9.745403
12.22380,-0.015324,-0.026987,9.762177
12.23230,-0.027459,-0.026627,9.754500
12.24520,-0.024362,-0.026682,9.749363
12.25810,-0.034385,-0.018576,9.759967
12.26490,-0.034444,-0.025121,9.747853
12.27410,-0.033007,-0.022538,9.762369
12.29090,-0.039835,-0.018256,9.769196
12.29850,-0.040291,-0.014342,9.753207
12.30680,-0.048287,-0.013550,9.761835
12.31270,-0.042402,-0.012533,9.769758
12.32370,-0.049903,-0.006692,9.752627
12.34010,-0.044781,-0.006853,9.772197
12.34300,-0.047494,-0.002926,9.756809
12.35580,-0.048669,-0.000783,9.762734
12.36290,-0.051815,-0.002968,9.766617
12.37700,-0.051129,-0.003521,9.770836
12.38840,-0.045057,0.004175,9.758071
12.39630,-0.046036,0.010157,9.774820
12.40430,-0.047238,0.002736,9.772137
12.41230,-0.045734,0.008602,9.776142
12.42900,-0.043458,0.013951,9.778092
12.43680,-0.048093,0.015605,9.764917
12.44370,-0.043302,0.011379,9.766038
12.45300,-0.041951,0.022107,9.778887
12.46890,-0.031643,0.017633,9.775459
12.47710,-0.033628,0.022517,9.781592
12.48510,-0.029766,0.024959,9.783713
12.49310,-0.033870,0.021085,9.780043
12.51020,-0.023026,0.028978,9.786427
12.51640,-0.020261,0.030657,9.779902
12.52530,-0.021810,0.032261,9.775636
12.53360,-0.013744,0.027235,9.788358
12.54270,-0.009969,0.032860,9.773201
12.55860,-0.000789,0.025077,9.785456
12.56680,-0.000901,0.033144,9.790917
12.57590,0.000663,0.026647,9.985996
12.58330,0.000950,0.026020,10.114635
12.60030,0.016032,0.026078,9.679909
12.61010,0.019736,0.032469,9.642445
12.61660,0.013458,0.028864,9.739570
12.62500,0.023127,0.023240,9.848145
12.63310,0.027625,0.022769,9.873587
12.64340,0.028158,0.020860,9.802115
12.65750,0.030538,0.025685,9.746797
12.66610,0.037055,0.019107,9.783450
12.67310,0.039974,0.019206,9.791043
12.68250,0.038460,0.016361,9.802804
12.69760,0.044178,0.021070,9.788279
12.70960,0.039430,0.009384,9.800945
12.71490,0.040226,0.017745,9.800513
12.72310,0.044011,0.011628,9.801946
12.73960,0.049916,0.003492,9.802108
12.74320,0.046251,0.009931,9.793018
12.75600,0.052638,0.001481,9.800784
12.76400,0.049916,-0.002798,9.806274
12.77290,0.047179,-0.001743,9.805262
12.78870,0.053498,-0.003087,9.805833
12.79690,0.051516,-0.009134,9.812248
12.80460,0.048590,-0.006722,9.814599
12.81230,0.050696,-0.009478,9.803302
12.82860,0.044664,-0.009018,9.836476
12.83670,0.045028,-0.017428,9.973529
12.84430,0.043104,-0.013905,9.970232
12.85350,0.039032,-0.020299,9.842449
12.87010,0.032939,-0.024855,9.734879
12.87790,0.031341,-0.019513,9.781547
12.88700,0.029137,-0.024087,9.831347
12.89530,0.027493,-0.026458,9.840270
12.90390,0.028103,-0.022308,9.829428
12.91970,0.018129,-0.024625,9.805907
12.92790,0.013216,-0.030199,9.815902
12.93600,0.017158,-0.031857,9.822174
12.94380,0.008012,-0.029308,9.808402
12.95990,0.002720,-0.025810,9.816192
12.96840,0.004242,-0.025728,9.821358
12.97870,0.002167,-0.025157,9.827395
12.98510,-0.003304,-0.029965,9.815863
12.99330,-0.009199,-0.026840,9.822543
13.01210,-0.012213,-0.029477,9.818343
13.02500,-0.021357,-0.024528,9.831356
13.03520,-0.028836,-0.026033,9.816871
13.04460,-0.030905,-0.020798,9.829784
13.06050,-0.028692,-0.018455,9.819753
13.06890,-0.036035,-0.021923,9.833865
13.07770,-0.034680,-0.024590,9.821590
13.08390,-0.038850,-0.014568,9.833439
13.09310,-0.042550,-0.020559,9.841786
13.11130,-0.042292,-0.008878,9.825906
13.11800,-0.043911,-0.014488,9.827268
13.12630,-0.045415,-0.012115,9.834885
13.13460,-0.045022,-0.011823,9.836383
13.14630,-0.050037,-0.006717,9.831484
13.15890,-0.052164,-0.005691,9.847881
13.16710,-0.052240,0.001981,9.830095
13.17820,-0.048212,0.003253,9.833247
13.18380,-0.052331,0.004042,9.844480
13.19880,-0.049333,0.008411,9.847951
13.21130,-0.043091,0.005844,9.852462
13.21410,-0.045162,0.010858,9.844005
13.22300,-0.043815,0.013752,9.850456
13.23950,-0.043615,0.013034,9.838591
13.24360,-0.037879,0.018163,9.842098
13.25600,-0.040955,0.015680,9.856583
13.26420,-0.037678,0.016192,9.839401
13.27250,-0.034017,0.019451,9.857288
13.28880,-0.028435,0.021857,9.851775
13.29720,-0.026530,0.029779,9.844819
13.30530,-0.025100,0.027942,9.847735
13.31250,-0.021871,0.030727,9.847978
13.33030,-0.020547,0.031208,9.852193
13.33880,-0.011050,0.025681,9.859573
13.34510,-0.013773,0.026035,9.848278
13.35480,-0.002318,0.027171,9.860003
13.36310,-0.000362,0.032999,9.849512
13.37780,0.001134,0.033238,10.121307
13.38700,0.007535,0.029128,10.129232
13.39530,0.008688,0.027947,9.877070
13.40390,0.009430,0.028095,9.694061
13.41220,0.013037,0.024403,9.738769
13.42920,0.022194,0.024318,9.945924
13.43760,0.022105,0.022807,9.924603
13.44370,0.026344,0.027876,9.868273
13.45360,0.026363,0.025268,9.809106
13.47070,0.038965,0.024799,9.871176
13.47650,0.037331,0.021504,9.868648
13.48620,0.040902,0.022374,9.874485
13.49220,0.042592,0.018313,9.872753
13.50440,0.046902,0.015181,9.874931
13.51250,0.049373,0.009226,9.871690
13.52890,0.047126,0.005207,9.873292
13.53730,0.047304,0.006104,9.867947
13.54470,0.047115,0.003430,9.869268
13.55360,0.049801,0.003345,9.863899
13.57040,0.053372,-0.001827,9.861340
13.57730,0.045072,0.002273,9.862562
13.58720,0.048953,0.000807,9.873978
13.59530,0.046006,-0.008202,9.877812
13.60370,0.043722,-0.005317,9.877568
13.62070,0.047358,-0.013288,9.875722
13.62870,0.048438,-0.017287,9.892376
13.63690,0.041931,-0.014720,10.056455
13.64430,0.041758,-0.013369,10.030441
13.65340,0.042302,-0.015702,9.913938
13.66980,0.039934,-0.024766,9.805964
13.67810,0.034032,-0.025807,9.850007
13.68610,0.031646,-0.023541,9.884807
13.69390,0.026776,-0.025425,9.898225
13.70210,0.022632,-0.030473,9.890936
13.71750,0.017107,-0.027472,9.867220
13.72580,0.022431,-0.026841,9.859989
13.73410,0.011019,-0.025586,9.883040
13.74440,0.009900,-0.031968,9.871946
13.75910,0.008427,-0.033513,9.890488
13.76700,0.005195,-0.028458,9.876789
13.77680,0.000960,-0.028283,9.886479
13.78380,-0.002980,-0.028105,9.883776
13.80000,-0.014072,-0.025598,9.890108
13.81040,-0.012382,-0.032297,9.886069
13.81640,-0.015628,-0.025357,9.875535
13.82490,-0.022882,-0.024576,9.873527
13.83300,-0.027978,-0.021822,9.877618
13.84460,-0.023104,-0.025402,9.893084
13.85810,-0.033296,-0.027859,9.886663
13.86610,-0.034317,-0.019487,9.890054
13.87740,-0.034158,-0.020028,9.883011
13.89070,-0.039464,-0.022660,9.893886
13.89940,-0.046844,-0.012412,9.884107
13.90770,-0.044091,-0.018997,9.893215
13.91250,-0.040630,-0.017185,9.892303
13.92260,-0.045448,-0.013925,9.894557
13.94060,-0.044913,-0.003892,9.877082
13.94540,-0.047285,-0.008405,9.895383
13.95820,-0.050603,-0.004932,9.879431
13.96530,-0.054329,0.000436,9.893236
13.97380,-0.051179,0.000657,9.883862
13.98260,-0.046364,0.002371,9.890797
13.99910,-0.052797,0.002338,9.892135
14.00780,-0.047115,0.006266,9.885711
14.01260,-0.049282,0.009472,9.886346
14.02370,-0.041196,0.011349,9.878961
14.04070,-0.041970,0.015821,9.884244
14.04550,-0.036911,0.020047,9.883500
14.05740,-0.034358,0.016720,9.898708
14.06580,-0.032015,0.016483,9.882667
14.07910,-0.028470,0.021892,9.892699
14.08300,-0.032123,0.022216,9.897760
14.09970,-0.029852,0.020933,9.898433
14.11190,-0.018093,0.029325,9.888087
14.12490,-0.017001,0.030003,9.886783
14.13310,-0.019642,0.032575,9.895033
14.14440,-0.012408,0.030712,9.891728
14.15770,-0.003659,0.033408,9.883973
14.16790,-0.002510,0.031976,9.894295
14.17830,0.003922,0.025407,10.165697
14.18350,0.004295,0.029300,10.213376
14.20030,0.007901,0.034099,9.766509
14.21390,0.012377,0.025626,9.800760
14.22510,0.024992,0.031336,9.959887
14.23370,0.020901,0.029429,9.967801
14.24570,0.026580,0.024886,9.876736
14.25870,0.027385,0.026396,9.859294
14.26690,0.030508,0.019795,9.879873
14.27920,0.034246,0.021007,9.897402
14.28220,0.038205,0.022047,9.894456
14.29990,0.038999,0.012608,9.897501
14.31220,0.042782,0.017287,9.883447
14.32550,0.042647,0.015125,9.894490
14.33380,0.049624,0.004107,9.896300
14.34630,0.051845,0.006978,9.888429
14.35860,0.050620,0.006569,9.897612
14.36690,0.052933,0.004805,9.894561
14.37830,0.048804,0.002883,9.884258
14.38340,0.053102,0.001735,9.886925
14.40040,0.047064,-0.011171,9.883354
14.41150,0.047492,-0.004288,9.880573
14.42320,0.049467,-0.015678,9.894317
14.43290,0.040169,-0.008912,10.016505
14.44480,0.046223,-0.013434,10.035992
14.45730,0.036203,-0.021974,9.868098
14.46540,0.032323,-0.021389,9.813899
14.47410,0.033460,-0.018542,9.830902
14.48980,0.029795,-0.022514,9.901237
14.49790,0.028408,-0.021549,9.913710
14.50690,0.020914,-0.021800,9.902710
14.51200,0.025983,-0.027255,9.888343
14.52380,0.022342,-0.029132,9.863129
14.54480,0.007657,-0.030853,9.886588
14.55730,0.010417,-0.032935,9.879925
14.56500,0.006844,-0.032717,9.875329
14.57350,0.003096,-0.033545,9.881716
14.58280,-0.005929,-0.030300,9.886899
14.59840,-0.011975,-0.024739,9.875889
14.60590,-0.014583,-0.023950,9.883212
14.61350,-0.016145,-0.023574,9.886908
14.62250,-0.021113,-0.025291,9.879440
14.63920,-0.021214,-0.022034,9.887414
14.64490,-0.026449,-0.022889,9.874285
14.65550,-0.034644,-0.019181,9.866711
14.66380,-0.028362,-0.021136,9.869288
14.67840,-0.038966,-0.023629,9.868559
14.68870,-0.041876,-0.021447,9.871446
14.69690,-0.041936,-0.018413,9.867493
14.70530,-0.039137,-0.014660,9.872598
14.71370,-0.049700,-0.014696,9.868160
14.73010,-0.046788,-0.005941,9.864046
14.73860,-0.052971,-0.011726,9.873811
14.74490,-0.046019,-0.005702,9.880784
14.75500,-0.051008,-0.000619,9.878017
14.76340,-0.054876,-0.004094,9.879316
14.77830,-0.051160,0.001234,9.871505
14.78760,-0.049809,0.001568,9.866366
14.79590,-0.051632,0.001230,9.877316
14.80410,-0.044420,0.006750,9.858295
14.81250,-0.042884,0.006495,9.874251
14.82920,-0.049116,0.009105,9.859816
14.83750,-0.038589,0.015686,9.857361
14.84550,-0.038332,0.019639,9.862987
14.85390,-0.035364,0.015716,9.869449
14.86250,-0.042305,0.020984,9.867095
14.87780,-0.030988,0.023101,9.856587
14.88710,-0.026972,0.020190,9.870308
14.89550,-0.024096,0.021665,9.863156
14.90360,-0.026490,0.027334,9.869905
14.91960,-0.018935,0.027264,9.863637
14.92790,-0.018474,0.025704,9.858378
14.93610,-0.012539,0.033002,9.866358
14.94490,-0.015130,0.034145,9.861592
14.95250,-0.010053,0.028293,9.857181
14.96950,-0.003329,0.028818,9.865617
14.97780,0.003728,0.029159,10.123823
14.98640,0.009409,0.032661,10.145983
14.99430,0.005048,0.024685,9.891525
15.00290,0.013041,0.032469,9.697938
15.01930,0.019836,0.030875,9.847496
15.02750,0.021130,0.030646,9.935004
15.03600,0.029006,0.024064,9.919738
15.04300,0.024059,0.025663,9.852186
15.05920,0.034739,0.027409,9.810354
15.06700,0.032223,0.024111,9.852333
15.07650,0.040545,0.024845,9.839175
15.08360,0.039600,0.017736,9.852390
15.09980,0.037796,0.020337,9.852265
15.10960,0.043918,0.013889,9.841094
15.11590,0.045012,0.017492,9.851716
15.12410,0.047394,0.011403,9.841438
15.13240,0.052561,0.005313,9.844689
15.14460,0.045195,0.002276,9.841581
15.15720,0.045215,0.005380,9.839948
15.16540,0.052671,-0.001021,9.829244
15.17790,0.053561,-0.000089,9.847379
15.19080,0.052114,-0.004986,9.838111
15.19820,0.046079,-0.009596,9.833032
15.20640,0.049063,-0.004428,9.833849
15.21330,0.048072,-0.006055,9.839828
15.22270,0.050566,-0.010548,9.827710
15.23270,0.044557,-0.016125,9.957170
15.24680,0.037008,-0.021590,9.964678
15.25760,0.035523,-0.014378,9.804222
15.26570,0.034108,-0.016179,9.761553
15.27480,0.036984,-0.024554,9.781954
15.28290,0.029114,-0.024592,9.832623
15.29840,0.024059,-0.023111,9.855871
15.30630,0.019821,-0.026546,9.834468
15.31470,0.018227,-0.028530,9.810563
15.32280,0.022770,-0.025570,9.810275
15.33920,0.013784,-0.025194,9.824653
15.34470,0.006772,-0.028586,9.819658
15.35750,0.009047,-0.031150,9.821781
15.36390,0.001434,-0.031325,9.830566
15.37250,-0.003024,-0.029823,9.810969
15.38890,-0.002155,-0.025155,9.824931
15.39710,-0.011465,-0.033763,9.812612
15.40550,-0.009376,-0.028119,9.811036
15.41340,-0.017580,-0.033134,9.820860
15.42200,-0.022571,-0.025587,9.805445
15.43310,-0.021848,-0.026483,9.809051
15.44410,-0.030118,-0.022300,9.805277
15.45820,-0.030152,-0.028089,9.807856
15.46640,-0.037090,-0.023588,9.807667
15.47840,-0.032392,-0.022935,9.817915
15.48250,-0.040983,-0.014517,9.816552
15.49920,-0.038030,-0.019565,9.798952
15.51160,-0.045301,-0.009582,9.802471
15.52380,-0.044196,-0.013247,9.799662
15.54010,-0.047102,-0.007314,9.811557
15.54370,-0.052051,-0.005880,9.797078
15.55590,-0.044924,-0.000824,9.808621
15.56420,-0.048916,0.001893,9.791639
15.57250,-0.054471,0.000299,9.790970
15.58780,-0.051606,0.005966,9.797384
15.59690,-0.051751,0.007023,9.791926
15.60290,-0.047853,0.008533,9.793991
15.61230,-0.043146,0.007894,9.790016
15.62900,-0.043455,0.010559,9.786964
15.63700,-0.048535,0.012680,9.796913
15.64260,-0.039832,0.017655,9.794723
15.65380,-0.041946,0.019730,9.795126
15.67030,-0.031626,0.018124,9.786039
15.67600,-0.035928,0.018135,9.792544
15.68710,-0.033440,0.019722,9.781696
15.69560,-0.033086,0.029051,9.785625
15.70370,-0.028811,0.021765,9.782515
15.72000,-0.015569,0.030681,9.785365
15.72730,-0.018372,0.030754,9.777845
15.73590,-0.013115,0.031573,9.792409
15.74320,-0.007678,0.031268,9.780202
15.75250,-0.009088,0.031772,9.788280
15.76910,0.000229,0.030221,9.782564
15.77810,0.005885,0.026673,10.068592
15.78640,0.003202,0.032298,10.071943
15.79440,0.009252,0.025997,9.822257
15.80250,0.013324,0.032058,9.635098
15.81410,0.018922,0.026715,9.678866
15.82790,0.023679,0.023898,9.865417
15.83590,0.027688,0.028405,9.835225
15.84470,0.026650,0.023046,9.777766
15.85990,0.032837,0.024935,9.746445
15.86890,0.033091,0.024896,9.768255
15.87800,0.034469,0.021396,9.776955
15.88530,0.042744,0.015055,9.781205
15.89560,0.044416,0.017443,9.777446
15.90400,0.046219,0.019622,9.772046
15.91190,0.048763,0.012494,9.765350
15.92830,0.050071,0.013947,9.774243
15.93690,0.048729,0.008872,9.763056
15.94430,0.052791,0.007564,9.770755
15.95330,0.052616,0.000614,9.764474
15.96840,0.048268,-0.000705,9.772141
15.97810,0.053407,0.001433,9.765695
15.98540,0.049984,0.001307,9.754169
15.99440,0.048912,-0.002174,9.763847
16.00260,0.046651,-0.007332,9.764940
16.01210,0.049535,-0.005536,9.756529
16.02720,0.049352,-0.014933,9.767295
16.03590,0.045991,-0.016034,9.933485
16.04660,0.040983,-0.012816,9.891474
16.06050,0.035614,-0.016150,9.718223
16.06960,0.034707,-0.025122,9.687390
16.07990,0.030214,-0.022393,9.726942
16.08600,0.032837,-0.025425,9.761240
16.09440,0.029182,-0.022086,9.795372
16.10270,0.027521,-0.024616,9.776826
16.11200,0.022337,-0.023265,9.757465
16.12760,0.016969,-0.032865,9.733332
16.13570,0.010275,-0.025043,9.742834
16.14440,0.015207,-0.033960,9.751356
16.16050,0.004046,-0.032525,9.749181
16.16880,0.000887,-0.033644,9.749973
16.17780,-0.005084,-0.028455,9.754973
16.18520,-0.010041,-0.028227,9.743204
16.19340,-0.011992,-0.025639,9.752713
16.21130,-0.020065,-0.030637,9.740506
16.21820,-0.014342,-0.032268,9.753790
16.22610,-0.022503,-0.032184,9.746720
16.23480,-0.021058,-0.021971,9.751806
16.24510,-0.030738,-0.023083,9.750764
16.25990,-0.031026,-0.022720,9.743198
16.26790,-0.034855,-0.023968,9.746280
16.28060,-0.038939,-0.015164,9.747867
16.28250,-0.042605,-0.022987,9.737044
16.29270,-0.039203,-0.019790,9.736684
16.31160,-0.046779,-0.014766,9.733050
16.32630,-0.050289,-0.012570,9.732888
16.33380,-0.044392,-0.012802,9.733504
16.34530,-0.046311,-0.010753,9.734476
16.35870,-0.049869,-0.000799,9.741290
16.36690,-0.054879,0.003572,9.749320
16.37840,-0.051421,0.001244,9.749034
16.38240,-0.049830,-0.000806,9.736215
16.39860,-0.050306,0.008901,9.735699
16.40710,-0.047401,0.003653,9.728398
16.41530,-0.044142,0.009917,9.744872
16.42300,-0.050675,0.013547,9.742581
16.43930,-0.044373,0.013252,9.739348
16.44380,-0.042260,0.014962,9.738579
16.45610,-0.034786,0.018187,9.733351
16.46420,-0.037265,0.020072,9.738774
16.47220,-0.032530,0.025062,9.744937
16.48880,-0.034745,0.020113,9.743847
16.49700,-0.024604,0.021774,9.738769
16.50550,-0.022171,0.028053,9.728794
16.51210,-0.027569,0.025263,9.724580
16.53040,-0.012659,0.023846,9.739330
16.53210,-0.018834,0.025041,9.742755
16.54510,-0.012078,0.033841,9.730856
16.55470,-0.004580,0.025434,9.742417
16.57070,0.003518,0.028916,9.738398
16.57760,0.006346,0.026025,9.997968
16.58670,0.006744,0.026453,10.003342
16.59470,0.006823,0.031708,9.773851
16.60300,0.009185,0.029115,9.581777
16.61280,0.019397,0.030300,9.611577
16.62620,0.017566,0.029998,9.811602
16.63560,0.019483,0.026114,9.808121
16.64420,0.030735,0.020406,9.722686
16.65220,0.033137,0.021899,9.689809
16.66850,0.036593,0.021080,9.724073
16.68060,0.035856,0.021416,9.734350
16.68510,0.042963,0.019294,9.736371
16.69340,0.044679,0.016545,9.728237
16.71300,0.045449,0.011657,9.728909
16.72670,0.050945,0.005941,9.720632
16.73490,0.045030,0.012523,9.722067
16.74430,0.051091,0.011388,9.733275
16.75940,0.049982,0.002981,9.720965
16.76760,0.051647,0.005139,9.737379
16.77730,0.049048,-0.004180,9.730423
16.78340,0.051953,0.000299,9.725633
16.79980,0.045267,-0.005175,9.723356
16.81120,0.051121,-0.006873,9.721560
16.81620,0.045487,-0.014216,9.728115
16.82430,0.050492,-0.011556,9.731263
16.83260,0.041813,-0.015523,9.854222
16.84500,0.039446,-0.012617,9.886715
16.85700,0.039817,-0.019978,9.719923
16.86540,0.037831,-0.020513,9.662878
16.87390,0.031056,-0.022038,9.664868
16.88230,0.031692,-0.018590,9.715876
16.89870,0.028418,-0.020912,9.760269
16.90690,0.029091,-0.023350,9.749939
16.91530,0.025787,-0.026031,9.729284
16.92420,0.014389,-0.029209,9.716114
16.93240,0.018702,-0.029079,9.724245
16.94590,0.012936,-0.028592,9.734963
16.95770,0.004398,-0.028828,9.733780
16.96510,0.005116,-0.031136,9.736666
16.97870,-0.006516,-0.028368,9.741068
16.98990,-0.004118,-0.025491,9.730542
16.99850,-0.005752,-0.028734,9.741152
17.00670,-0.012736,-0.026651,9.724046
17.01210,-0.015468,-0.024524,9.740364
17.02350,-0.023081,-0.030151,9.724599
17.03850,-0.028265,-0.024662,9.725847
17.04460,-0.030938,-0.021902,9.736545
17.05590,-0.029313,-0.025122,9.737324
17.06400,-0.030698,-0.026388,9.732108
17.07260,-0.034686,-0.016551,9.743478
17.08870,-0.043000,-0.016970,9.738973
17.09710,-0.038546,-0.018041,9.735302
17.10570,-0.046828,-0.015636,9.743798
17.11390,-0.046943,-0.011421,9.745247
17.12250,-0.047036,-0.014517,9.731630
17.13820,-0.048051,-0.006105,9.732142
17.14430,-0.046091,-0.010404,9.730511
17.15580,-0.052163,-0.006021,9.735051
17.16420,-0.054809,-0.005628,9.737107
17.17260,-0.051939,-0.002892,9.736586
17.18910,-0.053639,0.000166,9.745873
17.19760,-0.049402,0.007921,9.742334
17.20530,-0.051310,0.006431,9.735586
17.21290,-0.047701,0.013086,9.745746
17.22940,-0.044866,0.015345,9.736702
17.23750,-0.046343,0.016791,9.734230
17.24420,-0.044972,0.015070,9.747238
17.25370,-0.042398,0.019725,9.736376
17.27050,-0.035599,0.018329,9.743206
17.27800,-0.037465,0.024076,9.740967
17.28670,-0.033124,0.026796,9.746791
17.29490,-0.025368,0.019839,9.738653
17.30340,-0.024724,0.021399,9.736988
17.31370,-0.022818,0.030418,9.737229
17.32800,-0.019891,0.031599,9.755508
17.33660,-0.010946,0.028783,9.753664
17.34480,-0.010449,0.027797,9.752686
17.36060,-0.002000,0.028918,9.750347
17.36890,-0.002860,0.034079,9.748443
17.37820,0.005875,0.032664,10.018731
17.38580,0.003443,0.025585,10.044850
17.39290,0.009263,0.033575,9.845110
17.41100,0.017133,0.027782,9.620203
17.41830,0.018559,0.026795,9.719159
17.42620,0.015821,0.022931,9.832855
17.43480,0.025256,0.028174,9.818616
17.44490,0.028633,0.021326,9.748813
17.45960,0.029623,0.019643,9.715462
17.46790,0.036220,0.020357,9.757625
17.47840,0.041736,0.023879,9.748360
17.48400,0.042172,0.018377,9.758826
17.50050,0.044098,0.012717,9.755513
17.51200,0.047843,0.014197,9.762647
17.52570,0.045494,0.015244,9.760041
17.53400,0.050432,0.011572,9.755072
17.54510,0.052432,0.003817,9.752138
17.55890,0.045424,0.006373,9.759871
17.56750,0.054874,0.004010,9.768278
17.57820,0.053152,-0.002439,9.772272
17.58340,0.053904,0.002116,9.770663
17.59980,0.049413,-0.007826,9.759162
17.61160,0.047212,-0.013574,9.762468
17.62530,0.041372,-0.008199,9.771253
17.63230,0.048526,-0.017127,9.884605
17.64540,0.042449,-0.012308,9.906171
17.65690,0.035508,-0.021109,9.767603
17.66510,0.041790,-0.018169,9.705667
17.67350,0.033113,-0.023726,9.718779
17.68190,0.032103,-0.022203,9.756072
17.69850,0.028066,-0.024795,9.807855
17.70760,0.020207,-0.024518,9.792305
17.71230,0.020067,-0.026854,9.783199
17.72340,0.021410,-0.027172,9.765338
17.73980,0.008693,-0.027651,9.775910
17.74410,0.007175,-0.025702,9.774651
17.75690,0.008116,-0.033982,9.771256
17.76470,0.004791,-0.024971,9.781022
17.77420,-0.001448,-0.025401,9.774199
17.78860,-0.003653,-0.033625,9.784559
17.79740,-0.008043,-0.030021,9.774875
17.80460,-0.015815,-0.029940,9.787505
17.81360,-0.013771,-0.031119,9.774848
17.82240,-0.019632,-0.029899,9.792312
17.83920,-0.029873,-0.025154,9.795559
17.84390,-0.022155,-0.028825,9.778772
17.85650,-0.029528,-0.022858,9.786585
17.86460,-0.031522,-0.017404,9.795592
17.87270,-0.039570,-0.023094,9.784078
17.88930,-0.036529,-0.014168,9.795406
17.89750,-0.043272,-0.018852,9.784192
17.90550,-0.042850,-0.018322,9.788981
17.91400,-0.044096,-0.011464,9.792086
17.92210,-0.047261,-0.009518,9.797922
17.93890,-0.048722,-0.009644,9.797502
17.94540,-0.047791,-0.008501,9.799456
17.95540,-0.046895,-0.001621,9.798541
17.96350,-0.052798,-0.005765,9.788372
17.97830,-0.047471,0.005230,9.806360
17.98810,-0.049258,0.004929,9.796566
17.99650,-0.050342,0.004613,9.810140
18.00470,-0.045205,0.005578,9.799319
18.01320,-0.043795,0.007668,9.795016
18.02920,-0.049767,0.009054,9.796798
18.03670,-0.039082,0.013819,9.799060
18.04360,-0.037345,0.012985,9.804414
18.05230,-0.039341,0.022643,9.813246
18.06890,-0.032152,0.025714,9.810198
18.07700,-0.034538,0.022849,9.808312
18.08600,-0.026484,0.024373,9.802850
18.09290,-0.027336,0.020230,9.806389
18.10220,-0.023549,0.022491,9.810166
18.11310,-0.023196,0.027360,9.814261
18.12610,-0.021247,0.032140,9.803096
18.13440,-0.012516,0.028361,9.814644
18.14510,-0.009678,0.032078,9.823795
18.15990,-0.007006,0.026371,9.825593
18.16790,0.002801,0.033935,9.825286
18.17780,0.001871,0.032548,10.081381
18.18450,0.002537,0.028218,10.142975
18.20050,0.013029,0.025020,9.701718
18.21140,0.016997,0.024844,9.681090
18.21580,0.020752,0.029399,9.759623
18.22470,0.016885,0.029499,9.890400
18.23300,0.021449,0.027583,9.896723
18.24470,0.025643,0.027428,9.826264
18.25240,0.033228,0.025789,9.786211
18.26350,0.036578,0.025522,9.806090
18.27830,0.041600,0.021826,9.836396
18.28340,0.034515,0.015212,9.826763
18.30040,0.047099,0.018970,9.836883
18.31100,0.045184,0.013218,9.832065
18.31560,0.049316,0.008079,9.824852
18.32390,0.042229,0.010548,9.824378
18.33920,0.049412,0.010731,9.826392
18.34530,0.048585,0.005117,9.843196
18.35480,0.054450,0.005118,9.829236
18.36520,0.050430,-0.000824,9.835368
18.37780,0.047837,0.002914,9.839306
18.38940,0.051252,-0.007068,9.832428
18.39760,0.047497,-0.010973,9.833262
18.40570,0.043401,-0.003361,9.836803
18.41420,0.051257,-0.013610,9.844222
18.43090,0.041409,-0.011369,9.919319
18.43920,0.047038,-0.013372,10.026104
18.44360,0.039346,-0.012955,10.016568
18.45560,0.044159,-0.019599,9.842137
18.46420,0.033918,-0.020287,9.773133
18.47350,0.038132,-0.021620,9.779051
18.48900,0.030221,-0.026728,9.870887
18.49730,0.024753,-0.021801,9.870407
18.50540,0.024585,-0.029371,9.865095
18.51360,0.024899,-0.029342,9.836065
18.52940,0.015698,-0.030682,9.846014
18.53820,0.016036,-0.029008,9.839333
18.54470,0.010214,-0.032799,9.854311
18.55440,0.002520,-0.032687,9.845075
18.57090,0.001803,-0.027689,9.861808
18.57720,-0.003034,-0.033003,9.852732
18.58710,-0.004482,-0.031912,9.851599
18.59520,-0.007869,-0.033518,9.847223
18.60320,-0.013870,-0.024418,9.851704
18.62000,-0.014334,-0.026452,9.852728
18.62810,-0.020774,-0.024783,9.848821
18.63640,-0.025202,-0.030964,9.862815
18.64400,-0.025844,-0.024154,9.862498
18.65210,-0.030500,-0.027874,9.856346
18.66870,-0.030420,-0.017823,9.853156
18.67720,-0.040612,-0.015634,9.858182
18.68480,-0.034980,-0.016800,9.858627
18.69320,-0.036156,-0.014971,9.860968
18.71100,-0.040168,-0.017977,9.857532
18.71850,-0.046543,-0.008873,9.856483
18.72640,-0.043071,-0.010182,9.869786
18.73510,-0.052495,-0.012864,9.859222
18.74420,-0.047714,-0.008672,9.874768
18.75960,-0.046938,-0.002709,9.858661
18.76600,-0.051854,-0.001249,9.876005
18.77660,-0.047036,0.005354,9.860220
18.78330,-0.053839,0.004640,9.863721
18.79980,-0.048272,0.005260,9.871667
18.81010,-0.043071,0.011659,9.875042
18.81620,-0.042280,0.012602,9.879783
18.82330,-0.042203,0.016519,9.880252
18.83330,-0.046283,0.014303,9.874186
18.84220,-0.043327,0.010879,9.882396
18.85820,-0.039491,0.014054,9.882817
18.86620,-0.035449,0.021274,9.874785
18.87590,-0.035921,0.023230,9.865938
18.88270,-0.028539,0.018516,9.884617
18.89830,-0.032119,0.023144,9.872393
18.90940,-0.026038,0.022570,9.882678
18.91470,-0.024110,0.024974,9.878363
18.92300,-0.018659,0.029985,9.885598
18.94340,-0.008500,0.030249,9.885283
18.96010,-0.006428,0.029067,9.886119
18.96370,-0.002210,0.032610,9.876057
18.97810,0.004032,0.034265,10.154972
18.98840,0.004186,0.030146,10.109531
18.99660,0.009262,0.026580,9.858513
19.00490,0.008736,0.030674,9.716700
19.01330,0.013470,0.030448,9.780432
19.03010,0.023953,0.031010,9.967024
19.03250,0.021583,0.025945,9.961940
19.04510,0.023335,0.027035,9.875423
19.05490,0.028264,0.023914,9.836832
19.06340,0.035874,0.026849,9.862511
19.07740,0.036198,0.018741,9.892639
19.08730,0.035404,0.013888,9.892123
19.09560,0.042406,0.014528,9.886571
19.10400,0.038386,0.015037,9.889082
19.12000,0.049873,0.007216,9.875564
19.12840,0.051896,0.013378,9.890524
19.13700,0.048165,0.011976,9.885772
19.14440,0.053201,0.002372,9.883640
19.15380,0.052459,0.005082,9.883804
19.16960,0.054938,0.000711,9.881877
19.17750,0.046632,-0.006201,9.884084
19.18470,0.052798,0.001461,9.878650
19.19340,0.048219,-0.007578,9.890108
19.21200,0.042890,-0.012521,9.882490
19.22720,0.042451,-0.011677,9.879916
19.23570,0.047076,-0.017820,10.060494
19.24410,0.046929,-0.015432,10.041398
19.26010,0.042744,-0.021478,9.847143
19.26850,0.039656,-0.020009,9.808777
19.27770,0.037764,-0.022809,9.852944
19.28420,0.033729,-0.022670,9.893863
19.29310,0.028037,-0.027315,9.925898
19.31150,0.027007,-0.026277,9.888046
19.32690,0.016442,-0.029431,9.887888
19.33450,0.016866,-0.027665,9.877199
19.34570,0.006402,-0.030515,9.888037
19.35940,0.003516,-0.031134,9.891888
19.36740,0.004350,-0.025750,9.890662
19.37780,-0.003769,-0.031125,9.882591
19.38400,-0.008982,-0.030832,9.892595
19.39990,-0.010174,-0.026169,9.881873
19.41080,-0.012271,-0.025685,9.885458
19.41630,-0.017513,-0.030009,9.882577
19.42470,-0.019645,-0.028517,9.881244
19.43320,-0.020297,-0.022963,9.889367
19.44460,-0.026179,-0.020701,9.885829
19.45820,-0.031496,-0.023763,9.886558
19.46670,-0.030756,-0.017712,9.895012
19.47890,-0.036855,-0.023464,9.895234
19.48320,-0.038751,-0.020784,9.898707
19.49940,-0.044989,-0.018174,9.890723
19.51090,-0.041513,-0.016026,9.889296
19.51300,-0.041337,-0.016541,9.886171
19.52390,-0.047088,-0.007957,9.891011
19.54550,-0.046678,-0.002038,9.879673
19.55720,-0.054044,-0.002955,9.879214
19.56520,-0.051348,0.002851,9.895642
19.57670,-0.046524,0.001144,9.879734
19.58220,-0.046650,0.000762,9.882856
19.59880,-0.044090,0.005784,9.894558
19.61090,-0.050080,0.006443,9.893624
19.61500,-0.048492,0.008033,9.894033
19.62320,-0.043153,0.014698,9.888016
19.63930,-0.047147,0.012436,9.889559
19.64410,-0.039515,0.015948,9.888687
19.65540,-0.040011,0.019455,9.889537
19.66350,-0.037576,0.021268,9.886160
19.67740,-0.029903,0.024650,9.888100
19.68860,-0.031685,0.024400,9.882240
19.69710,-0.030278,0.027491,9.880028
19.70520,-0.027151,0.027357,9.886562
19.71380,-0.019681,0.028146,9.880983
19.73050,-0.017090,0.030678,9.887962
19.73890,-0.008716,0.031267,9.875809
19.74380,-0.015677,0.031678,9.873569
19.75520,-0.010187,0.031616,9.878284
19.76340,-0.006133,0.025993,9.885750
19.77760,0.001740,0.029197,10.136744
19.78880,0.006213,0.033497,10.116393
19.79710,0.007058,0.034159,9.842216
19.80560,0.016751,0.032286,9.710834
19.81410,0.013797,0.024338,9.789706
19.82230,0.014422,0.029474,9.915091
19.83890,0.029934,0.029121,9.927792
19.84320,0.025556,0.020476,9.875666
19.85530,0.033484,0.024598,9.842120
19.86350,0.034853,0.023786,9.860744
19.87800,0.036723,0.018861,9.885776
19.88740,0.038370,0.017304,9.874528
19.89550,0.039583,0.015009,9.884173
19.90400,0.038982,0.017341,9.866553
19.91210,0.048770,0.012892,9.867476
19.92890,0.047869,0.005671,9.869331
19.93700,0.045121,0.006731,9.870213
19.94460,0.051358,0.004546,9.883110
19.95220,0.046188,0.004996,9.867594
19.97740,0.054718,-0.000606,9.878626
19.98500,0.046902,-0.005236,9.872084
19.99210,0.046667,-0.008991,9.874496
20.01050,0.047704,-0.013629,9.866211
20.01670,0.045461,-0.009386,9.863952
20.02490,0.040894,-0.008088,9.875940
20.03310,0.047711,-0.017428,10.002411
20.04610,0.040575,-0.011820,9.994848
20.05790,0.036702,-0.016559,9.850566
20.06600,0.038947,-0.017165,9.802142
20.07740,0.030210,-0.018444,9.833111
20.08260,0.030928,-0.024895,9.866167
20.09950,0.026870,-0.028516,9.881156
20.11030,0.018641,-0.021686,9.870783
20.11630,0.023741,-0.029433,9.864323
20.12460,0.013803,-0.029311,9.849386
20.13290,0.011440,-0.026572,9.850001
20.14360,0.014374,-0.029155,9.852144
20.15650,0.009449,-0.033305,9.860072
20.16600,0.004167,-0.026394,9.866615
20.17690,0.000024,-0.027834,9.861365
20.18280,-0.003202,-0.029157,9.858804
20.19890,-0.014309,-0.029318,9.859911
20.20740,-0.010776,-0.032886,9.860897
20.21540,-0.021645,-0.027652,9.858285
20.22400,-0.022774,-0.030143,9.849071
20.24310,-0.029454,-0.028755,9.855097
20.25650,-0.034176,-0.022058,9.858022
20.26490,-0.037797,-0.020100,9.849694
20.27730,-0.037782,-0.024204,9.850176
20.29000,-0.042207,-0.013041,9.843562
20.29780,-0.039909,-0.012935,9.854858
20.30550,-0.045273,-0.017455,9.838194
20.31310,-0.049179,-0.008942,9.837868
20.32910,-0.044816,-0.012569,9.842801
20.33740,-0.047856,-0.005041,9.841203
20.34520,-0.047996,-0.008079,9.849288
20.35360,-0.048768,-0.005359,9.844087
20.37070,-0.047959,-0.001785,9.846611
20.37690,-0.052927,0.002681,9.840122
20.38720,-0.051351,0.007720,9.834034
20.39530,-0.051525,0.009151,9.848463
20.40390,-0.043724,0.002609,9.835068
20.41210,-0.046739,0.004360,9.830311
20.42860,-0.048520,0.015863,9.845912
20.43670,-0.047559,0.016317,9.832756
20.44340,-0.044836,0.012182,9.827740
20.45270,-0.039600,0.013356,9.827065
20.46940,-0.036158,0.015865,9.842430
20.47710,-0.035070,0.017186,9.830082
20.48580,-0.030532,0.021188,9.824813
20.49360,-0.024477,0.027697,9.826522
20.51090,-0.022369,0.023349,9.823232
20.51820,-0.018299,0.031667,9.833150
20.52340,-0.015359,0.029314,9.833756
20.53450,-0.014207,0.031605,9.831108
20.54350,-0.006418,0.033742,9.826633
20.55900,-0.003935,0.029814,9.819838
20.56750,-0.004818,0.028666,9.832354
20.57650,0.006125,0.028224,10.058259
20.58430,0.005077,0.027612,10.142599
20.60070,0.012524,0.031662,9.693801
20.61010,0.017663,0.027566,9.672586
20.61660,0.017820,0.028931,9.757632
20.62470,0.019493,0.023219,9.886058
20.63310,0.026501,0.023002,9.905912
20.64440,0.026427,0.023151,9.812516
20.65730,0.027537,0.024619,9.774453
20.66530,0.036616,0.024246,9.794868
20.67690,0.034839,0.016910,9.821364
20.68990,0.035850,0.018997,9.811969
20.69850,0.043502,0.018298,9.806323
20.70710,0.039711,0.015765,9.803494
20.71460,0.048352,0.016738,9.804211
20.72430,0.042044,0.010776,9.800595
20.73980,0.052856,0.006676,9.804739
20.74280,0.049811,0.011137,9.798858
20.75570,0.046629,0.004695,9.811247
20.76440,0.048552,-0.000098,9.805044
20.77270,0.046841,-0.000741,9.814048
20.79010,0.044710,-0.000595,9.796280
20.79740,0.049661,-0.002342,9.807047
20.80570,0.051288,-0.008778,9.793235
20.81400,0.043827,-0.014035,9.808354
20.82240,0.045865,-0.007487,9.790547
20.83840,0.040497,-0.010539,9.973528
20.84390,0.037519,-0.011232,9.963415
20.85520,0.040962,-0.015005,9.810859
20.86380,0.042279,-0.020070,9.728458
20.87740,0.029869,-0.021197,9.749652
20.88840,0.029604,-0.022992,9.804401
20.89550,0.026678,-0.019980,9.827916
20.90380,0.022181,-0.028657,9.817424
20.91200,0.023248,-0.027569,9.792958
20.92860,0.018405,-0.024148,9.788432
20.93650,0.009640,-0.026925,9.777383
20.94530,0.006794,-0.028007,9.779918
20.96180,0.000111,-0.027327,9.780090
20.97650,0.002054,-0.030887,9.779939
20.98530,-0.000978,-0.034685,9.786118
20.99330,-0.009373,-0.028275,9.781979
21.01080,-0.010796,-0.030728,9.772792
21.01780,-0.019611,-0.026313,9.780249
21.02620,-0.021578,-0.029372,9.771333
21.03450,-0.020180,-0.030734,9.777598
21.04670,-0.026335,-0.029113,9.772819
21.05260,-0.032117,-0.019321,9.782898
21.06810,-0.035166,-0.023611,9.767805
21.07760,-0.039512,-0.020572,9.776123
21.08470,-0.036045,-0.015912,9.766313
21.10110,-0.046634,-0.014447,9.766343
21.11210,-0.043903,-0.010409,9.771336
21.12670,-0.043556,-0.013427,9.770265
21.13490,-0.052913,-0.011328,9.778393
21.14430,-0.049265,-0.009275,9.779761
21.15400,-0.046175,-0.008502,9.775876
21.16730,-0.045679,-0.000781,9.776113
21.17730,-0.052253,-0.000761,9.759878
21.18430,-0.051023,0.004182,9.758567
21.19220,-0.044567,0.008721,9.760405
21.21090,-0.043456,0.006391,9.770803
21.21760,-0.046459,0.013485,9.770662
21.22480,-0.041316,0.013217,9.766288
21.23370,-0.046613,0.009085,9.770988
21.24450,-0.046381,0.018980,9.771187
21.25780,-0.036535,0.017529,9.753507
21.26640,-0.033890,0.022879,9.768762
21.27800,-0.030849,0.018617,9.758944
21.28210,-0.030399,0.024919,9.749666
21.29890,-0.029843,0.025838,9.754261
21.30690,-0.021919,0.026849,9.753638
21.31550,-0.026381,0.026760,9.750906
21.32370,-0.015665,0.032076,9.753080
21.34080,-0.013983,0.032460,9.749588
21.34580,-0.014990,0.026681,9.754711
21.35610,-0.007842,0.033186,9.744317
21.36520,-0.006742,0.034807,9.762209
21.37330,-0.003794,0.030260,9.828613
21.39020,0.011647,0.027685,9.933907
21.39830,0.006605,0.029372,9.676086
21.41080,0.017138,0.026657,9.606763
21.41550,0.012741,0.030025,9.682383
21.42290,0.021763,0.028388,9.789286
21.43920,0.026373,0.026559,9.796306
21.44460,0.023057,0.020331,9.740011
21.45530,0.027253,0.022876,9.692830
21.46370,0.030598,0.026877,9.729313
21.47800,0.041962,0.021726,9.747788
21.48900,0.042268,0.013711,9.745243
21.49590,0.039016,0.015315,9.737370
21.50510,0.040891,0.012791,9.749889
21.51290,0.042450,0.013417,9.745603
21.52830,0.046759,0.007555,9.745925
21.53690,0.044546,0.013024,9.746136
21.54360,0.043887,0.005124,9.749184
21.55370,0.050331,0.008664,9.748834
21.57020,0.052924,0.002532,9.749312
21.57630,0.048655,0.002795,9.747251
21.58250,0.054671,0.000553,9.736763
21.59480,0.053975,-0.004309,9.747709
21.60290,0.052692,-0.004458,9.744603
21.61910,0.044435,-0.011178,9.734297
21.62730,0.050300,-0.009802,9.748249
21.63530,0.046298,-0.009525,9.903597
21.64330,0.041246,-0.011246,9.911423
21.65970,0.038475,-0.016358,9.699430
21.66780,0.039445,-0.021568,9.658318
21.67720,0.037029,-0.024402,9.688964
21.68460,0.028863,-0.025226,9.742952
21.70090,0.025639,-0.022903,9.770255
21.71140,0.025942,-0.023796,9.740199
21.71800,0.022546,-0.023422,9.728051
21.72650,0.019988,-0.025405,9.719484
21.73450,0.011653,-0.025347,9.726890
21.74610,0.012485,-0.031454,9.744267
21.75950,0.005045,-0.033815,9.742256
21.76760,-0.001087,-0.030138,9.727761
21.77760,0.000899,-0.028819,9.729459
21.78370,-0.005115,-0.025176,9.730845
21.80100,-0.008179,-0.032598,9.741657
21.81290,-0.018162,-0.025063,9.739136
21.82510,-0.024954,-0.025922,9.738088
21.83360,-0.026035,-0.025628,9.731954
21.84480,-0.022695,-0.024386,9.740294
21.85870,-0.027030,-0.024431,9.731835
21.86670,-0.029120,-0.024392,9.721781
21.87950,-0.039491,-0.020278,9.734554
21.88290,-0.042509,-0.018684,9.737202
21.89970,-0.042794,-0.014720,9.731201
21.90970,-0.047634,-0.011476,9.730612
21.91640,-0.040610,-0.014938,9.734968
21.92380,-0.046122,-0.011628,9.728611
21.93250,-0.051010,-0.005006,9.733221
21.94340,-0.053502,-0.005536,9.734287
21.95730,-0.049304,-0.002555,9.725915
21.96480,-0.047461,-0.001921,9.736653
21.97310,-0.045172,0.001394,9.730526
21.98980,-0.046369,0.003210,9.723481
21.99780,-0.045490,0.008447,9.732367
22.00590,-0.050662,0.005874,9.734016
22.01410,-0.044300,0.011977,9.734041
22.02240,-0.047259,0.012313,9.732002
22.03900,-0.044918,0.012203,9.733074
22.04330,-0.043033,0.011580,9.726055
22.05580,-0.042519,0.018006,9.732551
22.06430,-0.033589,0.018872,9.729133
22.07260,-0.033582,0.021643,9.733387
22.08870,-0.028276,0.022961,9.734703
22.09630,-0.027815,0.027845,9.731123
22.10520,-0.024596,0.030303,9.739418
22.11260,-0.018484,0.023129,9.734242
22.12910,-0.015059,0.026673,9.736863
22.13740,-0.010598,0.025998,9.726042
22.14490,-0.010599,0.033821,9.724241
22.15410,-0.007364,0.029730,9.727879
22.17010,-0.002757,0.025307,9.734732
22.17660,0.003752,0.034809,9.965624
22.18530,0.004109,0.034073,10.042405
22.19270,0.003573,0.031708,9.825210
22.21000,0.019675,0.028881,9.578148
22.21730,0.012499,0.032630,9.690087
22.22510,0.022541,0.031431,9.800678
22.23350,0.023613,0.028370,9.811584
22.24340,0.022182,0.021332,9.732431
22.25790,0.028712,0.026684,9.692782
22.26610,0.036003,0.023039,9.717022
22.27660,0.036748,0.019381,9.743599
22.28250,0.035196,0.024183,9.743786
22.29970,0.039759,0.017969,9.740380
22.31080,0.042429,0.017840,9.731903
22.31510,0.042542,0.015751,9.731532
22.32360,0.048397,0.008965,9.732784
22.34030,0.053129,0.009220,9.742169
22.34330,0.053289,0.006922,9.739289
22.35650,0.053521,0.002112,9.744313
22.36450,0.049938,0.002973,9.745398
22.37260,0.047650,-0.000176,9.745397
22.38950,0.051786,-0.006537,9.739457
22.39730,0.050244,-0.005877,9.729369
22.40570,0.052481,-0.006966,9.731851
22.41190,0.046394,-0.006142,9.733423
22.42390,0.048597,-0.016238,9.740718
22.43980,0.042503,-0.011933,9.924498
22.44520,0.039789,-0.011731,9.880728
22.45670,0.039171,-0.016024,9.734733
22.46510,0.038006,-0.024768,9.678214
22.47320,0.035993,-0.018358,9.676740
22.49010,0.031788,-0.022836,9.759376
22.49800,0.027429,-0.028658,9.762401
22.50650,0.022543,-0.024625,9.765047
22.51430,0.025380,-0.023436,9.730308
22.53100,0.013583,-0.029487,9.734414
22.53280,0.013642,-0.033287,9.741209
22.54500,0.009674,-0.032588,9.741649
22.55580,0.001626,-0.031500,9.752999
22.56410,0.000449,-0.032122,9.740541
22.57220,0.003029,-0.027758,9.737564
22.58880,-0.007127,-0.034051,9.738410
22.59710,-0.009818,-0.027815,9.741542
22.60590,-0.016631,-0.026035,9.747835
22.61380,-0.018386,-0.030336,9.740595
22.63070,-0.024659,-0.029804,9.759721
22.63900,-0.023743,-0.030852,9.759800
22.64410,-0.028915,-0.024793,9.755843
22.65560,-0.027107,-0.027263,9.750377
22.66280,-0.027859,-0.024213,9.746650
22.67880,-0.037774,-0.020577,9.761590
22.68740,-0.035031,-0.019899,9.745119
22.69360,-0.036364,-0.017449,9.746372
22.70370,-0.040582,-0.011887,9.761018
22.72010,-0.048902,-0.010796,9.753124
22.72850,-0.050063,-0.007918,9.763506
22.73630,-0.052922,-0.011928,9.753335
22.74420,-0.047389,-0.004532,9.752571
22.75260,-0.049926,-0.004188,9.761279
22.76890,-0.046610,-0.000727,9.758981
22.77770,-0.046837,-0.001987,9.754551
22.78550,-0.046383,-0.000647,9.765831
22.79340,-0.053649,0.004019,9.758594
22.81090,-0.051418,0.006429,9.768496
22.81200,-0.045147,0.009511,9.757860
22.82590,-0.046157,0.013365,9.766602
22.83430,-0.045476,0.011323,9.759523
22.84340,-0.040851,0.011642,9.771575
22.85910,-0.036689,0.015335,9.771548
22.86740,-0.037196,0.022942,9.766547
22.87660,-0.034446,0.023904,9.768591
22.88370,-0.027792,0.021305,9.774740
22.90010,-0.025410,0.020756,9.772309
22.90950,-0.022809,0.027240,9.764678
22.91610,-0.017010,0.022547,9.771356
22.92440,-0.016114,0.031318,9.771976
22.93270,-0.013117,0.032654,9.780594
22.94650,-0.010082,0.027784,9.777317
22.95740,-0.005116,0.031976,9.784584
22.96460,-0.003895,0.026008,9.773976
22.97390,0.005450,0.030967,9.894246
22.98890,0.001830,0.031043,9.994174
22.99740,0.005447,0.027671,9.722848
23.00550,0.011637,0.030418,9.604002
23.01420,0.016689,0.023636,9.682976
23.03010,0.024990,0.026721,9.870834
23.03190,0.026741,0.025935,9.867755
23.04290,0.023758,0.023794,9.787259
23.05510,0.030993,0.023947,9.742911
23.06360,0.036592,0.018123,9.769222
23.07600,0.038356,0.015524,9.792590
23.08830,0.044332,0.016749,9.796045
23.09680,0.038281,0.017496,9.791255
23.10470,0.039185,0.016100,9.789525
23.11290,0.041711,0.014343,9.789569
23.12640,0.048010,0.011352,9.788941
23.13770,0.049430,0.010573,9.793223
23.14600,0.049231,0.003730,9.793180
23.15440,0.045099,0.005771,9.797377
23.17020,0.053637,-0.002371,9.802027
23.17610,0.053799,-0.002382,9.786435
23.18680,0.050032,-0.003826,9.804301
23.19510,0.044930,-0.007085,9.789408
23.20330,0.049491,-0.011296,9.800393
23.21400,0.048542,-0.010758,9.806341
23.22750,0.042706,-0.012887,9.808773
23.23590,0.047711,-0.011446,9.967257
23.24230,0.041804,-0.017086,9.982905
23.25220,0.041328,-0.013025,9.846812
23.26830,0.035713,-0.021109,9.720655
23.27540,0.038934,-0.023686,9.759557
23.28410,0.030622,-0.021968,9.803095
23.29200,0.033336,-0.027192,9.839678
23.30850,0.023950,-0.029721,9.825235
23.31370,0.022535,-0.025847,9.806565
23.32480,0.017444,-0.027752,9.803013
23.33280,0.015814,-0.030779,9.804052
23.34240,0.016171,-0.027309,9.801607
23.35680,0.008691,-0.034314,9.803545
23.36490,0.007366,-0.027543,9.806446
23.37350,-0.004368,-0.032284,9.818335
23.39020,-0.009961,-0.030603,9.816669
23.39800,-0.005613,-0.024541,9.818635
23.40580,-0.009148,-0.028114,9.816535
23.41320,-0.018264,-0.026497,9.818963
23.42380,-0.015630,-0.027340,9.821815
23.44000,-0.026179,-0.020802,9.817708
23.44350,-0.023832,-0.025033,9.822169
23.45580,-0.030599,-0.022868,9.813380
23.46370,-0.034431,-0.021978,9.822142
23.47360,-0.036506,-0.025143,9.821093
23.48830,-0.042289,-0.016077,9.819020
23.49580,-0.037972,-0.017354,9.822909
23.50420,-0.038920,-0.017205,9.822908
23.51260,-0.046757,-0.014636,9.818663
23.52890,-0.043950,-0.009275,9.823283
23.53750,-0.045630,-0.004570,9.830953
23.54440,-0.045420,-0.004657,9.821891
23.55280,-0.049965,-0.007507,9.821367
23.56970,-0.047591,-0.004284,9.832941
23.57650,-0.046889,-0.002904,9.824498
23.58630,-0.053316,0.004049,9.831058
23.59470,-0.051866,0.001941,9.830367
23.60300,-0.044080,0.010465,9.829452
23.61930,-0.044220,0.006031,9.834719
23.62800,-0.048294,0.013817,9.838981
23.63610,-0.040636,0.009886,9.846661
23.64360,-0.043587,0.020648,9.838519
23.65300,-0.043946,0.020660,9.839243
23.66940,-0.031225,0.023359,9.839981
23.67640,-0.036582,0.026086,9.833955
23.68580,-0.029286,0.024709,9.843755
23.69380,-0.027099,0.026869,9.849565
23.70190,-0.022548,0.025026,9.848862
23.71860,-0.024880,0.029217,9.840437
23.72690,-0.018973,0.026052,9.846184
23.73540,-0.009979,0.030782,9.852672
23.74350,-0.014957,0.025910,9.854581
23.75960,-0.002486,0.026922,9.839473
23.76770,0.001070,0.028108,9.858352
23.77680,0.004668,0.027525,10.080446
23.78270,-0.000611,0.026950,10.190207
23.80120,0.008632,0.033862,9.729153
23.81030,0.015233,0.032065,9.698752
23.81630,0.019470,0.030819,9.800042
23.82580,0.017090,0.024711,9.917698
23.83380,0.020419,0.029423,9.933319
23.84580,0.025159,0.029728,9.846358
23.85820,0.035906,0.024108,9.826470
23.86470,0.036668,0.024583,9.841662
23.87740,0.041007,0.023985,9.851865
23.88290,0.041055,0.016309,9.858478
23.89950,0.040136,0.020233,9.854008
23.91170,0.046560,0.011561,9.851903
23.92380,0.044187,0.008470,9.870766
23.93220,0.051937,0.011582,9.860771
23.94440,0.048300,0.004088,9.862811
23.95720,0.050133,-0.000636,9.870984
23.96460,0.051494,0.005345,9.864967
23.97900,0.053139,-0.000481,9.864015
23.98980,0.054365,-0.001133,9.869371
23.99820,0.051837,-0.006128,9.861364
24.00650,0.050843,-0.011035,9.858736
24.01460,0.048451,-0.014201,9.865270
24.02300,0.041707,-0.015283,9.861337
24.03930,0.039902,-0.018856,10.053714
24.04410,0.046991,-0.017240,10.039618
24.05550,0.042791,-0.016409,9.875706
24.06380,0.037158,-0.024320,9.799484
24.07730,0.032137,-0.022995,9.827202
24.08890,0.028722,-0.019092,9.893057
24.09680,0.032354,-0.026833,9.893829
24.10500,0.027814,-0.029422,9.897967
24.11310,0.019628,-0.021885,9.871465
24.12970,0.019972,-0.030125,9.864235
24.13790,0.013553,-0.029566,9.880106
24.14380,0.007067,-0.024970,9.885542
24.15350,0.007292,-0.030688,9.881084
24.17010,0.002188,-0.030211,9.876746
24.17720,-0.000144,-0.033663,9.882616
24.18640,-0.006177,-0.027592,9.875386
24.19430,-0.007476,-0.032862,9.869782
24.20280,-0.011872,-0.033465,9.878617
24.21950,-0.015975,-0.028363,9.870999
24.22780,-0.025287,-0.028309,9.886808
24.23590,-0.021175,-0.022450,9.872880
24.24490,-0.025741,-0.023833,9.873888
24.25240,-0.034107,-0.027161,9.882782
24.26900,-0.034225,-0.025487,9.890790
24.27700,-0.039145,-0.016818,9.875309
24.28430,-0.041370,-0.022295,9.879066
24.29680,-0.045344,-0.014867,9.877712
24.30490,-0.041267,-0.011294,9.880651
24.31310,-0.042070,-0.017739,9.889014
24.32980,-0.046777,-0.010396,9.883213
24.33800,-0.047340,-0.006478,9.876251
24.34390,-0.045724,-0.007506,9.891819
24.35460,-0.047995,0.000533,9.877638
24.36350,-0.045636,-0.001280,9.875994
24.37650,-0.053930,-0.003183,9.883659
24.38760,-0.048947,0.007036,9.887879
24.39600,-0.052730,0.007868,9.893979
24.40440,-0.046608,0.008124,9.877907
24.41300,-0.048566,0.013704,9.878752
24.42880,-0.044745,0.011079,9.884545
24.43720,-0.043768,0.012539,9.880619
24.44290,-0.042030,0.012120,9.888079
24.45320,-0.038477,0.019325,9.894067
24.46980,-0.038844,0.016709,9.892478
24.47660,-0.032780,0.021370,9.883785
24.48650,-0.033604,0.022865,9.886106
24.49470,-0.029149,0.028535,9.897727
24.50310,-0.021582,0.021990,9.885544
24.52000,-0.016561,0.028792,9.881763
24.52810,-0.017591,0.028924,9.882963
24.53640,-0.009004,0.029571,9.895919
24.54400,-0.013846,0.030318,9.886981
24.55310,-0.007425,0.026738,9.893887
24.56930,0.001555,0.025939,9.898076
24.57690,0.001767,0.033582,10.124922
24.58270,0.008990,0.026406,10.212827
24.59480,0.010638,0.026212,9.927658
24.60280,0.010351,0.032467,9.746944
24.61950,0.018341,0.028705,9.889626
24.62770,0.024586,0.031966,9.977560
24.63590,0.026069,0.022736,9.947153
24.64370,0.024398,0.024149,9.895199
24.66050,0.035764,0.027631,9.850105
24.66870,0.038320,0.025405,9.897266
24.67680,0.032523,0.016981,9.880212
24.68490,0.034069,0.017144,9.886257
24.69340,0.037363,0.016148,9.894259
24.71090,0.042793,0.018354,9.886232
24.71880,0.046925,0.010559,9.886688
24.72700,0.049221,0.012007,9.883730
24.73530,0.049842,0.007562,9.895742
24.74290,0.049883,0.007574,9.883561
24.75990,0.051609,0.002345,9.895306
24.76800,0.045456,-0.001596,9.885383
24.77630,0.049417,-0.003876,9.889524
24.78450,0.053804,0.001281,9.893420
24.79270,0.049588,-0.002442,9.887405
24.81040,0.046762,-0.004356,9.898133
24.81810,0.046863,-0.009625,9.890465
24.82590,0.044012,-0.009642,9.897661
24.83420,0.048158,-0.016040,10.043816
24.84450,0.039632,-0.018061,10.035152
24.85800,0.038696,-0.017011,9.870672
24.86560,0.035185,-0.024829,9.806653
24.87610,0.030488,-0.019839,9.847252
24.88890,0.028985,-0.025094,9.916688
24.89820,0.022879,-0.022378,9.917600
24.90440,0.022972,-0.026786,9.895815
24.91460,0.023151,-0.022878,9.873593
24.92340,0.018147,-0.022918,9.874958
24.93890,0.012830,-0.031327,9.887125
24.94380,0.014781,-0.033776,9.875750
24.95570,0.003315,-0.031071,9.875560
24.96400,0.007490,-0.027389,9.875980
24.97220,0.004154,-0.030638,9.891866
24.98960,-0.003972,-0.026174,9.883537
24.99730,-0.014421,-0.027075,9.888690
25.00550,-0.013008,-0.029543,9.880436
25.01400,-0.020855,-0.023961,9.875278
25.02240,-0.014908,-0.023330,9.880837
25.03860,-0.021268,-0.022449,9.871144
25.04440,-0.023121,-0.023469,9.880251
25.05710,-0.033052,-0.021397,9.888646
25.06520,-0.030440,-0.025941,9.881819
25.07740,-0.040124,-0.018629,9.880477
25.09040,-0.039573,-0.014742,9.872570
25.09890,-0.043840,-0.019459,9.872277
25.11130,-0.042409,-0.011685,9.877522
25.11560,-0.048895,-0.012719,9.878876
25.12360,-0.047977,-0.006140,9.872193
25.13960,-0.050940,-0.010745,9.876507
25.14440,-0.050301,-0.010895,9.878054
25.15570,-0.050179,-0.004615,9.869807
25.16380,-0.049659,0.002066,9.878757
25.17730,-0.045831,-0.001037,9.880816
25.18690,-0.049557,0.006918,9.867828
25.19450,-0.046650,0.000842,9.873797
25.20270,-0.046470,0.005795,9.871366
25.21880,-0.047407,0.011307,9.874117
25.22690,-0.042220,0.012761,9.860965
25.23430,-0.045807,0.010045,9.876374
25.24280,-0.043953,0.018681,9.872898
25.25970,-0.038156,0.019888,9.865755
25.26810,-0.040949,0.023758,9.874976
25.27620,-0.035513,0.021093,9.864755
25.28510,-0.032988,0.025642,9.874029
25.29300,-0.028815,0.019487,9.866103
25.31020,-0.025113,0.027087,9.874381
25.31810,-0.023916,0.031485,9.872528
25.32610,-0.016738,0.023705,9.858324
25.33430,-0.012188,0.025938,9.856509
25.34360,-0.014311,0.025856,9.870646
25.35890,-0.006223,0.027076,9.854681
25.36720,-0.006112,0.033013,9.870928
25.37770,0.004834,0.025402,10.121190
25.38370,0.009218,0.033103,10.183643
25.40050,0.007773,0.025506,9.746578
25.41060,0.011071,0.024053,9.708266
25.41640,0.016342,0.023967,9.804631
25.42470,0.023452,0.028977,9.926365
25.43310,0.020658,0.031588,9.946751
25.44520,0.029095,0.028672,9.844234
25.45650,0.026423,0.022305,9.811149
25.46480,0.038066,0.022250,9.848174
25.47650,0.031993,0.022966,9.846601
25.48990,0.042580,0.020082,9.861322
25.49800,0.041705,0.020927,9.855192
25.51000,0.040126,0.015375,9.850600
25.51440,0.043073,0.013264,9.858116
25.52310,0.049915,0.016087,9.840065
25.54010,0.048144,0.003103,9.846639
25.54410,0.050429,0.004843,9.837936
25.55660,0.053473,0.001817,9.852960
25.56490,0.054742,-0.003101,9.842685
25.57400,0.046034,0.002083,9.849267
25.58840,0.047510,-0.006785,9.835247
25.59670,0.044491,-0.009150,9.851563
25.60460,0.049020,-0.007580,9.846853
25.61250,0.045733,-0.009669,9.843227
25.62920,0.042968,-0.008576,9.887675
25.63710,0.045565,-0.015167,10.010013
25.64300,0.038787,-0.014025,10.014561
25.65340,0.040312,-0.022538,9.880441
25.66970,0.034747,-0.021242,9.758839
25.67660,0.032538,-0.018786,9.798547
25.68620,0.030921,-0.022732,9.852264
25.69460,0.031004,-0.027598,9.871249
25.70290,0.024895,-0.021581,9.847679
25.71920,0.022462,-0.025543,9.824185
25.72750,0.018053,-0.033012,9.813880
25.73580,0.014022,-0.025096,9.824309
25.74360,0.008499,-0.033636,9.824887
25.75410,0.003505,-0.030684,9.819931
25.76220,0.006006,-0.029560,9.833233
25.77650,-0.004404,-0.027932,9.821408
25.78670,-0.010734,-0.030289,9.816971
25.79530,-0.010837,-0.024815,9.823353
25.80400,-0.011759,-0.032298,9.816789
25.81990,-0.014573,-0.028719,9.828443
25.82840,-0.023192,-0.024311,9.822992
25.83630,-0.025761,-0.022159,9.826218
25.84340,-0.030871,-0.027399,9.830024
25.85260,-0.028483,-0.027609,9.821840
25.86950,-0.034893,-0.018355,9.815227
25.87740,-0.035790,-0.021458,9.806809
25.88560,-0.034929,-0.016528,9.812747
25.89350,-0.038221,-0.020649,9.811482
25.90990,-0.045230,-0.009767,9.815589
25.91760,-0.042326,-0.010115,9.810649
25.92610,-0.048640,-0.007998,9.816729
25.93420,-0.047657,-0.012698,9.802373
25.94320,-0.046944,-0.006058,9.813279
25.95860,-0.053819,-0.001250,9.815264
25.96690,-0.052163,-0.000778,9.801448
25.97730,-0.052660,0.005793,9.798920
25.98250,-0.049719,-0.002088,9.804096
25.99830,-0.046890,0.009429,9.812884
26.00630,-0.045287,0.004079,9.796446
26.01390,-0.051977,0.005233,9.809940
26.03040,-0.044697,0.009402,9.795217
26.03210,-0.049332,0.010409,9.801365
26.04450,-0.041692,0.013682,9.807414
26.05490,-0.043015,0.014873,9.794010
26.06340,-0.032877,0.020895,9.804909
26.07670,-0.031667,0.025202,9.807116
26.08780,-0.034299,0.020049,9.793556
26.09600,-0.025302,0.029395,9.788963
26.10450,-0.022967,0.024996,9.787689
26.11270,-0.018054,0.028623,9.784999
26.12910,-0.018665,0.024934,9.798095
26.13730,-0.016043,0.030691,9.787561
26.14350,-0.015458,0.025863,9.787881
26.15380,-0.011714,0.025782,9.787948
26.17000,-0.005343,0.026167,9.785095
26.17770,-0.000103,0.027746,10.059459
26.18660,0.003560,0.033084,10.070178
26.19470,0.009984,0.027819,9.828937
26.20320,0.007887,0.025994,9.623626
26.21990,0.020606,0.023574,9.781194
26.22790,0.019574,0.029739,9.866394
26.23590,0.028325,0.030486,9.851921
26.24380,0.024507,0.023886,9.774931
26.25250,0.031321,0.019863,9.728299
26.26880,0.037194,0.019781,9.777821
26.27690,0.039714,0.022495,9.779659
26.28500,0.039682,0.023841,9.779776
26.29350,0.037885,0.013611,9.787502
26.31110,0.048555,0.010131,9.769348
26.31820,0.043117,0.015154,9.775869
26.32610,0.045771,0.011245,9.767291
26.33430,0.050445,0.004972,9.781321
26.34290,0.053569,0.007060,9.780234
26.35940,0.046133,-0.001769,9.764563
26.36770,0.046607,0.000570,9.777384
26.37700,0.051463,-0.005621,9.764781
26.38380,0.049752,-0.001122,9.773144
26.40040,0.047866,-0.009116,9.775991
26.41140,0.049511,-0.004810,9.763991
26.41640,0.049987,-0.010624,9.765880
26.42470,0.044084,-0.014635,9.775659
26.43350,0.041189,-0.017016,9.908250
26.44580,0.041668,-0.015885,9.903866
26.45700,0.039728,-0.020716,9.748159
26.46560,0.036937,-0.018121,9.683239
26.47730,0.030340,-0.018729,9.718964
26.48220,0.036927,-0.018116,9.753441
26.49900,0.031227,-0.022708,9.784664
26.51130,0.019761,-0.026966,9.769544
26.51520,0.026378,-0.028099,9.745534
26.52350,0.018792,-0.023656,9.748607
26.54460,0.007273,-0.026394,9.760355
26.55580,0.008293,-0.024780,9.761684
26.56520,-0.000628,-0.029818,9.754134
26.57620,0.002939,-0.026815,9.760492
26.58970,-0.007926,-0.027417,9.756845
26.59790,-0.007124,-0.027672,9.757028
26.60620,-0.014316,-0.033907,9.752220
26.61460,-0.019586,-0.024556,9.754803
26.62300,-0.023595,-0.029949,9.744622
26.63980,-0.029031,-0.021939,9.743622
26.64350,-0.022480,-0.025889,9.742726
26.65630,-0.029523,-0.024361,9.751799
26.66410,-0.033440,-0.024734,9.759045
26.67280,-0.030759,-0.025651,9.746410
26.68880,-0.037334,-0.014759,9.756115
26.69660,-0.036797,-0.013264,9.750914
26.70500,-0.039326,-0.012422,9.742531
26.71310,-0.043993,-0.017822,9.749487
26.73000,-0.043861,-0.012523,9.746364
26.73840,-0.045908,-0.007665,9.744808
26.74320,-0.046310,-0.006430,9.750813
26.75440,-0.045094,-0.000679,9.738220
26.76290,-0.051853,-0.004265,9.749281
26.77700,-0.048424,-0.001513,9.745682
26.78700,-0.054217,0.004050,9.735133
26.79540,-0.049601,0.006310,9.747236
26.80340,-0.043596,0.008344,9.743634
26.82030,-0.048046,0.007733,9.736088
26.82870,-0.045968,0.012334,9.738512
26.83680,-0.042871,0.016560,9.748118
26.84310,-0.040233,0.020095,9.731748
26.85360,-0.036085,0.013866,9.735410
26.87000,-0.036892,0.023434,9.746823
26.87640,-0.037167,0.017906,9.746856
26.88650,-0.035933,0.021312,9.746681
26.89520,-0.023900,0.029080,9.734118
26.90340,-0.021548,0.027930,9.741575
26.91940,-0.015678,0.026553,9.730527
26.92780,-0.021632,0.033079,9.736080
26.93580,-0.017088,0.025328,9.728829
26.94430,-0.015573,0.033046,9.730854
26.95980,-0.006857,0.028319,9.725821
26.96820,-0.005243,0.025805,9.726354
26.97780,-0.000705,0.026105,10.003559
26.98420,0.001518,0.030724,10.053120
26.99230,0.006076,0.031412,9.852634
27.01130,0.014496,0.024583,9.601804
27.01770,0.015251,0.024966,9.695538
27.02440,0.018227,0.025343,9.784087
27.03330,0.023164,0.031084,9.813385
27.04530,0.023038,0.027545,9.727978
27.05720,0.031951,0.027320,9.699555
27.06630,0.030324,0.023240,9.717726
27.07770,0.040157,0.024643,9.727439
27.08360,0.035867,0.018022,9.736484
27.10010,0.042248,0.019224,9.729747
27.11080,0.039632,0.012409,9.723983
27.11630,0.046081,0.016499,9.733801
27.12440,0.048508,0.009275,9.735551
27.13290,0.047823,0.005433,9.734384
27.14400,0.051661,0.005352,9.724875
27.15720,0.049612,0.003418,9.735101
27.16540,0.052890,0.000690,9.726901
27.17710,0.052212,0.000882,9.731981
27.18980,0.052372,-0.003122,9.726883
27.19840,0.044003,-0.001385,9.729186
27.20650,0.047228,-0.012126,9.730662
27.21460,0.051916,-0.005014,9.729073
27.23090,0.046289,-0.009019,9.815632
27.23980,0.040847,-0.018945,9.918202
27.24370,0.038841,-0.014078,9.887934
27.25560,0.040076,-0.017531,9.738458
27.26370,0.039340,-0.016902,9.667412
27.27770,0.031302,-0.019019,9.688120
27.28830,0.034754,-0.025274,9.755096
27.29620,0.030059,-0.021052,9.752284
27.30450,0.023429,-0.028424,9.741654
27.31280,0.023543,-0.026319,9.729295
27.32970,0.019088,-0.032480,9.724706
27.33790,0.009918,-0.027977,9.732776
27.34420,0.007257,-0.024761,9.738832
27.35500,0.005549,-0.034459,9.726683
27.36340,0.008120,-0.027052,9.733572
27.37630,-0.001431,-0.025064,9.738400
27.38960,-0.005918,-0.024842,9.731429
27.39740,-0.010225,-0.030562,9.721258
27.40550,-0.015367,-0.025276,9.727273
27.41400,-0.011376,-0.025078,9.724242
27.42230,-0.023449,-0.025669,9.729103
27.43870,-0.023509,-0.020986,9.727175
27.44490,-0.023510,-0.022449,9.727370
27.45500,-0.026279,-0.025104,9.723631
27.46350,-0.030904,-0.024767,9.722505
27.47590,-0.032517,-0.019168,9.733685
27.48860,-0.043957,-0.022351,9.734009
27.49660,-0.043242,-0.014914,9.728039
27.50500,-0.040100,-0.012760,9.731539
27.51320,-0.044868,-0.012381,9.726322
27.52950,-0.043010,-0.012862,9.730583
27.53800,-0.048658,-0.008985,9.738521
27.54410,-0.044872,-0.002119,9.729506
27.55360,-0.048166,0.000515,9.729804
27.57020,-0.053308,0.002332,9.726709
27.57710,-0.051084,0.004124,9.729864
27.58680,-0.050856,-0.001401,9.741307
27.59520,-0.049108,0.010354,9.728196
27.60360,-0.044080,0.006936,9.732124
27.62000,-0.047028,0.007681,9.733597
27.62800,-0.043314,0.017000,9.741043
27.63650,-0.045479,0.019506,9.731131
27.64410,-0.044715,0.017558,9.734003
27.65360,-0.037256,0.018903,9.748215
27.66980,-0.040202,0.024306,9.736215
27.67660,-0.036548,0.017866,9.740364
27.68540,-0.027816,0.022196,9.747275
27.69460,-0.031922,0.020203,9.741119
27.70280,-0.021165,0.021113,9.745443
27.71950,-0.019344,0.023562,9.733560
27.72800,-0.019882,0.027888,9.744223
27.73620,-0.011499,0.029987,9.739634
27.74340,-0.011974,0.029851,9.748048
27.75340,-0.009483,0.031139,9.752186
27.76980,-0.003842,0.031434,9.739354
27.77760,0.001511,0.025966,10.000517
27.78650,0.008158,0.027008,10.036029
27.79410,0.009679,0.028278,9.806215
27.80240,0.010761,0.032880,9.606404
27.81210,0.013224,0.033305,9.622860
27.82440,0.021946,0.030292,9.800388
27.83550,0.019125,0.022402,9.821562
27.84260,0.021985,0.029237,9.749644
27.85890,0.032426,0.026035,9.713054
27.86640,0.031814,0.026323,9.750008
27.87550,0.037502,0.022400,9.752949
27.88480,0.035469,0.014514,9.744921
27.89310,0.036994,0.017149,9.754526
27.90970,0.047218,0.010250,9.757476
27.91340,0.042342,0.011856,9.759893
27.92580,0.045679,0.013157,9.763313
27.93390,0.045150,0.009147,9.748202
27.94300,0.052636,0.011652,9.760437
27.95800,0.049210,0.007400,9.759585
27.96650,0.049086,0.002719,9.763432
27.97650,0.049762,0.001786,9.762345
27.99040,0.050545,-0.005745,9.762483
27.99850,0.053553,-0.004307,9.759197
28.00980,0.052788,-0.009682,9.751188
28.01520,0.044963,-0.014495,9.755818
28.02290,0.045501,-0.011206,9.763099
28.04350,0.037731,-0.016615,9.924659
28.05620,0.036715,-0.018807,9.765776
28.06430,0.033649,-0.015289,9.685934
28.07240,0.030421,-0.019183,9.710608
28.08930,0.026071,-0.027309,9.792416
28.09720,0.032223,-0.023472,9.788393
28.10540,0.023102,-0.026846,9.777513
28.11330,0.021636,-0.025612,9.766336
28.12980,0.013403,-0.023889,9.758269
28.13810,0.017563,-0.029466,9.776218
28.14290,0.013253,-0.026132,9.763405
28.15370,0.007170,-0.033244,9.765996
28.17040,0.004541,-0.029233,9.767537
28.17590,-0.000125,-0.034755,9.776338
28.18330,-0.005547,-0.028736,9.783839
28.19470,-0.005421,-0.030312,9.778568
28.20280,-0.015222,-0.028852,9.771945
28.21980,-0.017736,-0.023640,9.768781
28.22740,-0.020103,-0.027195,9.786973
28.23540,-0.019985,-0.023162,9.777462
28.24340,-0.026133,-0.020782,9.780544
28.25840,-0.028140,-0.018801,9.784604
28.26670,-0.034749,-0.020012,9.772965
28.27640,-0.035980,-0.016242,9.775907
28.28260,-0.034766,-0.015504,9.775314
28.29770,-0.038554,-0.013642,9.781504
28.30610,-0.043572,-0.014948,9.777196
28.31450,-0.047848,-0.017302,9.780799
28.32280,-0.048577,-0.006335,9.793211
28.33900,-0.051171,-0.002861,9.792452
28.34280,-0.048982,-0.007061,9.789787
28.35500,-0.044679,-0.006850,9.791698
28.36320,-0.045874,0.001726,9.798433
28.37610,-0.045644,-0.002542,9.793503
28.38780,-0.046818,0.007583,9.791653
28.39600,-0.046355,0.003621,9.791248
28.40410,-0.046510,0.006762,9.787909
28.42090,-0.049876,0.009930,9.786649
28.42880,-0.040217,0.009530,9.797221
28.43690,-0.040853,0.010773,9.807225
28.44270,-0.043272,0.017391,9.799048
28.45310,-0.044867,0.015631,9.794206
28.46380,-0.040219,0.024653,9.801551
28.47840,-0.037038,0.019184,9.798028
28.48670,-0.029104,0.022406,9.807073
28.49490,-0.028580,0.021442,9.810471
28.50290,-0.026786,0.025228,9.806114
28.51970,-0.019547,0.022931,9.805331
28.52790,-0.020501,0.023874,9.811149
28.53580,-0.018697,0.028194,9.802962
28.54430,-0.007383,0.029743,9.801015
28.55300,-0.011799,0.032567,9.815078
28.56910,-0.000123,0.031332,9.804230
28.57720,0.002836,0.032775,10.067760
28.58500,0.001664,0.026229,10.127986
28.59330,0.008772,0.028253,9.886067
28.61080,0.017027,0.032279,9.674757
28.61650,0.013468,0.024617,9.756650
28.62560,0.015841,0.028404,9.887634
28.63380,0.022923,0.022951,9.893985
28.64480,0.030898,0.024566,9.803925
28.65790,0.034550,0.021026,9.768041
28.66690,0.029476,0.021072,9.809256
28.67300,0.033184,0.020093,9.812250
28.68360,0.039711,0.016344,9.816631
28.69340,0.041150,0.012373,9.829769
28.71110,0.045268,0.013158,9.832673
28.71470,0.041283,0.015594,9.824104
28.72290,0.045609,0.006330,9.823478
28.73850,0.052788,0.008650,9.822490
28.74280,0.048995,0.006312,9.826353
28.75530,0.048367,0.003380,9.825635
28.76370,0.050930,0.006849,9.824900
28.77650,0.052553,-0.002687,9.822320
28.78870,0.048275,-0.008129,9.836811
28.79710,0.049384,-0.007327,9.822121
28.80510,0.043983,-0.012426,9.840478
28.81330,0.046665,-0.008528,9.832340
28.82980,0.043973,-0.017097,9.895670
28.83790,0.040734,-0.016629,10.012473
28.84220,0.041639,-0.015599,10.005128
28.85440,0.037342,-0.022043,9.847983
28.86260,0.039795,-0.020101,9.774505
28.87650,0.032260,-0.018350,9.800618
28.88630,0.032479,-0.025220,9.856517
28.89470,0.023806,-0.020754,9.876575
28.90290,0.026435,-0.029457,9.866069
28.91890,0.015821,-0.024647,9.823756
28.92670,0.016194,-0.029135,9.823473
28.93490,0.012846,-0.025851,9.838414
28.94380,0.008462,-0.024298,9.840076
28.95980,0.001658,-0.025243,9.847335
28.96730,0.003847,-0.027602,9.848883
28.97790,-0.004612,-0.026059,9.850758
28.98320,-0.006526,-0.033418,9.851762
28.99290,-0.007639,-0.025976,9.855840
29.01120,-0.011982,-0.030731,9.852500
29.01690,-0.018004,-0.026046,9.859018
29.02630,-0.021416,-0.023326,9.861711
29.03450,-0.024828,-0.028506,9.853345
29.04430,-0.022732,-0.023896,9.843827
29.05930,-0.027183,-0.027323,9.863818
29.06740,-0.031085,-0.022011,9.852602
29.07710,-0.039579,-0.018246,9.865913
29.08280,-0.038907,-0.020037,9.860668
29.09280,-0.041137,-0.014203,9.865418
29.11130,-0.040140,-0.012973,9.854001
29.11280,-0.047334,-0.010403,9.856919
29.12710,-0.043679,-0.006643,9.856100
29.13540,-0.046067,-0.004912,9.853574
29.14360,-0.050593,-0.007306,9.870104
29.15320,-0.045290,-0.008843,9.867828
29.16730,-0.053710,0.002047,9.864338
29.17610,-0.048601,0.000019,9.872677
29.18200,-0.048146,-0.000422,9.872590
29.19230,-0.046713,0.007776,9.874124
29.20880,-0.048355,0.004058,9.866817
29.21690,-0.049108,0.010827,9.872906
29.22520,-0.048697,0.012381,9.871501
29.23350,-0.045054,0.014308,9.860050
29.24300,-0.040912,0.011598,9.858237
29.25860,-0.042692,0.021758,9.872273
29.26660,-0.033423,0.024778,9.861730
29.27670,-0.034665,0.021612,9.865465
29.28210,-0.029339,0.021297,9.872897
29.29740,-0.029378,0.024676,9.879930
29.30620,-0.022215,0.024221,9.865403
29.31310,-0.021657,0.030798,9.879933
29.32960,-0.019281,0.029842,9.870243
29.33910,-0.011951,0.026099,9.867816
29.34360,-0.010914,0.027809,9.874536
29.35540,-0.004229,0.031355,9.877570
29.36270,0.001074,0.032748,9.878101
29.37610,-0.002711,0.029062,10.091838
29.38310,0.006129,0.032496,10.201220
29.39570,0.005043,0.026562,9.881255
29.40370,0.015729,0.032980,9.725571
29.41340,0.018845,0.031199,9.781130
29.42810,0.018556,0.024157,9.967534
29.43640,0.019659,0.024022,9.947627
29.44390,0.024656,0.024325,9.876418
29.45280,0.027538,0.023456,9.834763
29.46910,0.036442,0.025224,9.876725
29.47950,0.040055,0.024449,9.874611
29.48590,0.041610,0.020981,9.888678
29.49410,0.038184,0.013267,9.890439
29.50220,0.043349,0.014273,9.889569
29.51850,0.044475,0.015384,9.883749
29.52540,0.046874,0.010394,9.884785
29.53370,0.051107,0.008039,9.889631
29.54410,0.050128,0.009373,9.889399
29.55780,0.045049,0.005811,9.880742
29.56610,0.048701,0.004424,9.893124
29.57690,0.054216,-0.006037,9.887045
29.58230,0.052794,-0.000127,9.887725
29.59890,0.052738,-0.002903,9.881444
29.60670,0.051973,-0.003806,9.892171
29.61550,0.045097,-0.009071,9.887922
29.62370,0.048718,-0.013124,9.879323
29.64420,0.041876,-0.016298,10.042573
29.65690,0.039654,-0.022284,9.868404
29.66430,0.042029,-0.017100,9.818871
29.67800,0.033710,-0.017411,9.856764
29.68270,0.031990,-0.026912,9.872097
29.69980,0.030030,-0.027228,9.918081
29.71110,0.018124,-0.023636,9.898984
29.71580,0.023299,-0.029639,9.889975
29.72330,0.018182,-0.023935,9.881622
29.73950,0.012745,-0.026742,9.893463
29.74260,0.009854,-0.029237,9.895998
29.75510,0.009314,-0.030534,9.882244
29.76360,0.000706,-0.025195,9.893242
29.77530,0.002366,-0.031072,9.892280
29.78760,-0.010779,-0.031875,9.895151
29.79690,-0.007251,-0.028075,9.894282
29.80540,-0.011904,-0.026317,9.881766
29.81340,-0.020557,-0.031855,9.886587
29.82990,-0.025397,-0.025327,9.893409
29.83820,-0.025768,-0.028377,9.899159
29.84290,-0.027357,-0.026316,9.887500
29.85450,-0.028008,-0.025853,9.887832
29.86260,-0.032222,-0.017726,9.897149
29.87590,-0.038616,-0.024239,9.885048
29.88750,-0.040166,-0.020737,9.884009
29.89560,-0.039407,-0.013400,9.897908
29.90320,-0.038314,-0.020198,9.894459
29.91900,-0.050417,-0.016832,9.896269
29.92750,-0.045887,-0.009187,9.884021
29.93550,-0.042990,-0.006757,9.888666
29.94310,-0.052150,-0.008451,9.879756
29.95200,-0.051578,-0.007656,9.882978
29.96870,-0.045968,0.000044,9.887235
29.97760,-0.049463,-0.001641,9.898743
29.98460,-0.048707,0.001071,9.893158
30.00150,-0.052820,0.004537,9.897339
